ID	F25	F26	F27	F28	F29	F30	F19	F20	F21	F22	F23	F24	F2	F3	F4	F5	F6	F99	F7	F8	F9	F10	F11	F12	F13	F14	F15	F16	F17	F18	C95	C96	C97	C98	C99	C100
Group	ACLF.Gly	ACLF.Gly	ACLF.Gly	ACLF.Gly	ACLF.Gly	ACLF.Gly	ACLF.ABX	ACLF.ABX	ACLF.ABX	ACLF.ABX	ACLF.ABX	ACLF.ABX	FMT.CC	FMT.CC	FMT.CC	FMT.CC	FMT.CC	FMT.CC	FMT.DC	FMT.DC	FMT.DC	FMT.DC	FMT.DC	FMT.DC	FMT.ACLF	FMT.ACLF	FMT.ACLF	FMT.ACLF	FMT.ACLF	FMT.ACLF	FMT.CHB	FMT.CHB	FMT.CHB	FMT.CHB	FMT.CHB	FMT.CHB
simpson_alpha	0.98	0.978	0.979	0.982	0.983	0.982	0.959	0.96	0.956	0.965	0.964	0.97	0.985	0.985	0.984	0.985	0.985	0.985	0.975	0.977	0.978	0.977	0.975	0.975	0.974	0.972	0.976	0.974	0.974	0.975	0.97	0.966	0.963	0.972	0.97	0.965
shannon_alpha	6.906	6.759	6.794	7.003	7.02	7.002	5.83	5.828	5.791	5.944	5.953	6.222	6.92	6.975	6.932	6.979	6.963	6.924	6.348	6.59	6.646	6.586	6.566	6.439	6.337	6.319	6.427	6.395	6.354	6.364	6.533	6.234	6.163	6.535	6.32	6.199
k__Bacteria|p__Bacillota|c__Bacilli|o__Erysipelotrichales|f__Erysipelotrichaceae|g__Allobaculum|s__unclassified_Allobaculum	0.040769530623008	0.0600536561876591	0.0159363463346403	0.059595056293137	0.0429478801219876	0.0549402673637385	0.102290706473138	0.1181582628236	0.112700924078787	0.0967187177546949	0.0969938776914081	0.0987365572905918	0.0372153814404623	0.0290293733232441	0.0363669716355965	0.0307261929329756	0.0405402306757469	0.0387975510765633	9.17199789044048e-05	0.000137579968356607	2.29299947261012e-05	9.17199789044048e-05	0	0.000137579968356607	0.00254522941459723	0.00323312925638027	0.00249936942514503	0.00176560959390979	0.00128407970466167	0.00300382930911926	0.127261470729862	0.121781201990324	0.138199078214212	0.117034693082021	0.105523835729518	0.130196510054803
k__Bacteria|p__Bacteroidota|c__Bacteroidia|o__Bacteroidales|f__Muribaculaceae|g__unclassified_Muribaculaceae|s__unclassified_Muribaculaceae	0.0554447272477127	0.054825617390108	0.0616587558184862	0.0422829102749306	0.0431542500745225	0.0433835500217835	0.107358235307606	0.0955263580289376	0.115108573525028	0.0958932379445553	0.0972919676228474	0.0739033730022242	0.0254981541354245	0.0240306344729541	0.0284102634656394	0.0266446538717296	0.0256357341037812	0.0255669441196029	0.0244204443832978	0.0183210657861549	0.0178853958863589	0.0185045057439637	0.0194217055330077	0.0249707642567242	0.0128407970466167	0.00963059778496251	0.0105707275687327	0.0101121276742106	0.00999747770058013	0.00889683795372727	0.0257274540826856	0.0375593313613538	0.0341886221366169	0.0265758638875513	0.0354956318360047	0.0359083717410745
k__Bacteria|p__Bacteroidota|c__Bacteroidia|o__Bacteroidales|f__Muribaculaceae|g__unclassified_Muribaculaceae|s__unclassified_Muribaculaceae	0	0	0	0	0	0	0.0914218889729655	0.0801174015729976	0.093554378482493	0.0790167618261448	0.0841072206553393	0.0686753342046731	0.0494141386347481	0.0491848386874871	0.0559033271422348	0.0513173281970145	0.0483134988878953	0.0498956685239962	0.0420077503382174	0.0387746210818372	0.0358854417463484	0.0349911719520304	0.0390956410080026	0.0461810093783678	0.0716562335190663	0.0540459975694206	0.0579440966728578	0.0577377267203229	0.0576460067414184	0.0420306803329435	0	0.000137579968356607	4.58599894522024e-05	9.17199789044048e-05	6.87899841783036e-05	9.17199789044048e-05
k__Bacteria|p__Bacteroidota|c__Bacteroidia|o__Bacteroidales|f__Muribaculaceae	0.0626676755864346	0.0592052463827933	0.05663708697347	0.0465249592992594	0.0498268785398179	0.0485657288298824	0.000298089931439316	0.000389809910343721	0.000343949920891518	0.00018343995780881	0.000275159936713215	0.000298089931439316	0.000252229941987113	0.000229299947261012	0.000298089931439316	0.00018343995780881	0.000298089931439316	0.000298089931439316	0.00343949920891518	0.00238471945151453	0.00217834949897962	0.00272866937240604	0.00259108940404944	0.00327898924583247	0.0142395267249089	0.0119694572470248	0.012680287083534	0.0143541766985394	0.0126114970993557	0.0105936575634588	0.0691339340991952	0.0922932287725574	0.087684299832611	0.071587443534888	0.088578569626929	0.0819518011510857
k__Bacteria|p__Bacillota|c__Clostridia|o__Clostridia_UCG-014|f__unclassified_Clostridia_UCG-014|g__unclassified_Clostridia_UCG-014|s__unclassified_Clostridia_UCG-014	0.0136662768567563	0.0110063974685286	0.0105019375845544	0.0165783861869712	0.0164408062186146	0.0157529063768315	0.049391208640022	0.0415262204489693	0.0240535644676802	0.0373071014193667	0.0386599711082066	0.0444841897686364	0	0	0	0	0	9.17199789044048e-05	0.0710141936667355	0.0816766412143725	0.0750269427438032	0.0744078328861984	0.0867900300382931	0.0739263029969503	0	0	0	0	0	0	0.00398981908234161	0.00227006947788402	0.0018343995780881	0.0036917291509023	0.00206369952534911	0.0019031895622664
k__Bacteria|p__Bacteroidota|c__Bacteroidia|o__Bacteroidales|f__Muribaculaceae|g__unclassified_Muribaculaceae|s__unclassified_Muribaculaceae	0.0210268051638348	0.0196739354749948	0.0234573846048015	0.0180000458599895	0.0172662860287542	0.0154777464401183	0.00882804796954897	0.00836944807502694	0.00919492788516659	0.00864460801174016	0.00850702804338355	0.00671848845474766	0.0244892343674761	0.0246038843411066	0.0285249134392699	0.0259338240352205	0.0228153447524707	0.0252000642039852	0.0511797482286579	0.0360000917199789	0.0390727110132765	0.0417325904015042	0.0360000917199789	0.0530600077961982	0.0264841439086469	0.0223567448579487	0.0227924147577446	0.0220127949370572	0.0239618444887758	0.0212331751163697	0.0145605466510743	0.0176331659443718	0.0170599160762193	0.0140790167618261	0.0174038659971108	0.0161656462819014
k__Bacteria|p__Bacteroidota|c__Bacteroidia|o__Bacteroidales|f__Prevotellaceae|g__unclassified_Prevotellaceae|s__unclassified_Prevotellaceae	0.010203847653115	0.0220357249317833	0.019490495517186	0.0207057852376694	0.025154204214533	0.0272866937240604	0.00930957785879709	0.0172892160234803	0.00609937859714292	0.0253605741670679	0.0163490862397102	0.0216917750108917	0.0150420765403224	0.0138726468092912	0.00442548898213753	0.00976817775331912	0.0157299763821054	0.0145146866616221	0.0486574488087868	0.037834491298067	0.0345096420627823	0.0432459700534269	0.0425580702116439	0.030588612964619	0.0177019559285501	0.0254522941459723	0.018343995780881	0.0197427254591731	0.0153630964664878	0.0276994336291303	0.0126114970993557	0.0105019375845544	0.0103414276214716	0.0207516452271216	0.0171516360551237	0.0168535461236844
k__Bacteria|p__Bacillota|c__Clostridia|o__Lachnospirales|f__Lachnospiraceae	6.87899841783036e-05	4.58599894522024e-05	0	0	0	0	0.00394395909288941	0.00220127949370572	0.00527389878700328	0.00396688908761551	0.0037146591456284	0.00437962899268533	0.0223108848684965	0.0245809543463805	0.0229758547155534	0.0247414643094632	0.0197885854486253	0.0229987847102795	0.0691568640939213	0.0714269335718053	0.073628213065511	0.0709683336772833	0.0784664419527183	0.0766549723693564	0.0202701153378735	0.0192841255646511	0.0259338240352205	0.0222650248790443	0.0221733049001399	0.0242599344202151	0.000114649973630506	0	0	6.87899841783036e-05	6.87899841783036e-05	0
k__Bacteria|p__Bacillota|c__Bacilli|o__Lactobacillales|f__Lactobacillaceae|g__Lactobacillus	0.00110063974685286	0.00213248950952741	0.00302675930384536	0.00357707917727179	0.00302675930384536	0.00318726926692807	0.00963059778496251	0.0232510146522666	0.00658090848639105	0.0222191648895921	0.031941482653459	0.0295109032124923	0.000527389878700328	0.000366879915617619	0.000229299947261012	0.000596179862878632	0.000321019926165417	0.000435669899795923	0.018343995780881	0.020155465364243	0.0173350760129325	0.0155465364242966	0.0193070555593772	0.0180229758547156	0.0996996170690881	0.110178624658916	0.0906422691522781	0.100479236889776	0.0994015271376488	0.0937148884455757	0	0	0	0	0	0
k__Bacteria|p__Bacillota|c__Bacilli|o__Erysipelotrichales|f__Erysipelotrichaceae|g__Allobaculum|s__unclassified_Allobaculum	0.0146751966247048	0.0230905046891839	0.00653504849693885	0.0221733049001399	0.0155465364242966	0.0198115154433514	0.0421682603013001	0.0471899291463163	0.0461351493889156	0.0394625209236202	0.03987526082869	0.040769530623008	0.0143312467038133	0.0109376074843503	0.0138726468092912	0.0119465272522987	0.0155694664190227	0.0156153264084749	0	0	0	0	0	0	0.000985989773222352	0.00110063974685286	0.000985989773222352	0.000664969847056935	0.000435669899795923	0.00119235972575726	0.0361147416936094	0.0384536011556717	0.0448739996789801	0.0340051821788081	0.0318497626745546	0.0405402306757469
k__Bacteria|p__Bacteroidota|c__Bacteroidia|o__Bacteroidales|f__Muribaculaceae|g__unclassified_Muribaculaceae|s__unclassified_Muribaculaceae	0.00914906789571438	0.0131618169727821	0.0126344270940818	0.0149274265666919	0.0175643759601935	0.0164178762238885	0.00580128866570361	0.0094930178166059	0.00518217880809887	0.0127949370571645	0.00859874802228795	0.0112586274105157	0.023342734631171	0.0259567540299466	0.00880511797482287	0.0152025865034051	0.0226319047946619	0.0205223452798606	0.0255669441196029	0.0227236247735663	0.0254064341565201	0.0278140836027608	0.0223567448579487	0.0159134163399142	0.0113732773841462	0.0143083167090872	0.0121987571942858	0.012015317236477	0.012015317236477	0.0191006856068423	0.017908325881085	0.0184815757492376	0.0178166059021806	0.0243287244043934	0.0265758638875513	0.026277773956112
k__Bacteria|p__Bacteroidota|c__Bacteroidia|o__Bacteroidales|f__Muribaculaceae|g__unclassified_Muribaculaceae|s__unclassified_Muribaculaceae	0.0019490495517186	0.00252229941987113	0.00302675930384536	0.00215541950425351	0.00171974960445759	0.0019031895622664	0.0216000550319873	0.0175643759601935	0.0135286968883997	0.0180000458599895	0.0193070555593772	0.014721056614157	0.0178624658916328	0.0147669166036092	0.0174267959918369	0.0172433560340281	0.0181376258283461	0.019261195569925	0.0249707642567242	0.0177019559285501	0.0174955859760152	0.0192841255646511	0.0180229758547156	0.0243057944096673	0.0384536011556717	0.0392332209763592	0.0464561693150811	0.0445071197633625	0.0472357891357685	0.0427415101694527	0.00121528972048336	0.00139872967829217	0.00158216963610098	0.00107770975212676	0.00132993969411387	0.00130700969938777
k__Bacteria|p__Bacillota|c__Clostridia|o__Lachnospirales|f__Lachnospiraceae	0.010639517552911	0.00983696773749742	0.0121987571942858	0.00926371786934489	0.00976817775331912	0.00958473779551031	0.0101350576689367	0.00637453853385614	0.0106624475476371	0.0103414276214716	0.0104331476003761	0.0119235972575726	0.0417325904015042	0.0496892985714613	0.0471440691568641	0.0467542592465204	0.0444612597739103	0.0425580702116439	0.0101579876636628	0.0105707275687327	0.01041021760565	0.0100204076953062	0.00992868771640183	0.0114191373735984	0.0141936667354567	0.010639517552911	0.0185045057439637	0.0143771066932655	0.0135516268831258	0.0163949462291624	0.00334777923001078	0.00265987938822774	0.00316433927220197	0.00291210933021485	0.00300382930911926	0.00293503932494096
k__Bacteria|p__Bacteroidota|c__Bacteroidia|o__Bacteroidales|f__Muribaculaceae|g__unclassified_Muribaculaceae|s__unclassified_Muribaculaceae	0.0239159844993236	0.0227465547682924	0.0267593038453601	0.0193070555593772	0.0201096053747908	0.0191465455962945	0.0128866570360689	0.0136433468620302	0.0133911169200431	0.0114191373735984	0.0128407970466167	0.0104790075898283	0.0279058035816652	0.0274472036871432	0.0262319139666598	0.0270803237715255	0.0266217238770035	0.0265529338928252	0.00465478892939855	0.00353121918781959	0.00364586916145009	0.0037375891403545	0.00341656921418908	0.00488408887665956	0.00928664786407099	0.0094242278324276	0.0106853775423632	0.012244617183738	0.0101121276742106	0.0101809176583889	0.0115796473366811	0.0125197771204513	0.0116025773314072	0.00956180780078421	0.011786017289216	0.0133452569305909
k__Bacteria|p__Bacillota|c__Clostridia|o__Lachnospirales|f__Lachnospiraceae|g__Lachnospiraceae_NK4A136_group|s__Trichinella_pseudospiralis	0.0534039577170897	0.0518676480704409	0.0591593863933411	0.0497122285661874	0.0528765678383894	0.051202678223384	0.0100433376900323	0.00745224828598289	0.0119465272522987	0.0109605374790764	0.0110751874527069	0.0120841072206553	0.00825479810139644	0.010203847653115	0.010203847653115	0.00924078787461879	0.00765861823851781	0.00887390795900117	0.00293503932494096	0.00268280938295384	0.00256815940932334	0.00270573937767994	0.00259108940404944	0.00291210933021485	0.000412739905069822	0.000298089931439316	0.000802549815413542	0.000481529889248125	0.000504459883974227	0.000596179862878632	0.00582421866042971	0.0056866386920731	0.00534268877118158	0.0056866386920731	0.00552612872899039	0.00488408887665956
k__Bacteria|p__Bacteroidota|c__Bacteroidia|o__Bacteroidales|f__Muribaculaceae|g__unclassified_Muribaculaceae|s__unclassified_Muribaculaceae	0.0204076953062301	0.0207745752218477	0.0217376350003439	0.0170828460709454	0.0166013161816973	0.0162802962555319	0.00339363921946298	0.00279745935658435	0.0037834491298067	0.00298089931439316	0.00270573937767994	0.00272866937240604	0.0319873426429112	0.0320790626218156	0.0388204810712894	0.0341427621471647	0.0316892527114719	0.0296484831808489	0.0199720254064342	0.0144688266721699	0.0148815665772397	0.0150420765403224	0.01540895645594	0.0216917750108917	0.0166013161816973	0.0124280571415469	0.0143312467038133	0.0138497168145651	0.0148127765930614	0.0121987571942858	0	0	0	0	0	0
k__Bacteria|p__Bacillota|c__Clostridia|o__Lachnospirales|f__Lachnospiraceae	0.0231592946733622	0.0231363646786361	0.026048474008851	0.020384765311504	0.0228382747471968	0.0242599344202151	0.00284331934603655	0.00229299947261012	0.00332484923528468	0.00272866937240604	0.00286624934076265	0.00341656921418908	0.0208662952007521	0.0263924239297425	0.0265529338928252	0.0236408245626104	0.0230675746944578	0.0233885946206232	0.00339363921946298	0.00298089931439316	0.00295796931966706	0.00293503932494096	0.00321019926165417	0.00265987938822774	0.00110063974685286	0.000825479810139644	0.00171974960445759	0.00112356974157896	0.000894269794317947	0.00116942973103116	0.0299465731122882	0.0258879640457683	0.0263007039508381	0.0285019834445438	0.027630643644952	0.0256586640985073
k__Bacteria|p__Bacteroidota|c__Bacteroidia|o__Bacteroidales|f__Muribaculaceae|g__unclassified_Muribaculaceae|s__unclassified_Muribaculaceae	0.00538854876063379	0.00550319873426429	0.00580128866570361	0.00449427896631584	0.0038063791245328	0.0037375891403545	0.0264841439086469	0.0223796748526748	0.026277773956112	0.0234344546100754	0.0234803145995276	0.0177707459127284	0.0127490770677123	0.0119694572470248	0.0143083167090872	0.0130471669991516	0.0121299672101075	0.0132076769622343	0.0301529430648231	0.0239159844993236	0.0226777647841141	0.0232510146522666	0.024237004425489	0.0314140927747587	0.0186879457017725	0.0144458966774438	0.0155006764348444	0.0157758363715576	0.016991126092041	0.0148357065877875	0.00110063974685286	0.000963059778496251	0.00121528972048336	0.00121528972048336	0.00169681960973149	0.00142165967301828
k__Bacteria|p__Bacteroidota|c__Bacteroidia|o__Bacteroidales|f__Muribaculaceae|g__unclassified_Muribaculaceae|s__unclassified_Muribaculaceae	0.0118548072733943	0.0119006672628465	0.0148357065877875	0.009515947811332	0.00969938776914081	0.00995161771112793	0.0113044873999679	0.0111898374263374	0.0125427071151774	0.0119694572470248	0.0108229575107198	0.00891976794845337	0.0208892251954782	0.0185962257228681	0.0214395450689046	0.0209350851849304	0.0201096053747908	0.0198803054275298	0.00894269794317947	0.00687899841783036	0.00708536837036527	0.00694778840200867	0.00637453853385614	0.00896562793790557	0.0189172456490335	0.0143083167090872	0.0161197862924492	0.0181376258283461	0.0171745660498498	0.0159134163399142	0.0129783770149733	0.0179541858705373	0.0191236156015684	0.0148127765930614	0.0180917658388939	0.0204994152851345
k__Bacteria|p__Bacteroidota|c__Bacteroidia|o__Bacteroidales|f__Muribaculaceae|g__unclassified_Muribaculaceae|s__unclassified_Muribaculaceae	0.00504459883974227	0.0104331476003761	0.00979110774804522	0.00855288803283575	0.0112815574052418	0.0105248675792805	0.0094471578271537	0.0134828368989475	0.00632867854440394	0.0173121460182064	0.0130013070096994	0.0118777372681204	0.00921785787989269	0.00651211850221274	0.00318726926692807	0.00509045882919447	0.0094012978377015	0.00875925798537066	0.00694778840200867	0.00529682878172938	0.00522803879755108	0.00605351860769072	0.0056866386920731	0.00476943890302905	0.0381325812295063	0.0347389420100433	0.0373071014193667	0.0349911719520304	0.0336612322579166	0.0576001467519662	0.00465478892939855	0.00541147875535989	0.00506752883446837	0.0057554286762514	0.00678727843892596	0.00687899841783036
k__Bacteria|p__Bacillota|c__Clostridia|o__Lachnospirales|f__Lachnospiraceae|g__Lachnospiraceae_UCG-006|s__unclassified_Lachnospiraceae_UCG-006	0.0204764852904084	0.021072665153287	0.0226319047946619	0.0229987847102795	0.0208662952007521	0.0199490954117081	0.0169223361078627	0.0170369860814932	0.0213478250900002	0.0168994061131366	0.0153172364770356	0.0198803054275298	0.000917199789044048	0.00158216963610098	0.00135286968883997	0.000963059778496251	0.00112356974157896	0.00114649973630506	0.00240764944624063	0.00300382930911926	0.00300382930911926	0.00247643943041893	0.00275159936713215	0.00240764944624063	0.0233656646258971	0.0147898465983353	0.0228612047419229	0.0247185343147371	0.0247643943041893	0.0268968838137167	0.00220127949370572	0.00227006947788402	0.00220127949370572	0.0019490495517186	0.00199490954117081	0.00162802962555319
k__Bacteria|p__Bacteroidota|c__Bacteroidia|o__Bacteroidales|f__Muribaculaceae|g__unclassified_Muribaculaceae|s__unclassified_Muribaculaceae	0.00497580885556396	0.00424204902432872	0.00467771892412465	0.00339363921946298	0.00337070922473688	0.00350828919309349	0.00800256815940932	0.00745224828598289	0.00841530806447915	0.00715415835454358	0.00715415835454358	0.0055949187131687	0.00671848845474766	0.00720001834399578	0.00779619820687441	0.00687899841783036	0.00717708834926968	0.00660383848111715	0.0289147233496136	0.0211643851321914	0.0236178945678843	0.0241452844465846	0.00201783953589691	0.0248790442778198	0.0233656646258971	0.0182752057967027	0.0191465455962945	0.0218293549792484	0.0198803054275298	0.0185045057439637	0	0	4.58599894522024e-05	0	4.58599894522024e-05	0
k__Bacteria|p__Bacteroidota|c__Bacteroidia|o__Bacteroidales|f__Muribaculaceae|g__unclassified_Muribaculaceae|s__unclassified_Muribaculaceae	0.00995161771112793	0.00793377817523102	0.00871339799591846	0.00832358808557474	0.0076127582490656	0.00795670816995712	0.0188713856595813	0.0197885854486253	0.0216688450161656	0.0195134255119121	0.0185045057439637	0.0150191465455963	0.0108229575107198	0.00896562793790557	0.0116025773314072	0.011327417394694	0.00905734791680998	0.00967645777441471	0.00926371786934489	0.00791084818050492	0.00816307812249203	0.00825479810139644	0.00903441792208388	0.0102726376372933	0.0147898465983353	0.0121758271995597	0.0120382472312031	0.0117172273050377	0.0120841072206553	0.00928664786407099	0	0	0	0	0	0
k__Bacteria|p__Bacteroidota|c__Bacteroidia|o__Bacteroidales|f__Muribaculaceae|g__unclassified_Muribaculaceae|s__unclassified_Muribaculaceae	0.0094242278324276	0.00862167801701406	0.00885097796427507	0.00699364839146087	0.00740638829653069	0.00710829836509138	0.0157299763821054	0.0131618169727821	0.0165095962027929	0.0131618169727821	0.0142853867143611	0.0121758271995597	0.0146751966247048	0.0136433468620302	0.0133911169200431	0.0138726468092912	0.0134828368989475	0.0146064066405265	0.00178853958863589	0.00132993969411387	0.00135286968883997	0.00149044965719658	0.00126114970993557	0.00132993969411387	0.00433376900323313	0.00440255898741143	0.00490701887138566	0.00520510880282498	0.00506752883446837	0.00472357891357685	0.0121528972048336	0.014491756666896	0.012909587030795	0.0111439774368852	0.0141248767512783	0.0127261470729862
k__Bacteria|p__Bacteroidota|c__Bacteroidia|o__Bacteroidales|f__Muribaculaceae|g__unclassified_Muribaculaceae|s__unclassified_Muribaculaceae	0.0075439682648873	0.016303226250258	0.0160509963082708	0.0135516268831258	0.0182981357914288	0.0166701061658756	0.0018802595675403	0.00304968929857146	0.00167388961500539	0.00490701887138566	0.00307261929329756	0.00256815940932334	0.0038293091192589	0.00327898924583247	0.00135286968883997	0.00263694939350164	0.003852239113985	0.0037146591456284	0.00823186810667034	0.00720001834399578	0.00603058861296462	0.00852995803810965	0.00667262846529545	0.00630574854967783	0.00470064891885075	0.00467771892412465	0.00541147875535989	0.00488408887665956	0.00451720896104194	0.00678727843892596	0.0114879273577767	0.0174038659971108	0.0152025865034051	0.0186191557175942	0.0230217147050056	0.0239847744835019
k__Bacteria|p__Bacteroidota|c__Bacteroidia|o__Bacteroidales|f__Muribaculaceae|g__unclassified_Muribaculaceae|s__unclassified_Muribaculaceae	0.00321019926165417	0.00327898924583247	0.00437962899268533	0.00238471945151453	0.00295796931966706	0.00288917933548875	0.00731466831762629	0.00770447822797001	0.00825479810139644	0.00768154823324391	0.00667262846529545	0.0057324986815253	0.00623695856549953	0.00580128866570361	0.00591593863933411	0.00621402857077343	0.00580128866570361	0.0057554286762514	0.00465478892939855	0.00300382930911926	0.00339363921946298	0.00339363921946298	0.00348535919836738	0.00454013895576804	0.00855288803283575	0.00724587833344798	0.00713122835981748	0.00797963816468322	0.007475178280709	0.00715415835454358	0.0208892251954782	0.0256128041090551	0.0238013345256931	0.0194446355277338	0.0252917841828896	0.0247414643094632
k__Bacteria|p__Bacteroidota|c__Bacteroidia|o__Bacteroidales|f__Muribaculaceae|g__unclassified_Muribaculaceae|s__unclassified_Muribaculaceae	0.0487950287771434	0.0432918300428791	0.0422141202907523	0.0400587007864988	0.0394625209236202	0.0383618811767673	0	0	0	0	0	0	0	0	0	0	0	0	0	0	0	0	0	0	0	0	0	0	0	0	0	0	0	0	0	0
k__Bacteria|p__Bacteroidota|c__Bacteroidia|o__Bacteroidales|f__Muribaculaceae|g__unclassified_Muribaculaceae|s__unclassified_Muribaculaceae	0.000343949920891518	0.000733759831235239	0.000527389878700328	0.000664969847056935	0.000596179862878632	0.000848409804865745	0.00809428813831373	0.0136204168673041	0.00472357891357685	0.0173350760129325	0.0118318772786682	0.0108458875054459	0.0178395358969067	0.0143083167090872	0.00671848845474766	0.012015317236477	0.0157529063768315	0.0160739263029969	0.022884134736649	0.0171974960445759	0.0157299763821054	0.0186191557175942	0.01676182614478	0.0149274265666919	0.0019719795464447	0.0018343995780881	0.001811469583362	0.00171974960445759	0.0019719795464447	0.00213248950952741	0	0	0	0	0	0
k__Bacteria|p__Bacillota|c__Clostridia|o__Lachnospirales|f__Lachnospiraceae	0.00421911902960262	0.00444841897686364	0.00499873885029006	0.00426497901905483	0.00417325904015042	0.00428790901378093	0.00421911902960262	0.00330191924055857	0.00527389878700328	0.00495287886083786	0.00437962899268533	0.00472357891357685	0.0171516360551237	0.017449725986563	0.0200408153906125	0.0182981357914288	0.0170140560867671	0.0190777556121162	0.00167388961500539	0.00155923964137488	0.00165095962027929	0.00153630964664878	0.0018343995780881	0.00174267959918369	0.0138726468092912	0.00981403774277132	0.0141478067460044	0.0127720070624384	0.0159363463346403	0.0154318864506661	0.00621402857077343	0.00625988856022563	0.00525096879227718	0.00548026873953819	0.00621402857077343	0.00520510880282498
k__Bacteria|p__Bacteroidota|c__Bacteroidia|o__Bacteroidales|f__Muribaculaceae|g__unclassified_Muribaculaceae|s__unclassified_Muribaculaceae	0.000229299947261012	0.000550319873426429	0.000779619820687441	0.000504459883974227	0.00075668982596134	0.000802549815413542	0.00779619820687441	0.0116713673155855	0.0056866386920731	0.0168764761184105	0.0121987571942858	0.0114879273577767	0.0167847561395061	0.0129554470202472	0.00628281855495173	0.0112127674210635	0.0163261562449841	0.0169452661025888	0.0216229850267134	0.0168994061131366	0.0166701061658756	0.0194217055330077	0.0165554561922451	0.0141478067460044	0.001811469583362	0.00155923964137488	0.00128407970466167	0.0019261195569925	0.0018343995780881	0.00224713948315792	0	0	0	0	0	2.29299947261012e-05
k__Bacteria|p__Thermodesulfobacteriota|c__Desulfovibrionia|o__Desulfovibrionales|f__Desulfovibrionaceae|g__Desulfovibrio	0.00891976794845337	0.00486115888193346	0.00667262846529545	0.00722294833872188	0.00736052830707849	0.00694778840200867	0.0132076769622343	0.0149044965719658	0.0145146866616221	0.0141019467565522	0.0142165967301828	0.0178624658916328	0.00910320790626218	0.00891976794845337	0.00669555846002155	0.0110522574579808	0.00999747770058013	0.0112356974157896	0.00509045882919447	0.00715415835454358	0.00910320790626218	0.00779619820687441	0.00724587833344798	0.00534268877118158	0.00268280938295384	0.005663708697347	0.00355414918254569	0.00389809910343721	0.00321019926165417	0.0036917291509023	0.0038293091192589	0.00268280938295384	0.001811469583362	0.00286624934076265	0.00204076953062301	0.0018573295728142
k__Bacteria|p__Bacteroidota|c__Bacteroidia|o__Bacteroidales|f__Muribaculaceae|g__unclassified_Muribaculaceae|s__unclassified_Muribaculaceae	0.00282038935131045	0.00300382930911926	0.00279745935658435	0.00227006947788402	0.00265987938822774	0.0018802595675403	0.0166930361606017	0.0139185067987434	0.0171057760656715	0.0141936667354567	0.0150191465455963	0.0123134071679164	0.00447134897158974	0.00364586916145009	0.00497580885556396	0.00405860906651991	0.00408153906124602	0.00440255898741143	0.00635160853913004	0.00534268877118158	0.00442548898213753	0.00584714865515581	0.00428790901378093	0.00685606842310426	0.00609937859714292	0.0076356882437917	0.00474650890830295	0.00722294833872188	0.00593886863406021	0.00522803879755108	0.00901148792735778	0.0103184976267455	0.0106624475476371	0.00898855793263168	0.0105477975740066	0.00908027791153608
k__Bacteria|p__Bacillota|c__Bacilli|o__Erysipelotrichales|f__Erysipelotrichaceae|g__Faecalibaculum	0.000412739905069822	0.00103184976267455	0.000871339799591846	0.000985989773222352	0.00110063974685286	0.000894269794317947	0.0215541950425351	0.0255440141248768	0.0232739446469927	0.0219898649423311	0.0224943248263053	0.023572034578432	0.00502166884501617	0.00387516910871111	0.00486115888193346	0.00357707917727179	0.0056407787026209	0.00492994886611176	0.00304968929857146	0.00515924881337277	0.00405860906651991	0.003852239113985	0.00364586916145009	0.0037834491298067	0.00885097796427507	0.0132993969411387	0.0105936575634588	0.00866753800646626	0.00476943890302905	0.011098117447433	0	4.58599894522024e-05	0	2.29299947261012e-05	4.58599894522024e-05	4.58599894522024e-05
k__Bacteria|p__Bacillota|c__Clostridia|o__Lachnospirales|f__Lachnospiraceae|g__Lachnospiraceae_UCG-006|s__unclassified_Lachnospiraceae_UCG-006	0.0159134163399142	0.0166013161816973	0.0185045057439637	0.0158904863451881	0.0179541858705373	0.0168306161289583	0.00830065809084864	0.00740638829653069	0.00864460801174016	0.00814014812776593	0.007475178280709	0.00912613790098828	0.00891976794845337	0.009515947811332	0.00999747770058013	0.00901148792735778	0.00846116805393135	0.00850702804338355	0.00103184976267455	0.00121528972048336	0.00139872967829217	0.00107770975212676	0.00139872967829217	0.00132993969411387	0.00304968929857146	0.0019031895622664	0.00288917933548875	0.00348535919836738	0.00366879915617619	0.00286624934076265	0.000389809910343721	0.000321019926165417	0.000343949920891518	0.000298089931439316	0.000321019926165417	0.000343949920891518
k__Bacteria|p__Bacillota|c__Bacilli|o__Erysipelotrichales|f__Erysipelotrichaceae|g__Dubosiella|s__unclassified_Dubosiella	0.000114649973630506	0.000412739905069822	0.000366879915617619	0.000343949920891518	0.000321019926165417	0.000619109857604733	0.000527389878700328	0.000802549815413542	0.000642039852330834	0.000664969847056935	0.000917199789044048	0.000917199789044048	0.0057324986815253	0.00454013895576804	0.0056178487078948	0.00467771892412465	0.00639746852858224	0.00612230859186902	0.0170369860814932	0.0241452844465846	0.0216229850267134	0.0201096053747908	0.018573295728142	0.019261195569925	9.17199789044048e-05	0.00018343995780881	9.17199789044048e-05	0	0	0	0.00983696773749742	0.00960766779023641	0.00933250785352319	0.00956180780078421	0.00843823805920525	0.0094930178166059
k__Bacteria|p__Bacteroidota|c__Bacteroidia|o__Bacteroidales|f__Marinifilaceae|g__Odoribacter|s__unclassified_Odoribacter	0.0109605374790764	0.0264382839191947	0.0367797115406663	0.0224026048474009	0.0196280754855426	0.0192153355804728	0	0	0	0	0	0	0.00788791818577882	0.00538854876063379	0.00277452936185825	0.00832358808557474	0.00745224828598289	0.00591593863933411	0	0	0	0	0	0	0.000664969847056935	0.00094012978377015	0.000963059778496251	0.00100891976794845	0.000710829836509138	0.00105477975740066	0.0102955676320194	0.0076356882437917	0.012450987136273	0.00545733874481209	0.00541147875535989	0.00531975877645548
k__Bacteria|p__Bacteroidota|c__Bacteroidia|o__Bacteroidales|f__Muribaculaceae|g__unclassified_Muribaculaceae|s__unclassified_Muribaculaceae	0.00217834949897962	0.00174267959918369	0.00160509963082708	0.00151337965192268	0.00135286968883997	0.00132993969411387	0	0	0	0	0	0	0.00793377817523102	0.00729173832290019	0.00791084818050492	0.00708536837036527	0.00635160853913004	0.00632867854440394	0	0	0	0	0	0	0.000458599894522024	0.000435669899795923	0.000802549815413542	0.000458599894522024	0.00057324986815253	0.000389809910343721	0.024007704478228	0.0216917750108917	0.031482882758937	0.025383504161794	0.0337758822315471	0.033087982389764
k__Bacteria|p__Campylobacterota|c__Campylobacteria|o__Campylobacterales|f__Helicobacteraceae|g__Helicobacter|s__Helicobacter_typhlonius	0.000137579968356607	6.87899841783036e-05	0	6.87899841783036e-05	0.000114649973630506	0.000206369952534911	0.000733759831235239	0.000894269794317947	0.000917199789044048	0.000710829836509138	0.000481529889248125	0.00094012978377015	0.0075439682648873	0.00708536837036527	0.0100433376900323	0.00820893811194423	0.00632867854440394	0.00791084818050492	0.000160509963082709	0.000252229941987113	0.000412739905069822	0.000435669899795923	0.000504459883974227	0.000160509963082709	0.0142165967301828	0.036710921556488	0.0215541950425351	0.0217376350003439	0.021531265047809	0.0183898557703332	0.0107770975212676	0.0114420673683245	0.0100891976794845	0.00988282772694962	0.0115337873472289	0.00871339799591846
k__Bacteria|p__Bacteroidota|c__Bacteroidia|o__Bacteroidales|f__Marinifilaceae|g__Odoribacter|s__unclassified_Odoribacter	0.0186191557175942	0.0146522666299787	0.0156611863979271	0.0135286968883997	0.0143541766985394	0.0138955768040173	0	0	0	0	0	0	0.00548026873953819	0.00587007864988191	0.00550319873426429	0.00515924881337277	0.00520510880282498	0.00456306895049414	0	0	0	0	0	0	0.000825479810139644	0.000825479810139644	0.00105477975740066	0.00100891976794845	0.00112356974157896	0.00116942973103116	0.0144688266721699	0.0146064066405265	0.014262456719635	0.013368186925317	0.0138955768040173	0.0128637270413428
k__Bacteria|p__Bacillota|c__Bacilli|o__Lactobacillales|f__Lactobacillaceae|g__Lactobacillus	0.00249936942514503	0.00428790901378093	0.00513631881864667	0.0057095686867992	0.00529682878172938	0.00433376900323313	0.00256815940932334	0.00690192841255647	0.00247643943041893	0.00628281855495173	0.00910320790626218	0.00850702804338355	0.0094930178166059	0.00855288803283575	0.00506752883446837	0.0131847469675082	0.0121070372153814	0.0106165875581849	0.00885097796427507	0.0109605374790764	0.00935543784824929	0.00717708834926968	0.0105248675792805	0.00956180780078421	0.00651211850221274	0.00715415835454358	0.0057324986815253	0.005663708697347	0.00589300864460801	0.0055949187131687	0.000802549815413542	0.000206369952534911	0.000435669899795923	0.000458599894522024	0.000160509963082709	0.000229299947261012
k__Bacteria|p__Bacteroidota|c__Bacteroidia|o__Bacteroidales|f__Bacteroidaceae|g__Bacteroides	0.00403567907179381	0.00208662952007521	0.0019031895622664	0.0037834491298067	0.00357707917727179	0.00353121918781959	0.00715415835454358	0.00479236889775515	0.00460892893994634	0.00417325904015042	0.00511338882392057	0.0075898282543395	0.000802549815413542	0.000458599894522024	0.000642039852330834	0.000687899841783036	0.000596179862878632	0.000802549815413542	0	0.000435669899795923	0.000458599894522024	0.000550319873426429	0.000642039852330834	0.000160509963082709	0.012909587030795	0.0191236156015684	0.0155465364242966	0.0102497076425672	0.0170369860814932	0.0150879365297746	0.0159592763293664	0.0130930269886038	0.0124051271468208	0.0146064066405265	0.0116255073261333	0.0112356974157896
k__Bacteria|p__Bacteroidota|c__Bacteroidia|o__Bacteroidales|f__Muribaculaceae|g__unclassified_Muribaculaceae|s__unclassified_Muribaculaceae	0.0150650065350485	0.0136433468620302	0.0182064158125244	0.0124280571415469	0.0125197771204513	0.0122904771731902	0.00169681960973149	0.00222420948843182	0.00169681960973149	0.0019031895622664	0.00174267959918369	0.00142165967301828	0.0152943064823095	0.0127490770677123	0.013368186925317	0.0136662768567563	0.0126344270940818	0.0131618169727821	0.000343949920891518	0.000527389878700328	0.000458599894522024	0.00057324986815253	0.000458599894522024	0.000596179862878632	0.00740638829653069	0.00644332851803444	0.00655797849166495	0.00710829836509138	0.00667262846529545	0.00582421866042971	0	0	0	0	0	0
k__Bacteria|p__Bacteroidota|c__Bacteroidia|o__Bacteroidales|f__Muribaculaceae|g__unclassified_Muribaculaceae|s__unclassified_Muribaculaceae	0.00123821971520947	0.000963059778496251	0.00160509963082708	0.000985989773222352	0.000687899841783036	0.000710829836509138	0.00529682878172938	0.00440255898741143	0.0056866386920731	0.00486115888193346	0.00433376900323313	0.00314140927747587	0.00979110774804522	0.00930957785879709	0.0103184976267455	0.010203847653115	0.00834651808030084	0.00924078787461879	0.00681020843365206	0.00495287886083786	0.00472357891357685	0.0055949187131687	0.00490701887138566	0.0075439682648873	0.007475178280709	0.00589300864460801	0.0056178487078948	0.00662676847584325	0.00637453853385614	0.00545733874481209	0.00791084818050492	0.0110751874527069	0.00935543784824929	0.00779619820687441	0.00896562793790557	0.00958473779551031
k__Bacteria|p__Bacteroidota|c__Bacteroidia|o__Bacteroidales|f__Muribaculaceae|g__unclassified_Muribaculaceae|s__unclassified_Muribaculaceae	0	0	0	0	0	0	0.0164637362133407	0.0138955768040173	0.0164178762238885	0.0142395267249089	0.0146064066405265	0.0124968471257252	0.00738345830180459	0.00692485840728257	0.007475178280709	0.00678727843892596	0.00701657838618697	0.00639746852858224	0.00715415835454358	0.00557198871844259	0.0055949187131687	0.00548026873953819	0.0056866386920731	0.00779619820687441	0	0	0	0	0	0	0.00589300864460801	0.00910320790626218	0.00816307812249203	0.00699364839146087	0.00841530806447915	0.00706243837563917
k__Bacteria|p__Bacteroidota|c__Bacteroidia|o__Bacteroidales|f__Muribaculaceae|g__unclassified_Muribaculaceae|s__unclassified_Muribaculaceae	0.00174267959918369	0.00153630964664878	0.00139872967829217	0.00126114970993557	0.00137579968356607	0.00121528972048336	0.00513631881864667	0.00490701887138566	0.00589300864460801	0.00511338882392057	0.00474650890830295	0.00396688908761551	0.00353121918781959	0.00327898924583247	0.00415032904542432	0.00353121918781959	0.00403567907179381	0.00364586916145009	0.00483822888720736	0.00389809910343721	0.00337070922473688	0.00405860906651991	0.00362293916672399	0.00499873885029006	0.000206369952534911	9.17199789044048e-05	9.17199789044048e-05	0.000114649973630506	0.000229299947261012	0	0.0146981266194309	0.0229758547155534	0.0212561051110958	0.0169681960973149	0.0213707550847263	0.0214624750636307
k__Bacteria|p__Bacteroidota|c__Bacteroidia|o__Bacteroidales|f__Muribaculaceae|g__unclassified_Muribaculaceae|s__unclassified_Muribaculaceae	0.00552612872899039	0.0057324986815253	0.00609937859714292	0.00343949920891518	0.00465478892939855	0.00456306895049414	0.0124968471257252	0.0118318772786682	0.0124051271468208	0.0117172273050377	0.011556717341955	0.00880511797482287	0.00458599894522024	0.0056178487078948	0.00499873885029006	0.00582421866042971	0.00488408887665956	0.00527389878700328	0.00314140927747587	0.00229299947261012	0.00217834949897962	0.0019031895622664	0.00208662952007521	0.00288917933548875	0.00451720896104194	0.00421911902960262	0.00392102909816331	0.00394395909288941	0.00387516910871111	0.00337070922473688	0.00639746852858224	0.00653504849693885	0.00598472862351242	0.00511338882392057	0.00612230859186902	0.00699364839146087
k__Bacteria|p__Bacillota|c__Clostridia|o__Oscillospirales|f__Oscillospiraceae|g__unclassified_Oscillospiraceae	0.00449427896631584	0.00339363921946298	0.0037146591456284	0.00481529889248125	0.00541147875535989	0.00490701887138566	0.000802549815413542	0.00107770975212676	0.00123821971520947	0.000664969847056935	0.000848409804865745	0.0019261195569925	0.000779619820687441	0.000389809910343721	0.000664969847056935	0.000504459883974227	0.00075668982596134	0.000550319873426429	0.00135286968883997	0.00295796931966706	0.00360000917199789	0.00337070922473688	0.00268280938295384	0.00208662952007521	0.0153860264612139	0.0162115062713536	0.0182293458072505	0.0178624658916328	0.0184357157597854	0.0203389053220518	0.011327417394694	0.0076127582490656	0.00795670816995712	0.0111669074316113	0.00804842814886153	0.00655797849166495
k__Bacteria|p__Bacteroidota|c__Bacteroidia|o__Bacteroidales|f__Muribaculaceae|g__unclassified_Muribaculaceae|s__unclassified_Muribaculaceae	0.00144458966774438	0.00293503932494096	0.00261401939877554	0.00208662952007521	0.00332484923528468	0.00298089931439316	0.00343949920891518	0.00490701887138566	0.00243057944096673	0.0075210382701612	0.00520510880282498	0.00470064891885075	0.00852995803810965	0.00607644860241682	0.00307261929329756	0.0055949187131687	0.00800256815940932	0.00736052830707849	0.00871339799591846	0.00781912820160051	0.00642039852330834	0.00809428813831373	0.00646625851276054	0.00582421866042971	0.00903441792208388	0.00896562793790557	0.00921785787989269	0.00729173832290019	0.0075668982596134	0.0134599069042214	0.00272866937240604	0.00332484923528468	0.00268280938295384	0.00394395909288941	0.00424204902432872	0.00463185893467245
k__Bacteria|p__Bacteroidota|c__Bacteroidia|o__Bacteroidales|f__Muribaculaceae|g__Muribaculum|s__unclassified_Muribaculum	0.00252229941987113	0.00176560959390979	0.00215541950425351	0.00112356974157896	0.00149044965719658	0.00169681960973149	0.00775033821742221	0.0057095686867992	0.00683313842837816	0.00552612872899039	0.00580128866570361	0.00437962899268533	0.00543440875008599	0.0055949187131687	0.00609937859714292	0.00545733874481209	0.00541147875535989	0.0055949187131687	0.00905734791680998	0.00653504849693885	0.00658090848639105	0.00717708834926968	0.00678727843892596	0.00880511797482287	0.00451720896104194	0.00433376900323313	0.00405860906651991	0.00486115888193346	0.00447134897158974	0.0037146591456284	0.00428790901378093	0.00630574854967783	0.00552612872899039	0.00421911902960262	0.00557198871844259	0.00483822888720736
k__Bacteria|p__Bacteroidota|c__Bacteroidia|o__Bacteroidales|f__Muribaculaceae|g__unclassified_Muribaculaceae|s__unclassified_Muribaculaceae	0.0117401572997638	0.0108458875054459	0.0104560775951022	0.00972231776386691	0.00891976794845337	0.00910320790626218	0	0	0	0	0	0	0.00238471945151453	0.00201783953589691	0.00238471945151453	0.00247643943041893	0.00217834949897962	0.00215541950425351	0.00176560959390979	0.00130700969938777	0.00135286968883997	0.00167388961500539	0.00162802962555319	0.00204076953062301	0.00488408887665956	0.00348535919836738	0.00387516910871111	0.0036917291509023	0.00412739905069822	0.00353121918781959	0.009515947811332	0.0133911169200431	0.0119923872417509	0.00917199789044048	0.0119006672628465	0.0113732773841462
k__Bacteria|p__Bacteroidota|c__Bacteroidia|o__Bacteroidales|f__Rikenellaceae|g__Rikenellaceae_RC9_gut_group|s__unclassified_Rikenellaceae_RC9_gut_group	0.00415032904542432	0.00121528972048336	0.000733759831235239	0.00316433927220197	0.00341656921418908	0.00307261929329756	0	0	0	0	0	0	0.000825479810139644	0.000366879915617619	0.000435669899795923	0.000389809910343721	0.000481529889248125	0.000527389878700328	0	0.000252229941987113	0.000298089931439316	0.000160509963082709	0.000275159936713215	0	0	0	0	0	0	0	0.0291669532916007	0.0199720254064342	0.0194446355277338	0.0293045332599574	0.0191694755910206	0.0191006856068423
k__Bacteria|p__Bacteroidota|c__Bacteroidia|o__Bacteroidales|f__Bacteroidaceae|g__Bacteroides	0	0	0	0	0	0	0.000710829836509138	0.000642039852330834	0.000275159936713215	0.000435669899795923	0.000527389878700328	0.000825479810139644	0	0	0	6.87899841783036e-05	0	0	0	0	0	0	0	0	0.028547843433996	0.0401274907706771	0.0338905322051776	0.0352892618834698	0.0393249409552636	0.0360918116988833	0	0	0	0	4.58599894522024e-05	0
k__Bacteria|p__Bacteroidota|c__Bacteroidia|o__Bacteroidales|f__Muribaculaceae|g__unclassified_Muribaculaceae|s__unclassified_Muribaculaceae	0.00119235972575726	0.00094012978377015	0.00132993969411387	0.000733759831235239	0.000779619820687441	0.000664969847056935	0.0135057668936736	0.0122904771731902	0.013138886978056	0.0124739171309991	0.012244617183738	0.00981403774277132	0.000366879915617619	0.000275159936713215	0.000389809910343721	0.000389809910343721	0.000458599894522024	0.000389809910343721	0	0	0	0	0	0	0	0	0	0	0	0	0.0119923872417509	0.0152943064823095	0.012909587030795	0.011098117447433	0.0135286968883997	0.0135516268831258
k__Bacteria|p__Bacteroidota|c__Bacteroidia|o__Bacteroidales|f__Muribaculaceae|g__unclassified_Muribaculaceae|s__unclassified_Muribaculaceae	0.000848409804865745	0.00075668982596134	0.00114649973630506	0.000871339799591846	0.000619109857604733	0.000619109857604733	0.00619109857604733	0.00619109857604733	0.00664969847056935	0.00582421866042971	0.00655797849166495	0.00476943890302905	0.00366879915617619	0.00428790901378093	0.00424204902432872	0.00428790901378093	0.00401274907706771	0.00442548898213753	0.0094930178166059	0.00781912820160051	0.00628281855495173	0.00772740822269611	0.007475178280709	0.0100204076953062	0.00765861823851781	0.00674141844947376	0.00722294833872188	0.00662676847584325	0.00639746852858224	0.00614523858659512	0.00075668982596134	0.00094012978377015	0.000710829836509138	0.000550319873426429	0.00057324986815253	0.000733759831235239
k__Bacteria|p__Bacteroidota|c__Bacteroidia|o__Bacteroidales|f__Muribaculaceae|g__unclassified_Muribaculaceae|s__unclassified_Muribaculaceae	0.00387516910871111	0.00330191924055857	0.00334777923001078	0.00279745935658435	0.00286624934076265	0.00321019926165417	0.0056178487078948	0.00499873885029006	0.00557198871844259	0.00486115888193346	0.00467771892412465	0.00421911902960262	0.00431083900850703	0.00437962899268533	0.00403567907179381	0.00426497901905483	0.00421911902960262	0.00419618903487652	0.00279745935658435	0.00259108940404944	0.00247643943041893	0.00256815940932334	0.00268280938295384	0.00355414918254569	0.00355414918254569	0.00286624934076265	0.00327898924583247	0.00295796931966706	0.00293503932494096	0.00307261929329756	0.00557198871844259	0.00797963816468322	0.0076356882437917	0.00598472862351242	0.00820893811194423	0.00765861823851781
k__Bacteria|p__Bacillota|c__Bacilli|o__Erysipelotrichales|f__Erysipelotrichaceae|g__Dubosiella|s__unclassified_Dubosiella	0	0	0	0	0	0	0.00094012978377015	0.00114649973630506	0.00105477975740066	0.00075668982596134	0.00103184976267455	0.00112356974157896	0.0018802595675403	0.00162802962555319	0.00176560959390979	0.00142165967301828	0.0019261195569925	0.00199490954117081	0.0139643667881956	0.0199032354222559	0.0170369860814932	0.0218752149687006	0.0205452752745867	0.0149044965719658	0	0	0	0	0	0	0.0019261195569925	0.00151337965192268	0.00171974960445759	0.00137579968356607	0.0019719795464447	0.001811469583362
k__Bacteria|p__Bacteroidota|c__Bacteroidia|o__Bacteroidales|f__Muribaculaceae|g__unclassified_Muribaculaceae|s__unclassified_Muribaculaceae	0.0037375891403545	0.00286624934076265	0.00362293916672399	0.00291210933021485	0.00137579968356607	0.00279745935658435	0.00529682878172938	0.00486115888193346	0.00541147875535989	0.00435669899795923	0.00451720896104194	0.00318726926692807	0.00653504849693885	0.00632867854440394	0.007475178280709	0.0057554286762514	0.00598472862351242	0.00655797849166495	0	0	0	0	0	9.17199789044048e-05	0.0102497076425672	0.00694778840200867	0.00809428813831373	0.00963059778496251	0.00841530806447915	0.00818600811721813	0.00396688908761551	0.00403567907179381	0.00357707917727179	0.00309554928802366	0.003852239113985	0.0037605191350806
k__Bacteria|p__Bacillota|c__Clostridia|o__Lachnospirales|f__Lachnospiraceae	0.00130700969938777	0.00126114970993557	0.00178853958863589	0.00149044965719658	0.00144458966774438	0.00132993969411387	0.00706243837563917	0.00552612872899039	0.00733759831235239	0.00667262846529545	0.00655797849166495	0.00736052830707849	0.000504459883974227	0.000504459883974227	0.000871339799591846	0.000596179862878632	0.00075668982596134	0.000389809910343721	0.00995161771112793	0.0110522574579808	0.0137350668409346	0.0100662676847584	0.012450987136273	0.0122904771731902	0	0	0.00018343995780881	2.29299947261012e-05	6.87899841783036e-05	0	0.00169681960973149	0.00171974960445759	0.00149044965719658	0.00158216963610098	0.00123821971520947	0.0018802595675403
k__Bacteria|p__Bacillota|c__Bacilli|o__Lactobacillales|f__Lactobacillaceae|g__Ligilactobacillus	0.00346242920364128	0.00252229941987113	0.00240764944624063	0.00325605925110637	0.00396688908761551	0.00362293916672399	0.00139872967829217	0.00151337965192268	0.00139872967829217	0.00094012978377015	0.00160509963082708	0.00254522941459723	0.00224713948315792	0.00277452936185825	0.00227006947788402	0.00247643943041893	0.00291210933021485	0.00284331934603655	0.00536561876590768	0.0101579876636628	0.00926371786934489	0.0057554286762514	0.0104560775951022	0.00697071839673477	0.00495287886083786	0.0057554286762514	0.0057324986815253	0.0057095686867992	0.00543440875008599	0.00529682878172938	0.00210955951480131	0.000963059778496251	0.00146751966247048	0.00227006947788402	0.00130700969938777	0.00126114970993557
k__Bacteria|p__Bacillota|c__Clostridia|o__Lachnospirales|f__Lachnospiraceae|g__Lachnospiraceae_UCG-006|s__Clostridium_sp._ASF502	0.00238471945151453	0.00178853958863589	0.00220127949370572	0.0018343995780881	0.0019031895622664	0.00178853958863589	0.00545733874481209	0.00470064891885075	0.005663708697347	0.00527389878700328	0.00463185893467245	0.00584714865515581	0.0111210474421591	0.0130471669991516	0.0133911169200431	0.011786017289216	0.0113044873999679	0.0114191373735984	0.00149044965719658	0.0019490495517186	0.00178853958863589	0.0019031895622664	0.00206369952534911	0.00204076953062301	0.00100891976794845	0.000871339799591846	0.00105477975740066	0.00103184976267455	0.00137579968356607	0.000825479810139644	0.00107770975212676	0.00114649973630506	0.000871339799591846	0.000894269794317947	0.000802549815413542	0.000802549815413542
k__Bacteria|p__Bacteroidota|c__Bacteroidia|o__Bacteroidales|f__Muribaculaceae|g__unclassified_Muribaculaceae|s__unclassified_Muribaculaceae	0.000871339799591846	0.00128407970466167	0.00142165967301828	0.000917199789044048	0.00174267959918369	0.00103184976267455	0.00171974960445759	0.00272866937240604	0.00137579968356607	0.00389809910343721	0.00309554928802366	0.00279745935658435	0.0036917291509023	0.00353121918781959	0.00153630964664878	0.00261401939877554	0.00401274907706771	0.00346242920364128	0.0160968562977231	0.0116255073261333	0.0121987571942858	0.0148357065877875	0.012909587030795	0.0108000275159937	0.00103184976267455	0.000825479810139644	0.000963059778496251	0.00100891976794845	0.00057324986815253	0.00151337965192268	0	0	0	0	0	0
k__Bacteria|p__Bacillota|c__Clostridia|o__Lachnospirales|f__Lachnospiraceae	0.000733759831235239	0.000779619820687441	0.000642039852330834	0.000412739905069822	0.000642039852330834	0.000550319873426429	0.00300382930911926	0.00158216963610098	0.00339363921946298	0.00265987938822774	0.00236178945678842	0.00275159936713215	0.00729173832290019	0.00935543784824929	0.00816307812249203	0.00825479810139644	0.00687899841783036	0.00784205819632662	0.00869046800119236	0.00891976794845337	0.00917199789044048	0.00742931829125679	0.00965352777968861	0.00963059778496251	0	0	0	0	0	0	0.000114649973630506	0	0.000114649973630506	0.000137579968356607	9.17199789044048e-05	0.000321019926165417
k__Bacteria|p__Bacillota|c__Bacilli|o__Erysipelotrichales|f__Erysipelotrichaceae|g__Ileibacterium|s__Ileibacterium_valens	0	0	0	0	0	0	0.0129554470202472	0.0161656462819014	0.0157987663662837	0.0136204168673041	0.0135745568778519	0.0158904863451881	0.00362293916672399	0.00431083900850703	0.00458599894522024	0.0036917291509023	0.00522803879755108	0.00476943890302905	0	0	0	0	0	0	0	0	0	0	0	0	0.00275159936713215	0.00238471945151453	0.00206369952534911	0.00231592946733622	0.00233885946206232	0.00227006947788402
k__Bacteria|p__Bacillota|c__Clostridia|o__Lachnospirales|f__Lachnospiraceae|g__Blautia	0.00057324986815253	0.000687899841783036	0.000458599894522024	0.000642039852330834	0.000619109857604733	0.000642039852330834	6.87899841783036e-05	4.58599894522024e-05	0	6.87899841783036e-05	9.17199789044048e-05	9.17199789044048e-05	0.00694778840200867	0.00651211850221274	0.00736052830707849	0.00745224828598289	0.0076356882437917	0.00701657838618697	0.00107770975212676	0.00128407970466167	0.00116942973103116	0.000894269794317947	0.00146751966247048	0.00119235972575726	0.0137579968356607	0.0119235972575726	0.0163490862397102	0.0143541766985394	0.0166013161816973	0.0166930361606017	0.000114649973630506	0	0	6.87899841783036e-05	2.29299947261012e-05	4.58599894522024e-05
k__Bacteria|p__Bacteroidota|c__Bacteroidia|o__Bacteroidales|f__Muribaculaceae|g__unclassified_Muribaculaceae|s__unclassified_Muribaculaceae	0.00348535919836738	0.00268280938295384	0.00348535919836738	0.00291210933021485	0.00279745935658435	0.00252229941987113	0.00706243837563917	0.00623695856549953	0.00674141844947376	0.00504459883974227	0.00664969847056935	0.00444841897686364	0.00119235972575726	0.00155923964137488	0.00160509963082708	0.001811469583362	0.00144458966774438	0.001811469583362	0.000894269794317947	0.000779619820687441	0.00100891976794845	0.00100891976794845	0.00094012978377015	0.00123821971520947	0.0037146591456284	0.00277452936185825	0.00357707917727179	0.00316433927220197	0.00304968929857146	0.00217834949897962	0.00541147875535989	0.00745224828598289	0.00690192841255647	0.00527389878700328	0.00662676847584325	0.00596179862878632
k__Bacteria|p__Bacillota|c__Clostridia|o__Lachnospirales|f__Lachnospiraceae	0.0019719795464447	0.00210955951480131	0.00236178945678842	0.00176560959390979	0.00204076953062301	0.0019490495517186	0.00279745935658435	0.00291210933021485	0.00343949920891518	0.00332484923528468	0.00325605925110637	0.00353121918781959	0.00577835867097751	0.00733759831235239	0.00697071839673477	0.00577835867097751	0.00603058861296462	0.00770447822797001	0.00220127949370572	0.00220127949370572	0.00224713948315792	0.00238471945151453	0.00286624934076265	0.00238471945151453	0.000550319873426429	0.000458599894522024	0.000527389878700328	0.000825479810139644	0.000802549815413542	0.000619109857604733	0.00410446905597212	0.00408153906124602	0.00454013895576804	0.00479236889775515	0.00437962899268533	0.00417325904015042
k__Bacteria|p__Bacteroidota|c__Bacteroidia|o__Bacteroidales|f__Muribaculaceae|g__unclassified_Muribaculaceae|s__unclassified_Muribaculaceae	0.00476943890302905	0.00433376900323313	0.00502166884501617	0.00311847928274976	0.00298089931439316	0.00353121918781959	0	0	0	0	0	0	0.00431083900850703	0.0037834491298067	0.00444841897686364	0.00440255898741143	0.00362293916672399	0.00401274907706771	0.0110751874527069	0.00814014812776593	0.00820893811194423	0.00791084818050492	0.000596179862878632	0.00869046800119236	0.003852239113985	0.00288917933548875	0.00337070922473688	0.00334777923001078	0.0037605191350806	0.00311847928274976	0	0	0	0	0	0
k__Bacteria|p__Bacteroidota|c__Bacteroidia|o__Bacteroidales|f__Muribaculaceae|g__unclassified_Muribaculaceae|s__unclassified_Muribaculaceae	0.0019719795464447	0.00238471945151453	0.00238471945151453	0.00176560959390979	0.00126114970993557	0.00176560959390979	0.0018573295728142	0.00178853958863589	0.0019719795464447	0.00149044965719658	0.001811469583362	0.00142165967301828	0.00875925798537066	0.00843823805920525	0.0104790075898283	0.0093783678429754	0.00914906789571438	0.00889683795372727	0.000664969847056935	0.000550319873426429	0.000458599894522024	0.000527389878700328	0.000527389878700328	0.000825479810139644	0.00864460801174016	0.00621402857077343	0.00706243837563917	0.00779619820687441	0.00779619820687441	0.00637453853385614	0	6.87899841783036e-05	0	0	0	0
k__Bacteria|p__Bacteroidota|c__Bacteroidia|o__Bacteroidales|f__Tannerellaceae|g__Parabacteroides	0.00598472862351242	0.00488408887665956	0.00504459883974227	0.00486115888193346	0.00538854876063379	0.00495287886083786	0	0	0	0	0	0	0.0019490495517186	0.00153630964664878	0.00204076953062301	0.00176560959390979	0.00160509963082708	0.00169681960973149	0.000435669899795923	0.000687899841783036	0.000802549815413542	0.000963059778496251	0.000710829836509138	0.000619109857604733	0.00855288803283575	0.0076356882437917	0.00781912820160051	0.00726880832817408	0.0074981082754351	0.00632867854440394	0.00472357891357685	0.00412739905069822	0.00410446905597212	0.00451720896104194	0.00467771892412465	0.00421911902960262
k__Bacteria|p__Bacillota|c__Clostridia|o__Lachnospirales|f__Lachnospiraceae	0.000550319873426429	0.000664969847056935	0.000619109857604733	0.000550319873426429	0.000687899841783036	0.000687899841783036	0	0	0	0	0	0	0	0	0	0	0	0	0.0148127765930614	0.01540895645594	0.0148357065877875	0.0134369769094953	0.0160968562977231	0.0155923964137488	0.00123821971520947	0.00094012978377015	0.00142165967301828	0.00137579968356607	0.00103184976267455	0.00107770975212676	0	0	0	0	0	0
k__Bacteria|p__Bacillota|c__Clostridia|o__Oscillospirales|f__Oscillospiraceae	0.00130700969938777	0.00201783953589691	0.00178853958863589	0.00213248950952741	0.00176560959390979	0.00229299947261012	0.00107770975212676	0.00144458966774438	0.00128407970466167	0.000848409804865745	0.00160509963082708	0.00210955951480131	0.00444841897686364	0.00435669899795923	0.00495287886083786	0.00497580885556396	0.00437962899268533	0.0038063791245328	0.00550319873426429	0.00889683795372727	0.010868817500172	0.00814014812776593	0.00830065809084864	0.00651211850221274	0.00057324986815253	0.000412739905069822	0.00094012978377015	0.000963059778496251	0.000733759831235239	0.000733759831235239	0.000642039852330834	0.000619109857604733	0.000527389878700328	0.000710829836509138	0.000527389878700328	0.000481529889248125
k__Bacteria|p__Bacillota|c__Clostridia|o__Lachnospirales|f__Lachnospiraceae|g__Lachnoclostridium	0.00210955951480131	0.00314140927747587	0.00327898924583247	0.00304968929857146	0.00259108940404944	0.00259108940404944	0.00075668982596134	0.000596179862878632	0.000985989773222352	0.000481529889248125	0.000619109857604733	0.00094012978377015	0.00770447822797001	0.00859874802228795	0.00928664786407099	0.00901148792735778	0.00706243837563917	0.0076127582490656	0.00291210933021485	0.00343949920891518	0.00323312925638027	0.00323312925638027	0.00318726926692807	0.00316433927220197	0.00116942973103116	0.00142165967301828	0.00155923964137488	0.00144458966774438	0.00158216963610098	0.00167388961500539	0.00126114970993557	0.00169681960973149	0.00112356974157896	0.00126114970993557	0.00135286968883997	0.00121528972048336
k__Bacteria|p__Bacillota|c__Clostridia|o__Oscillospirales|f__Ruminococcaceae|g__Ruminococcus	0.00243057944096673	0.00132993969411387	0.00137579968356607	0.0019490495517186	0.001811469583362	0.0018343995780881	0.00201783953589691	0.00229299947261012	0.00199490954117081	0.00162802962555319	0.00206369952534911	0.003852239113985	0.00360000917199789	0.00360000917199789	0.00401274907706771	0.00346242920364128	0.0037834491298067	0.00337070922473688	0.00350828919309349	0.0075439682648873	0.0103184976267455	0.00492994886611176	0.00999747770058013	0.00417325904015042	0.000412739905069822	0.000527389878700328	0.000527389878700328	0.00057324986815253	0.000527389878700328	0.000687899841783036	0.00215541950425351	0.00105477975740066	0.00153630964664878	0.00217834949897962	0.00142165967301828	0.00123821971520947
k__Bacteria|p__Thermodesulfobacteriota|c__Desulfovibrionia|o__Desulfovibrionales|f__Desulfovibrionaceae|g__Desulfovibrio	0.00552612872899039	0.00327898924583247	0.00415032904542432	0.00442548898213753	0.00456306895049414	0.00476943890302905	0.000596179862878632	0.000619109857604733	0.00018343995780881	0.000527389878700328	0.000298089931439316	0.000596179862878632	0.00162802962555319	0.0018573295728142	0.00130700969938777	0.0019490495517186	0.00174267959918369	0.00204076953062301	0.00295796931966706	0.0038293091192589	0.00511338882392057	0.00398981908234161	0.00415032904542432	0.00325605925110637	0.000917199789044048	0.00302675930384536	0.00169681960973149	0.00142165967301828	0.00153630964664878	0.00206369952534911	0.00490701887138566	0.00444841897686364	0.00279745935658435	0.0057554286762514	0.00398981908234161	0.00360000917199789
k__Bacteria|p__Bacteroidota|c__Bacteroidia|o__Bacteroidales|f__Rikenellaceae|g__Alistipes	0.00933250785352319	0.00437962899268533	0.00476943890302905	0.00694778840200867	0.00710829836509138	0.00701657838618697	0.00162802962555319	0.00153630964664878	0.00222420948843182	0.00130700969938777	0.00151337965192268	0.00291210933021485	0.00286624934076265	0.00247643943041893	0.00357707917727179	0.00247643943041893	0.00302675930384536	0.00240764944624063	0.000642039852330834	0.00123821971520947	0.00119235972575726	0.00144458966774438	0.00155923964137488	0.000963059778496251	0.00522803879755108	0.00421911902960262	0.00343949920891518	0.00293503932494096	0.00389809910343721	0.00309554928802366	0.00139872967829217	0.000779619820687441	0.00112356974157896	0.00128407970466167	0.000985989773222352	0.000710829836509138
k__Bacteria|p__Bacillota|c__Negativicutes|o__Acidaminococcales|f__Acidaminococcaceae|g__Phascolarctobacterium	0	0	0	0	0	0	0	0	0	0	0	0	0	2.29299947261012e-05	0	0	0	0	0	0	0	0	0	0	0.013138886978056	0.0241682144413107	0.0136662768567563	0.0276077136502259	0.0234115246153493	0.00669555846002155	0.00217834949897962	0.000825479810139644	0.00105477975740066	0.00268280938295384	0.00142165967301828	0.00169681960973149
k__Bacteria|p__Bacteroidota|c__Bacteroidia|o__Bacteroidales|f__Tannerellaceae|g__Parabacteroides|s__Parabacteroides_sp.	0.00898855793263168	0.00646625851276054	0.00722294833872188	0.00671848845474766	0.00770447822797001	0.00710829836509138	0.00401274907706771	0.00412739905069822	0.00440255898741143	0.0037375891403545	0.00410446905597212	0.0038293091192589	0	0	0	0	0	0	0.000664969847056935	0.000710829836509138	0.000687899841783036	0.000825479810139644	0.000779619820687441	0.000871339799591846	0.00236178945678842	0.00160509963082708	0.00130700969938777	0.00171974960445759	0.00167388961500539	0.00114649973630506	0.00291210933021485	0.00256815940932334	0.00291210933021485	0.00282038935131045	0.00295796931966706	0.00282038935131045
k__Bacteria|p__Bacteroidota|c__Bacteroidia|o__Bacteroidales|f__Muribaculaceae|g__unclassified_Muribaculaceae|s__unclassified_Muribaculaceae	0.00245350943569283	0.00236178945678842	0.00240764944624063	0.0019490495517186	0.00165095962027929	0.0018573295728142	0.00869046800119236	0.00710829836509138	0.00846116805393135	0.00772740822269611	0.00862167801701406	0.00603058861296462	0.00210955951480131	0.00178853958863589	0.00247643943041893	0.00217834949897962	0.00261401939877554	0.00206369952534911	0.00474650890830295	0.00348535919836738	0.00341656921418908	0.00394395909288941	0.00321019926165417	0.00481529889248125	0.000458599894522024	0.000412739905069822	0.000435669899795923	0.000550319873426429	0.000481529889248125	0.000321019926165417	0.000206369952534911	0.000321019926165417	0.000412739905069822	0.000160509963082709	0.000435669899795923	0.000412739905069822
k__Bacteria|p__Bacteroidota|c__Bacteroidia|o__Bacteroidales|f__Muribaculaceae|g__unclassified_Muribaculaceae|s__unclassified_Muribaculaceae	0.000848409804865745	0.00116942973103116	0.00112356974157896	0.000871339799591846	0.000596179862878632	0.00075668982596134	0.00174267959918369	0.00144458966774438	0.00256815940932334	0.00206369952534911	0.00153630964664878	0.00153630964664878	0.00403567907179381	0.00410446905597212	0.00419618903487652	0.00389809910343721	0.00417325904015042	0.00334777923001078	0	0	0	0	0	0	0.00307261929329756	0.00259108940404944	0.00249936942514503	0.00277452936185825	0.00213248950952741	0.00204076953062301	0.0075439682648873	0.00834651808030084	0.00864460801174016	0.00720001834399578	0.00802549815413542	0.00830065809084864
k__Bacteria|p__Bacillota|c__Bacilli|o__RF39|f__unclassified_RF39|g__unclassified_RF39|s__unclassified_RF39	0.000435669899795923	0.000252229941987113	9.17199789044048e-05	0.000229299947261012	0.000366879915617619	0.00057324986815253	0.0147669166036092	0.0189631056384857	0.0185962257228681	0.0137809268303868	0.0158446263557359	0.0193987755382816	0	0	0	4.58599894522024e-05	4.58599894522024e-05	4.58599894522024e-05	0	0	0	2.29299947261012e-05	4.58599894522024e-05	9.17199789044048e-05	0	0	0	0	0	0	0.000366879915617619	0.000137579968356607	0.000160509963082709	0.000321019926165417	0.000137579968356607	6.87899841783036e-05
k__Bacteria|p__Bacteroidota|c__Bacteroidia|o__Bacteroidales|f__Muribaculaceae|g__unclassified_Muribaculaceae|s__unclassified_Muribaculaceae	0.00114649973630506	0.00116942973103116	0.00121528972048336	0.00110063974685286	0.00100891976794845	0.00103184976267455	0.00229299947261012	0.00231592946733622	0.00259108940404944	0.001811469583362	0.0018802595675403	0.00146751966247048	0.00199490954117081	0.0019490495517186	0.00201783953589691	0.00174267959918369	0.00231592946733622	0.00178853958863589	0.00839237806975304	0.00678727843892596	0.00651211850221274	0.00690192841255647	0.000871339799591846	0.00671848845474766	0.00694778840200867	0.00509045882919447	0.00603058861296462	0.00655797849166495	0.0057324986815253	0.00506752883446837	0	0	0	0	0	0
k__Bacteria|p__Bacillota|c__Clostridia|o__Lachnospirales|f__Lachnospiraceae	0.00119235972575726	0.00114649973630506	0.00112356974157896	0.000963059778496251	0.00119235972575726	0.000985989773222352	0.001811469583362	0.00199490954117081	0.00252229941987113	0.00153630964664878	0.00210955951480131	0.00245350943569283	0.00852995803810965	0.0106624475476371	0.00793377817523102	0.010203847653115	0.00963059778496251	0.00979110774804522	0.00259108940404944	0.00323312925638027	0.00307261929329756	0.00288917933548875	0.0036917291509023	0.00325605925110637	0.000206369952534911	0.000275159936713215	0.000504459883974227	0.000343949920891518	0.000229299947261012	0.000206369952534911	0	0	0	0	0	0
k__Bacteria|p__Bacteroidota|c__Bacteroidia|o__Bacteroidales|f__Bacteroidaceae|g__Bacteroides	0.000894269794317947	0.000550319873426429	0.000596179862878632	0.000802549815413542	0.00114649973630506	0.00116942973103116	0.00151337965192268	0.00123821971520947	0.000664969847056935	0.000985989773222352	0.00114649973630506	0.00149044965719658	0.000664969847056935	0.000710829836509138	0.000527389878700328	0.000435669899795923	0.00057324986815253	0.000642039852330834	0.000412739905069822	0.000596179862878632	0.00075668982596134	0.000619109857604733	0.000550319873426429	0.000458599894522024	0.0107312375318154	0.013368186925317	0.0109376074843503	0.00765861823851781	0.0128407970466167	0.0112127674210635	0.00396688908761551	0.00346242920364128	0.0037834491298067	0.00360000917199789	0.00307261929329756	0.00293503932494096
k__Bacteria|p__Bacteroidota|c__Bacteroidia|o__Bacteroidales|f__Bacteroidaceae|g__Bacteroides	0.00162802962555319	0.000710829836509138	0.000664969847056935	0.00107770975212676	0.00128407970466167	0.00132993969411387	0.0105707275687327	0.00708536837036527	0.00587007864988191	0.00639746852858224	0.00786498819105272	0.0117630872944899	0.000366879915617619	0.000687899841783036	0.000871339799591846	0.00075668982596134	0.000779619820687441	0.000825479810139644	0.00169681960973149	0.00449427896631584	0.00419618903487652	0.00467771892412465	0.00531975877645548	0.00236178945678842	0.00018343995780881	0.000343949920891518	0.000458599894522024	0.000252229941987113	0.000389809910343721	0.000252229941987113	0.00094012978377015	0.00105477975740066	0.000527389878700328	0.000802549815413542	0.000733759831235239	0.000848409804865745
k__Bacteria|p__Bacillota|c__Clostridia|o__Lachnospirales|f__Lachnospiraceae|g__Lachnoclostridium	0.0018573295728142	0.00162802962555319	0.0018573295728142	0.00176560959390979	0.00199490954117081	0.0019490495517186	0.000458599894522024	0.000481529889248125	0.00057324986815253	0.000366879915617619	0.000504459883974227	0.000389809910343721	0.000504459883974227	0.00100891976794845	0.000985989773222352	0.00094012978377015	0.00110063974685286	0.00121528972048336	0.000366879915617619	0.000206369952534911	0.00018343995780881	0.000252229941987113	0.000366879915617619	0.000137579968356607	0	0	0	0	0	0	0.0124051271468208	0.0107770975212676	0.010868817500172	0.0107541675265415	0.0106165875581849	0.0094242278324276
k__Bacteria|p__Bacillota|c__Clostridia|o__Oscillospirales|f__Oscillospiraceae|g__Oscillibacter|s__[Clostridium]_leptum	0.00110063974685286	0.000733759831235239	0.000917199789044048	0.00100891976794845	0.000825479810139644	0.00105477975740066	0.000206369952534911	0.000343949920891518	0	0.000252229941987113	0.000504459883974227	0.000664969847056935	0.00343949920891518	0.00279745935658435	0.00311847928274976	0.00318726926692807	0.00302675930384536	0.00332484923528468	0.00220127949370572	0.00465478892939855	0.00619109857604733	0.00486115888193346	0.00536561876590768	0.00288917933548875	0.00518217880809887	0.00694778840200867	0.00621402857077343	0.00554905872371649	0.0056407787026209	0.00722294833872188	0.00112356974157896	0.000779619820687441	0.00075668982596134	0.00128407970466167	0.000664969847056935	0.000504459883974227
k__Bacteria|p__Bacillota|c__Bacilli	0.00144458966774438	0.00233885946206232	0.00268280938295384	0.00355414918254569	0.00284331934603655	0.00291210933021485	0.000733759831235239	0.00169681960973149	0.000848409804865745	0.0019490495517186	0.00233885946206232	0.00199490954117081	0.00291210933021485	0.00215541950425351	0.00130700969938777	0.00284331934603655	0.00204076953062301	0.00208662952007521	0.00632867854440394	0.00662676847584325	0.00589300864460801	0.00589300864460801	0.00664969847056935	0.0057095686867992	0.00112356974157896	0.000871339799591846	0.00116942973103116	0.000871339799591846	0.000985989773222352	0.00169681960973149	0.000802549815413542	0.000206369952534911	0.000389809910343721	0.00057324986815253	0.000321019926165417	0.000229299947261012
k__Bacteria|p__Bacillota|c__Clostridia|o__Lachnospirales|f__Lachnospiraceae|g__Butyribacter|s__unclassified_Butyribacter	0.000160509963082709	9.17199789044048e-05	0.000137579968356607	0.000206369952534911	0.00018343995780881	0.000160509963082709	0	0	0	0	0	0	0.000710829836509138	0.000504459883974227	0.000366879915617619	0.000389809910343721	0.000458599894522024	0.000366879915617619	0.00956180780078421	0.0119465272522987	0.0143771066932655	0.0128407970466167	0.0136662768567563	0.0117401572997638	0	0	0	0	0	0	0	0	0	0	0	0
k__Bacteria|p__Bacillota|c__Clostridia|o__Clostridia_UCG-014|f__unclassified_Clostridia_UCG-014|g__unclassified_Clostridia_UCG-014|s__unclassified_Clostridia_UCG-014	0.00321019926165417	0.00268280938295384	0.00227006947788402	0.003852239113985	0.00357707917727179	0.00339363921946298	0	0	0	0	4.58599894522024e-05	0	0.000114649973630506	0.000160509963082709	0.000114649973630506	0.000160509963082709	9.17199789044048e-05	0.000114649973630506	0.0076356882437917	0.00969938776914081	0.00928664786407099	0.00974524775859302	0.0102955676320194	0.00914906789571438	0	0	0	0	0	0	0	0	0	0	0	0
k__Bacteria|p__Campylobacterota|c__Campylobacteria|o__Campylobacterales|f__Helicobacteraceae|g__Helicobacter	6.87899841783036e-05	0.00018343995780881	0.000137579968356607	9.17199789044048e-05	9.17199789044048e-05	4.58599894522024e-05	0.00132993969411387	0.00155923964137488	0.00144458966774438	0.00137579968356607	0.00146751966247048	0.00247643943041893	0.00128407970466167	0.00135286968883997	0.00233885946206232	0.00144458966774438	0.00110063974685286	0.00121528972048336	0.00155923964137488	0.00236178945678842	0.00254522941459723	0.0037375891403545	0.00309554928802366	0.00169681960973149	0.000458599894522024	0.00130700969938777	0.000779619820687441	0.00103184976267455	0.000733759831235239	0.00114649973630506	0.0075210382701612	0.00797963816468322	0.00605351860769072	0.00720001834399578	0.00777326821214831	0.00515924881337277
k__Bacteria|p__Bacillota|c__Clostridia|o__Lachnospirales|f__Lachnospiraceae|g__Lachnoclostridium	0.010203847653115	0.0121987571942858	0.011786017289216	0.0120382472312031	0.011556717341955	0.011786017289216	0	0	0	0	0	0	0.000298089931439316	0.000366879915617619	0.00075668982596134	0.000458599894522024	0.000550319873426429	0.000664969847056935	0	0	0	0	0	0	0.000229299947261012	0	0	0	0	0	0	0	0	0	0	0
k__Bacteria|p__Bacillota|c__Clostridia|o__Lachnospirales|f__Lachnospiraceae|g__Lachnospiraceae_NK4A136_group	0	0	0	0	0	0	0.000160509963082709	0.000137579968356607	0.000275159936713215	0.000160509963082709	0.000229299947261012	0.000298089931439316	0.0122675471784641	0.0138726468092912	0.0125656371099035	0.0145146866616221	0.0117630872944899	0.0139872967829217	0	0	0	0	0	0	0	0	0	0	0	0	0	0	0	0	0	0
k__Bacteria|p__Bacteroidota|c__Bacteroidia|o__Bacteroidales|f__Muribaculaceae|g__unclassified_Muribaculaceae|s__unclassified_Muribaculaceae	0.0019261195569925	0.0019031895622664	0.00146751966247048	0.00155923964137488	0.00199490954117081	0.00158216963610098	0.00337070922473688	0.0037834491298067	0.00410446905597212	0.0037605191350806	0.00419618903487652	0.00346242920364128	0.00245350943569283	0.00217834949897962	0.00300382930911926	0.00263694939350164	0.00291210933021485	0.00224713948315792	0.00149044965719658	0.00153630964664878	0.00132993969411387	0.00119235972575726	0.00107770975212676	0.00220127949370572	0.00146751966247048	0.00100891976794845	0.00123821971520947	0.00123821971520947	0.00107770975212676	0.00107770975212676	0.00158216963610098	0.00227006947788402	0.00236178945678842	0.00238471945151453	0.00222420948843182	0.00217834949897962
k__Bacteria|p__Bacteroidota|c__Bacteroidia|o__Bacteroidales|f__Muribaculaceae|g__unclassified_Muribaculaceae|s__unclassified_Muribaculaceae	0	0	0	0	0	0	0	0	0	0	0	0	0.00222420948843182	0.00286624934076265	0.00282038935131045	0.00236178945678842	0.00220127949370572	0.00224713948315792	0	0	0	0	0	0	0	0	0	0	0	0	0.00862167801701406	0.00903441792208388	0.0103872876109238	0.00857581802756185	0.0120611772259292	0.0110522574579808
k__Bacteria|p__Bacteroidota|c__Bacteroidia|o__Bacteroidales|f__Muribaculaceae|g__unclassified_Muribaculaceae|s__unclassified_Muribaculaceae	0.00160509963082708	0.00153630964664878	0.0018343995780881	0.00123821971520947	0.00112356974157896	0.00144458966774438	0.00254522941459723	0.00245350943569283	0.00245350943569283	0.00254522941459723	0.00199490954117081	0.0019490495517186	0.001811469583362	0.00169681960973149	0.00210955951480131	0.00160509963082708	0.0018802595675403	0.00158216963610098	0.00330191924055857	0.00220127949370572	0.00261401939877554	0.00275159936713215	0.00208662952007521	0.00314140927747587	0.00658090848639105	0.00424204902432872	0.00486115888193346	0.00479236889775515	0.00502166884501617	0.00479236889775515	0	0	0	0	0	0
k__Bacteria|p__Bacteroidota|c__Bacteroidia|o__Bacteroidales|f__Muribaculaceae|g__unclassified_Muribaculaceae|s__unclassified_Muribaculaceae	0.0019261195569925	0.00343949920891518	0.00357707917727179	0.00307261929329756	0.00403567907179381	0.0037375891403545	0.000985989773222352	0.00139872967829217	0.000894269794317947	0.00224713948315792	0.00128407970466167	0.00114649973630506	0.000733759831235239	0.000366879915617619	0.000298089931439316	0.000206369952534911	0.000343949920891518	0.000343949920891518	0.000298089931439316	0.000137579968356607	0.00018343995780881	0.00018343995780881	0.00018343995780881	0.000160509963082709	0.000710829836509138	0.000596179862878632	0.000458599894522024	0.000504459883974227	0.000504459883974227	0.000435669899795923	0.00449427896631584	0.00552612872899039	0.00522803879755108	0.0057554286762514	0.0076127582490656	0.00804842814886153
k__Bacteria|p__Bacillota|c__Bacilli|o__Erysipelotrichales|f__Erysipelotrichaceae|g__Turicibacter|s__unclassified_Turicibacter	0.00740638829653069	0.00541147875535989	0.00534268877118158	0.00885097796427507	0.0103414276214716	0.0075668982596134	4.58599894522024e-05	0.000137579968356607	9.17199789044048e-05	0.00018343995780881	9.17199789044048e-05	0.000137579968356607	0	0	0	0	0	0	0.000871339799591846	0.0019031895622664	0.00171974960445759	0.00167388961500539	0.0018343995780881	0.00103184976267455	0	0	0	0	0	0	0.00231592946733622	0.00123821971520947	0.00123821971520947	0.00204076953062301	0.00130700969938777	0.00174267959918369
k__Bacteria|p__Bacillota|c__Clostridia|o__Lachnospirales|f__Lachnospiraceae	0.0018343995780881	0.00153630964664878	0.00210955951480131	0.0019490495517186	0.00178853958863589	0.0018802595675403	0.00144458966774438	0.00105477975740066	0.00229299947261012	0.0019261195569925	0.00167388961500539	0.00155923964137488	0.00151337965192268	0.00142165967301828	0.00128407970466167	0.00151337965192268	0.00130700969938777	0.00139872967829217	0	0	0	0	0	0	0.000160509963082709	0.00018343995780881	0.000343949920891518	0.000321019926165417	0.000160509963082709	0.000481529889248125	0.00678727843892596	0.00653504849693885	0.00603058861296462	0.00630574854967783	0.00646625851276054	0.00603058861296462
k__Bacteria|p__Bacillota|c__Clostridia|o__Oscillospirales|f__Oscillospiraceae	0.00958473779551031	0.00898855793263168	0.0094012978377015	0.0116942973103116	0.0119235972575726	0.0119235972575726	0	0	0	0	0	0	0	0	0	0	0	0	0	0	0	0	0	0	0	0	0	0	0	0	0	0	0	0	0	0
k__Bacteria|p__Bacillota|c__Clostridia|o__Lachnospirales|f__Lachnospiraceae	0.00130700969938777	0.00094012978377015	0.000985989773222352	0.000894269794317947	0.000963059778496251	0.000779619820687441	0.000321019926165417	0.000298089931439316	0.000321019926165417	0.000366879915617619	0.000275159936713215	0.000298089931439316	0.00534268877118158	0.0075210382701612	0.00687899841783036	0.00621402857077343	0.00662676847584325	0.00637453853385614	0.00135286968883997	0.00144458966774438	0.00171974960445759	0.0018343995780881	0.00167388961500539	0.00153630964664878	0.00128407970466167	0.00126114970993557	0.00112356974157896	0.001811469583362	0.00135286968883997	0.00132993969411387	0.00075668982596134	0.000825479810139644	0.000825479810139644	0.00094012978377015	0.000963059778496251	0.000527389878700328
k__Bacteria|p__Bacteroidota|c__Bacteroidia|o__Bacteroidales|f__Muribaculaceae|g__unclassified_Muribaculaceae|s__unclassified_Muribaculaceae	0.00536561876590768	0.00495287886083786	0.00502166884501617	0.00348535919836738	0.003852239113985	0.00360000917199789	0	0	0	0	0	0	0.00121528972048336	0.00119235972575726	0.00144458966774438	0.00178853958863589	0.00130700969938777	0.00121528972048336	0.00509045882919447	0.00421911902960262	0.003852239113985	0.00412739905069822	0.00419618903487652	0.00600765861823852	0	0	0	0	0	0	0	0	0	0	0	0
k__Bacteria|p__Bacteroidota|c__Bacteroidia|o__Bacteroidales|f__Muribaculaceae|g__unclassified_Muribaculaceae|s__unclassified_Muribaculaceae	0.00330191924055857	0.00210955951480131	0.00263694939350164	0.00178853958863589	0.00213248950952741	0.00249936942514503	0.0037605191350806	0.00261401939877554	0.00433376900323313	0.0037834491298067	0.00334777923001078	0.00325605925110637	0	0	0	0	0	0	0.00210955951480131	0.0019031895622664	0.00199490954117081	0.0019261195569925	0.001811469583362	0.0019261195569925	0.00300382930911926	0.00252229941987113	0.00247643943041893	0.00233885946206232	0.0019719795464447	0.00229299947261012	0.00110063974685286	0.00165095962027929	0.00116942973103116	0.00100891976794845	0.00158216963610098	0.00100891976794845
k__Bacteria|p__Bacillota|c__Clostridia|o__Lachnospirales|f__Lachnospiraceae	0.00463185893467245	0.00465478892939855	0.00449427896631584	0.0037605191350806	0.00447134897158974	0.00339363921946298	0.000160509963082709	9.17199789044048e-05	0	0	0.000114649973630506	0.000275159936713215	0.00341656921418908	0.00451720896104194	0.00454013895576804	0.0037146591456284	0.00410446905597212	0.00403567907179381	0.00224713948315792	0.0019261195569925	0.0018802595675403	0.0019490495517186	0.00233885946206232	0.0018573295728142	0	0	0	0	0	0	9.17199789044048e-05	0	0	0	0.000160509963082709	9.17199789044048e-05
k__Bacteria|p__Bacillota|c__Clostridia|o__Lachnospirales|f__Lachnospiraceae	0.00206369952534911	0.00236178945678842	0.00252229941987113	0.0019261195569925	0.00213248950952741	0.0019719795464447	0.00277452936185825	0.00236178945678842	0.00417325904015042	0.00318726926692807	0.00298089931439316	0.00398981908234161	0.000435669899795923	0.000527389878700328	0.000550319873426429	0.000619109857604733	0.000435669899795923	0.00057324986815253	0	0	0	0	0	0	0	0	0	0	0	0	0.00499873885029006	0.00440255898741143	0.00458599894522024	0.00513631881864667	0.00531975877645548	0.00424204902432872
k__Bacteria|p__Bacillota|c__Clostridia|o__Oscillospirales|f__Oscillospiraceae	0.0019490495517186	0.00229299947261012	0.00222420948843182	0.00288917933548875	0.00252229941987113	0.00227006947788402	0.00110063974685286	0.000917199789044048	0.000825479810139644	0.000985989773222352	0.000871339799591846	0.00126114970993557	0.000917199789044048	0.000963059778496251	0.000963059778496251	0.00110063974685286	0.00075668982596134	0.000894269794317947	0.000527389878700328	0.000687899841783036	0.00144458966774438	0.000733759831235239	0.00100891976794845	0.000527389878700328	0.000848409804865745	0.000985989773222352	0.00155923964137488	0.00123821971520947	0.00114649973630506	0.00155923964137488	0.00456306895049414	0.00419618903487652	0.00405860906651991	0.00463185893467245	0.00410446905597212	0.0037375891403545
k__Bacteria|p__Bacteroidota|c__Bacteroidia|o__Bacteroidales|f__Muribaculaceae|g__unclassified_Muribaculaceae|s__unclassified_Muribaculaceae	0.000298089931439316	0.000458599894522024	0.000343949920891518	0.000481529889248125	0.000504459883974227	0.000435669899795923	0.00139872967829217	0.00174267959918369	0.000366879915617619	0.00222420948843182	0.00162802962555319	0.00167388961500539	0.00350828919309349	0.00238471945151453	0.00121528972048336	0.00178853958863589	0.00284331934603655	0.00282038935131045	0.00302675930384536	0.00272866937240604	0.0019719795464447	0.00295796931966706	0.00263694939350164	0.00162802962555319	0.00321019926165417	0.00272866937240604	0.00337070922473688	0.00288917933548875	0.00270573937767994	0.00463185893467245	0.000619109857604733	0.00110063974685286	0.00100891976794845	0.00107770975212676	0.00151337965192268	0.00171974960445759
k__Bacteria|p__Bacteroidota|c__Bacteroidia|o__Bacteroidales|f__Prevotellaceae|g__Prevotellaceae_UCG-001|s__unclassified_Prevotellaceae_UCG-001	0.000550319873426429	0.000435669899795923	0.000321019926165417	0.000917199789044048	0.00105477975740066	0.000825479810139644	0.000550319873426429	0.00105477975740066	0.000458599894522024	0.000985989773222352	0.00075668982596134	0.00201783953589691	0	0	0	0	0	2.29299947261012e-05	0.00146751966247048	0.00325605925110637	0.00337070922473688	0.00415032904542432	0.00360000917199789	0.00094012978377015	0.00635160853913004	0.00972231776386691	0.00612230859186902	0.00554905872371649	0.0055949187131687	0.0110522574579808	0	0	0	0	0	0
k__Bacteria|p__Bacteroidota|c__Bacteroidia|o__Bacteroidales|f__Muribaculaceae|g__unclassified_Muribaculaceae|s__unclassified_Muribaculaceae	0.00018343995780881	0.000206369952534911	0.00018343995780881	0.000229299947261012	0.000137579968356607	0.000389809910343721	0.000687899841783036	0.00105477975740066	0.00119235972575726	0.00162802962555319	0.00132993969411387	0.00128407970466167	0.00075668982596134	0.00075668982596134	0.000275159936713215	0.000550319873426429	0.00107770975212676	0.000710829836509138	0.00158216963610098	0.00114649973630506	0.00121528972048336	0.00135286968883997	0.00137579968356607	0.000917199789044048	0.0103414276214716	0.00818600811721813	0.00722294833872188	0.00772740822269611	0.00791084818050492	0.013597486872578	0	0	0	0	0	0
k__Bacteria|p__Bacillota|c__Bacilli|o__Erysipelotrichales|f__Erysipelatoclostridiaceae|g__Thomasclavelia|s__unclassified_Thomasclavelia	0.00451720896104194	0.00249936942514503	0.00201783953589691	0.00426497901905483	0.00447134897158974	0.00465478892939855	0.000504459883974227	0.000687899841783036	0.000366879915617619	0.000504459883974227	0.000825479810139644	0.0018573295728142	0.000298089931439316	9.17199789044048e-05	0.000160509963082709	0.000114649973630506	0.000160509963082709	0.000114649973630506	0.000779619820687441	0.00325605925110637	0.00284331934603655	0.00348535919836738	0.00298089931439316	0.00114649973630506	0.000458599894522024	0.000664969847056935	0.000664969847056935	0.000596179862878632	0.000366879915617619	0.000504459883974227	0.00295796931966706	0.00114649973630506	0.00153630964664878	0.00295796931966706	0.000733759831235239	0.00139872967829217
k__Bacteria|p__Bacillota|c__Clostridia|o__Lachnospirales|f__Lachnospiraceae	0.00708536837036527	0.00415032904542432	0.00504459883974227	0.0057095686867992	0.00538854876063379	0.00534268877118158	0.000114649973630506	9.17199789044048e-05	0	0	9.17199789044048e-05	0.000229299947261012	0.00222420948843182	0.00265987938822774	0.00284331934603655	0.00208662952007521	0.0018802595675403	0.00215541950425351	0.000894269794317947	0.000917199789044048	0.00075668982596134	0.000894269794317947	0.000917199789044048	0.00110063974685286	0.000963059778496251	0.00094012978377015	0.000985989773222352	0.000963059778496251	0.000802549815413542	0.000917199789044048	0.000137579968356607	0.000160509963082709	0.000275159936713215	0.000343949920891518	0.000160509963082709	0.000229299947261012
k__Bacteria|p__Bacillota|c__Clostridia|o__Oscillospirales|f__[Eubacterium]_coprostanoligenes_group|g__unclassified_[Eubacterium]_coprostanoligenes_group|s__unclassified_[Eubacterium]_coprostanoligenes_group	0.00603058861296462	0.00318726926692807	0.00293503932494096	0.00543440875008599	0.00515924881337277	0.00548026873953819	0.00236178945678842	0.00217834949897962	0.00160509963082708	0.0019490495517186	0.00261401939877554	0.00511338882392057	0.00094012978377015	0.000596179862878632	0.00057324986815253	0.000802549815413542	0.000619109857604733	0.00057324986815253	0	0	2.29299947261012e-05	0	9.17199789044048e-05	2.29299947261012e-05	0	0	0	0	2.29299947261012e-05	0	0.0018802595675403	0.00114649973630506	0.00123821971520947	0.00174267959918369	0.00158216963610098	0.00155923964137488
k__Bacteria|p__Bacillota|c__Clostridia|o__Lachnospirales|f__Lachnospiraceae	0.00123821971520947	0.00110063974685286	0.000963059778496251	0.000985989773222352	0.00119235972575726	0.00144458966774438	0.000481529889248125	0.000366879915617619	0.000687899841783036	0.000504459883974227	0.000389809910343721	0.000504459883974227	0.000343949920891518	0.000527389878700328	0.000527389878700328	0.000458599894522024	0.000458599894522024	0.000389809910343721	0.00392102909816331	0.00405860906651991	0.00417325904015042	0.00364586916145009	0.0037834491298067	0.00415032904542432	0.000687899841783036	0.000504459883974227	0.000642039852330834	0.000687899841783036	0.000779619820687441	0.000733759831235239	0.00298089931439316	0.00314140927747587	0.00270573937767994	0.00272866937240604	0.00252229941987113	0.00286624934076265
k__Bacteria|p__Bacillota|c__Clostridia|o__Oscillospirales|f__Oscillospiraceae|g__Colidextribacter	0.000802549815413542	0.000985989773222352	0.00135286968883997	0.00139872967829217	0.00137579968356607	0.00116942973103116	0.000550319873426429	0.000664969847056935	0.000664969847056935	0.000596179862878632	0.000779619820687441	0.000917199789044048	0.00229299947261012	0.0019719795464447	0.00238471945151453	0.00229299947261012	0.00153630964664878	0.00298089931439316	0.00132993969411387	0.00201783953589691	0.00231592946733622	0.00252229941987113	0.00277452936185825	0.00171974960445759	0.00176560959390979	0.00160509963082708	0.00263694939350164	0.00252229941987113	0.00300382930911926	0.00208662952007521	0.00178853958863589	0.00165095962027929	0.00132993969411387	0.0018802595675403	0.00149044965719658	0.00160509963082708
k__Bacteria|p__Bacillota|c__Clostridia|o__Oscillospirales|f__Oscillospiraceae	0.00139872967829217	0.000985989773222352	0.000848409804865745	0.00123821971520947	0.00119235972575726	0.00132993969411387	0.000802549815413542	0.000710829836509138	0.000733759831235239	0.000664969847056935	0.000687899841783036	0.00144458966774438	0.000917199789044048	0.00105477975740066	0.00094012978377015	0.00107770975212676	0.000733759831235239	0.00057324986815253	0.000206369952534911	0.000664969847056935	0.000481529889248125	0.00057324986815253	0.000481529889248125	0.000343949920891518	0.00174267959918369	0.001811469583362	0.00227006947788402	0.0019719795464447	0.00217834949897962	0.0019031895622664	0.00520510880282498	0.00437962899268533	0.00332484923528468	0.00552612872899039	0.00362293916672399	0.00417325904015042
k__Bacteria|p__Bacillota|c__Clostridia|o__Lachnospirales|f__Lachnospiraceae	0.00249936942514503	0.0019719795464447	0.00268280938295384	0.00201783953589691	0.0018343995780881	0.0019261195569925	0.00075668982596134	0.000802549815413542	0.00123821971520947	0.000825479810139644	0.000848409804865745	0.000917199789044048	0.00408153906124602	0.0037834491298067	0.00490701887138566	0.00456306895049414	0.00410446905597212	0.00348535919836738	0.000894269794317947	0.00100891976794845	0.000963059778496251	0.00107770975212676	0.000985989773222352	0.00116942973103116	0	2.29299947261012e-05	0	0	0	0	0.00158216963610098	0.00123821971520947	0.00114649973630506	0.00132993969411387	0.00135286968883997	0.000985989773222352
k__Bacteria|p__Bacillota|c__Clostridia|o__Clostridia_UCG-014|f__unclassified_Clostridia_UCG-014|g__unclassified_Clostridia_UCG-014|s__unclassified_Clostridia_UCG-014	0.000229299947261012	0.000137579968356607	0.00018343995780881	0.000252229941987113	0.000435669899795923	0.000252229941987113	0.00768154823324391	0.00593886863406021	0.00490701887138566	0.00614523858659512	0.00648918850748664	0.00701657838618697	0.00018343995780881	6.87899841783036e-05	0	0	9.17199789044048e-05	0	0.00121528972048336	0.00126114970993557	0.00142165967301828	0.00167388961500539	0.00149044965719658	0.00153630964664878	0.00105477975740066	0.00100891976794845	0.00210955951480131	0.00110063974685286	0.00119235972575726	0.00174267959918369	0.000435669899795923	0.000206369952534911	0.000252229941987113	0.000596179862878632	0.000321019926165417	0.000321019926165417
k__Bacteria|p__Bacillota|c__Bacilli|o__Erysipelotrichales|f__Erysipelotrichaceae|g__Allobaculum|s__unclassified_Allobaculum	0	0	0	0	0	0	0	0	0	0	0	0	0	0	0	0	0	0	0	0	0	0	0	0	0	0	0	0	0	0	0.00930957785879709	0.01041021760565	0.0101809176583889	0.00745224828598289	0.00836944807502694	0.00928664786407099
k__Bacteria|p__Bacillota|c__Clostridia|o__Peptococcales|f__Peptococcaceae|g__unclassified_Peptococcaceae|s__unclassified_Peptococcaceae	0.00236178945678842	0.00201783953589691	0.00220127949370572	0.00304968929857146	0.00261401939877554	0.00293503932494096	0.000985989773222352	0.00103184976267455	0.00146751966247048	0.000985989773222352	0.000848409804865745	0.00298089931439316	0.00151337965192268	0.00123821971520947	0.000710829836509138	0.00213248950952741	0.00149044965719658	0.00100891976794845	0.00123821971520947	0.00362293916672399	0.00288917933548875	0.00304968929857146	0.003852239113985	0.00130700969938777	0	0.000229299947261012	0	0.000206369952534911	0	0.000252229941987113	0.00116942973103116	0.000687899841783036	0.000710829836509138	0.00110063974685286	0.000596179862878632	0.000321019926165417
k__Bacteria|p__Bacillota|c__Clostridia|o__Lachnospirales|f__Lachnospiraceae	0.00146751966247048	0.00139872967829217	0.0019490495517186	0.00153630964664878	0.00149044965719658	0.00151337965192268	0	0	0	0	0	0	0.0019261195569925	0.00277452936185825	0.00286624934076265	0.00220127949370572	0.00236178945678842	0.00279745935658435	0.00454013895576804	0.00421911902960262	0.00433376900323313	0.00410446905597212	0.00424204902432872	0.00440255898741143	0	0	0	0	0	0	0.000389809910343721	0.000298089931439316	0.000321019926165417	0.000206369952534911	0.000252229941987113	0.000206369952534911
k__Bacteria|p__Bacillota|c__Clostridia|o__Oscillospirales|f__Oscillospiraceae|g__Oscillibacter|s__Oscillibacter_sp._1-3	0.000504459883974227	0.000252229941987113	0.000435669899795923	0.000687899841783036	0.000481529889248125	0.000664969847056935	0	0.000275159936713215	0.000229299947261012	0.000229299947261012	0.000343949920891518	0.000366879915617619	0.000275159936713215	0.000160509963082709	0.000321019926165417	0.000298089931439316	0.000275159936713215	0.000229299947261012	0.000963059778496251	0.001811469583362	0.0019261195569925	0.00227006947788402	0.00178853958863589	0.00119235972575726	0.00525096879227718	0.00619109857604733	0.00639746852858224	0.00607644860241682	0.00623695856549953	0.00644332851803444	0.00199490954117081	0.00130700969938777	0.00135286968883997	0.00199490954117081	0.00112356974157896	0.00132993969411387
k__Bacteria|p__Verrucomicrobiota|c__Verrucomicrobiia|o__Verrucomicrobiales|f__Akkermansiaceae|g__Akkermansia	0	0	0	0	0	0	0	0	0	0.00103184976267455	0	0	0.00142165967301828	0	0	0	0.000137579968356607	0	0	0	0	0	0	0	0.00804842814886153	0.005663708697347	0.00616816858132123	0.00644332851803444	0.00697071839673477	0.00295796931966706	0.0038063791245328	0.00421911902960262	0	0.00456306895049414	0.00460892893994634	0.00497580885556396
k__Bacteria|p__Bacteroidota|c__Bacteroidia|o__Bacteroidales|f__Muribaculaceae|g__unclassified_Muribaculaceae|s__unclassified_Muribaculaceae	0.000435669899795923	0.000321019926165417	0	0	0.000298089931439316	0.000343949920891518	0	0	0	0	0	0	0.00314140927747587	0.00275159936713215	0.00304968929857146	0.00300382930911926	0.00245350943569283	0.00284331934603655	0.00210955951480131	0.00126114970993557	0.00123821971520947	0.00169681960973149	0.00169681960973149	0.00224713948315792	0.0019490495517186	0.00176560959390979	0.0018573295728142	0.0018802595675403	0.00162802962555319	0.00151337965192268	0.00222420948843182	0.00291210933021485	0.00318726926692807	0.00224713948315792	0.00334777923001078	0.00295796931966706
k__Bacteria|p__Bacteroidota|c__Bacteroidia|o__Bacteroidales|f__Muribaculaceae|g__unclassified_Muribaculaceae|s__unclassified_Muribaculaceae	0.00256815940932334	0.00259108940404944	0.00268280938295384	0.00263694939350164	0.00227006947788402	0.00245350943569283	0	0	0	0	0	0	0.00128407970466167	0.00116942973103116	0.00114649973630506	0.00132993969411387	0.00128407970466167	0.0018573295728142	0	0	0	0	0	0	0	0	0	0	0	0	0.00463185893467245	0.00497580885556396	0.00467771892412465	0.00463185893467245	0.005663708697347	0.00495287886083786
k__Bacteria|p__Bacillota|c__Clostridia|o__Lachnospirales|f__Lachnospiraceae	0.000664969847056935	0.000619109857604733	0	0.00075668982596134	0.000619109857604733	0.000550319873426429	0.00142165967301828	0.000779619820687441	0.00208662952007521	0.00151337965192268	0.00114649973630506	0.00165095962027929	0.00490701887138566	0.00536561876590768	0.00557198871844259	0.00593886863406021	0.00440255898741143	0.0057554286762514	0.000435669899795923	0.000458599894522024	0.000550319873426429	0.000458599894522024	0.000321019926165417	0.000412739905069822	0.00199490954117081	0.00128407970466167	0.00210955951480131	0.00208662952007521	0.00229299947261012	0.00123821971520947	0	0	0	0	0	0
k__Bacteria|p__Bacteroidota|c__Bacteroidia|o__Bacteroidales|f__Muribaculaceae|g__unclassified_Muribaculaceae|s__unclassified_Muribaculaceae	0.00075668982596134	0.000596179862878632	0.000848409804865745	0.000550319873426429	0.000481529889248125	0.00057324986815253	0.00456306895049414	0.00454013895576804	0.00465478892939855	0.00444841897686364	0.00401274907706771	0.00293503932494096	0.000985989773222352	0.00126114970993557	0.001811469583362	0.00158216963610098	0.00128407970466167	0.00116942973103116	0.00116942973103116	0.000596179862878632	0.00116942973103116	0.00094012978377015	0.000664969847056935	0.00132993969411387	0.0019261195569925	0.00171974960445759	0.0019031895622664	0.00199490954117081	0.0019719795464447	0.00135286968883997	0.000275159936713215	0.000481529889248125	0.00075668982596134	0.000550319873426429	0.000389809910343721	0.000321019926165417
k__Bacteria|p__Bacteroidota|c__Bacteroidia|o__Bacteroidales|f__Muribaculaceae|g__unclassified_Muribaculaceae|s__unclassified_Muribaculaceae	0.00286624934076265	0.00259108940404944	0.00233885946206232	0.00213248950952741	0.000848409804865745	0.0018343995780881	0.000366879915617619	0.000412739905069822	0.000642039852330834	0	0.000527389878700328	0.000527389878700328	0.00243057944096673	0.00213248950952741	0.00222420948843182	0.0019719795464447	0.00206369952534911	0.00240764944624063	0	0	0	0	0	0	0	0	0	0	0	0	0.00341656921418908	0.00463185893467245	0.00495287886083786	0.00334777923001078	0.00435669899795923	0.00405860906651991
k__Bacteria|p__Bacillota|c__Clostridia|o__Lachnospirales|f__Lachnospiraceae	0.00343949920891518	0.00171974960445759	0.00238471945151453	0.00206369952534911	0.00217834949897962	0.00210955951480131	0.00103184976267455	0.000733759831235239	0.00126114970993557	0.000802549815413542	0.000550319873426429	0.000710829836509138	0.00139872967829217	0.00162802962555319	0.00123821971520947	0.00128407970466167	0.00146751966247048	0.00139872967829217	0.00330191924055857	0.0037834491298067	0.00357707917727179	0.00291210933021485	0.00415032904542432	0.00334777923001078	9.17199789044048e-05	0.000114649973630506	0	0.000137579968356607	9.17199789044048e-05	0	0	0	0	0	0	0
k__Bacteria|p__Bacteroidota|c__Bacteroidia|o__Bacteroidales|f__Prevotellaceae|g__Prevotellaceae_UCG-001|s__unclassified_Prevotellaceae_UCG-001	0	0	0	0	0	0	0	0	0	0	0	0	0.000802549815413542	0.00105477975740066	0.000252229941987113	0.00057324986815253	0.00103184976267455	0.00103184976267455	0	0	0	0	0	0	2.29299947261012e-05	0	0	0	0	0	0.00827772809612254	0.0037605191350806	0.00435669899795923	0.0119465272522987	0.00612230859186902	0.00596179862878632
k__Bacteria|p__Bacillota|c__Clostridia|o__Lachnospirales|f__Lachnospiraceae|g__Lachnospiraceae_NK4A136_group|s__unclassified_Lachnospiraceae_NK4A136_group	0.000206369952534911	0.000114649973630506	0	0	0.000137579968356607	0.000252229941987113	0	0	0	0	0	0	0.00215541950425351	0.00231592946733622	0.00249936942514503	0.00243057944096673	0.0019719795464447	0.00178853958863589	0.00454013895576804	0.00577835867097751	0.00486115888193346	0.00520510880282498	0.00552612872899039	0.00584714865515581	0.00018343995780881	0.000206369952534911	0.000321019926165417	0.000412739905069822	0.000252229941987113	0.000206369952534911	4.58599894522024e-05	0	0	0	0	0
k__Bacteria|p__Bacillota|c__Clostridia|o__Oscillospirales|f__Oscillospiraceae	0.000619109857604733	0.00119235972575726	0.000825479810139644	0.00137579968356607	0.00119235972575726	0.00112356974157896	0.000206369952534911	0.000321019926165417	0	0.000275159936713215	0.000252229941987113	0.000412739905069822	0.00153630964664878	0.00144458966774438	0.0018343995780881	0.00149044965719658	0.00153630964664878	0.00119235972575726	0.000825479810139644	0.00149044965719658	0.0019490495517186	0.00199490954117081	0.00169681960973149	0.000894269794317947	0.00128407970466167	0.00121528972048336	0.00169681960973149	0.00213248950952741	0.00165095962027929	0.0019719795464447	0.00307261929329756	0.00222420948843182	0.00217834949897962	0.00256815940932334	0.0019031895622664	0.00199490954117081
k__Bacteria|p__Bacillota|c__Clostridia|o__Lachnospirales|f__Lachnospiraceae|g__Blautia|s__Lachnospiraceae_bacterium_28-4	0	0	0	0	0	0	9.17199789044048e-05	2.29299947261012e-05	6.87899841783036e-05	0.00018343995780881	4.58599894522024e-05	0.000160509963082709	0.00121528972048336	0.00105477975740066	0.00116942973103116	0.000733759831235239	0.00103184976267455	0.00103184976267455	0.00302675930384536	0.00316433927220197	0.00346242920364128	0.00307261929329756	0.00288917933548875	0.00309554928802366	0.00389809910343721	0.00449427896631584	0.0056866386920731	0.00506752883446837	0.00403567907179381	0.00449427896631584	0	0	0	0	0	0
k__Bacteria|p__Bacillota|c__Clostridia|o__Lachnospirales|f__Lachnospiraceae	0.00472357891357685	0.00456306895049414	0.00506752883446837	0.00470064891885075	0.00444841897686364	0.00465478892939855	0.000298089931439316	0.00018343995780881	0.000275159936713215	0.000321019926165417	0.000321019926165417	0.000298089931439316	0.00160509963082708	0.00259108940404944	0.00240764944624063	0.00263694939350164	0.00247643943041893	0.00233885946206232	0.00018343995780881	0.000137579968356607	0.000137579968356607	0.000229299947261012	0.000298089931439316	0.000229299947261012	0	0	0	0	0	0	0.000114649973630506	9.17199789044048e-05	0.000206369952534911	0.000275159936713215	9.17199789044048e-05	0.000137579968356607
k__Bacteria|p__Thermodesulfobacteriota|c__Desulfovibrionia|o__Desulfovibrionales|f__Desulfovibrionaceae|g__unclassified_Desulfovibrionaceae|s__unclassified_Desulfovibrionaceae	0	0	0	0	0	0	0.000366879915617619	0.000229299947261012	0.000229299947261012	0.000825479810139644	0.000435669899795923	0.000596179862878632	0.00263694939350164	0.00261401939877554	0.00206369952534911	0.00327898924583247	0.00270573937767994	0.00261401939877554	0.00167388961500539	0.0019031895622664	0.00249936942514503	0.0019719795464447	0.00265987938822774	0.00139872967829217	0.00259108940404944	0.0056178487078948	0.00325605925110637	0.00314140927747587	0.00341656921418908	0.00268280938295384	0	0	0	0	0	0
k__Bacteria|p__Bacillota|c__Bacilli|o__Erysipelotrichales|f__Erysipelotrichaceae|g__Dubosiella|s__unclassified_Dubosiella	0.00252229941987113	0.00476943890302905	0.00401274907706771	0.00465478892939855	0.00506752883446837	0.00522803879755108	0	0	0	0	0	0	0	0	0	0	0	0	0	0	0	0	0	0	0.00314140927747587	0.00488408887665956	0.00325605925110637	0.00332484923528468	0.00167388961500539	0.0037375891403545	0.000412739905069822	0.000389809910343721	0.000435669899795923	0.000458599894522024	0.000321019926165417	0.000343949920891518
k__Bacteria|p__Bacillota|c__Clostridia|o__Lachnospirales|f__Lachnospiraceae|g__[Eubacterium]_xylanophilum_group|s__unclassified_[Eubacterium]_xylanophilum_group	0	0	0	0	0	0	0	0	0	0	0	0	0.00162802962555319	0.00201783953589691	0.00155923964137488	0.0018802595675403	0.00171974960445759	0.00158216963610098	0	0	0	0	0	0	0.00614523858659512	0.00476943890302905	0.00825479810139644	0.00580128866570361	0.00692485840728257	0.00770447822797001	0.00135286968883997	0.00139872967829217	0.00057324986815253	0.00130700969938777	0.00114649973630506	0.00107770975212676
k__Bacteria|p__Bacillota|c__Clostridia|o__Oscillospirales|f__[Eubacterium]_coprostanoligenes_group|g__unclassified_[Eubacterium]_coprostanoligenes_group|s__unclassified_[Eubacterium]_coprostanoligenes_group	0	0	0	0	0	0	0.000252229941987113	0.000137579968356607	0	0	0.000206369952534911	0.000321019926165417	0	0	0	0	0	0	0	0	0	0	0	0	0	0	0	0	0	0	0.00919492788516659	0.00495287886083786	0.00513631881864667	0.009515947811332	0.00557198871844259	0.00607644860241682
k__Bacteria|p__Bacteroidota|c__Bacteroidia|o__Bacteroidales|f__Muribaculaceae|g__unclassified_Muribaculaceae|s__unclassified_Muribaculaceae	0.00162802962555319	0.00149044965719658	0.0019490495517186	0.00139872967829217	0.00107770975212676	0.00132993969411387	0	0	0	0	0	0	0.00174267959918369	0.0018573295728142	0.00176560959390979	0.00151337965192268	0.00137579968356607	0.00160509963082708	0.0037146591456284	0.00318726926692807	0.00295796931966706	0.00325605925110637	0.000458599894522024	0.00304968929857146	0.00165095962027929	0.00110063974685286	0.00100891976794845	0.000917199789044048	0.00144458966774438	0.00128407970466167	0.00057324986815253	0.000412739905069822	0.000596179862878632	0.00057324986815253	0.000458599894522024	0.000366879915617619
k__Bacteria|p__Bacillota|c__Clostridia|o__Lachnospirales|f__Lachnospiraceae	0.00119235972575726	0.00128407970466167	0.00142165967301828	0.00144458966774438	0.00119235972575726	0.00158216963610098	0.000343949920891518	0.000160509963082709	0.000687899841783036	0.000343949920891518	0.000298089931439316	0.000435669899795923	0.00456306895049414	0.00518217880809887	0.00506752883446837	0.00513631881864667	0.00440255898741143	0.00454013895576804	0	0	0	0	0	4.58599894522024e-05	0.000435669899795923	0.000389809910343721	0.000710829836509138	0.000481529889248125	0.000504459883974227	0.000596179862878632	0.000963059778496251	0.000802549815413542	0.000779619820687441	0.000779619820687441	0.000710829836509138	0.000779619820687441
k__Bacteria|p__Bacillota|c__Clostridia|o__Lachnospirales|f__Lachnospiraceae|g__Lachnoclostridium	0.000114649973630506	9.17199789044048e-05	0	0	0	0	0.00137579968356607	0.00103184976267455	0.00162802962555319	0.00137579968356607	0.00107770975212676	0.00146751966247048	0.000160509963082709	9.17199789044048e-05	0.000206369952534911	9.17199789044048e-05	0.00018343995780881	0	0.00247643943041893	0.00295796931966706	0.00243057944096673	0.00238471945151453	0.00307261929329756	0.00265987938822774	0.00364586916145009	0.00288917933548875	0.00433376900323313	0.00348535919836738	0.00401274907706771	0.00403567907179381	0	0	0	0	0	0
k__Bacteria|p__Actinomycetota|c__Coriobacteriia|o__Coriobacteriales|f__Eggerthellaceae|g__Adlercreutzia|s__unclassified_Adlercreutzia	0.00240764944624063	0.00417325904015042	0.00343949920891518	0.00582421866042971	0.00628281855495173	0.00674141844947376	0	0.000206369952534911	9.17199789044048e-05	0.000550319873426429	0.000229299947261012	0.000664969847056935	0.0018343995780881	0.000733759831235239	0.000321019926165417	0.000687899841783036	0.00103184976267455	0.00132993969411387	0.000229299947261012	0.000733759831235239	0.000825479810139644	0.000619109857604733	0.000550319873426429	0.000389809910343721	0	0.000114649973630506	0.000229299947261012	0.000160509963082709	0	4.58599894522024e-05	2.29299947261012e-05	0	0	6.87899841783036e-05	0	0
k__Bacteria|p__Bacillota|c__Clostridia|o__Oscillospirales|f__Oscillospiraceae|g__Colidextribacter	0.00075668982596134	0.000642039852330834	0.000894269794317947	0.000894269794317947	0.00075668982596134	0.00105477975740066	0	0	0	0	0	0	0.00341656921418908	0.00252229941987113	0.00337070922473688	0.00279745935658435	0.00263694939350164	0.00215541950425351	0.000366879915617619	0.000504459883974227	0.000802549815413542	0.000871339799591846	0.000687899841783036	0.000298089931439316	0.00057324986815253	0.000412739905069822	0.00103184976267455	0.000642039852330834	0.000985989773222352	0.000848409804865745	0.00277452936185825	0.00233885946206232	0.00204076953062301	0.00265987938822774	0.00206369952534911	0.00162802962555319
k__Bacteria|p__Bacillota|c__Clostridia|o__Lachnospirales|f__Lachnospiraceae|g__Lachnospiraceae_NK4A136_group	0	0	0	0	0	0	0	0	0	0	0	0	0	0	0	0	0	0	0	0	0	0	0	0	0	0	0	0	0	0	0.0074981082754351	0.00736052830707849	0.00651211850221274	0.00713122835981748	0.00678727843892596	0.0056866386920731
k__Bacteria|p__Bacteroidota|c__Bacteroidia|o__Bacteroidales|f__Muribaculaceae|g__unclassified_Muribaculaceae|s__unclassified_Muribaculaceae	0.000527389878700328	0.000366879915617619	0.000779619820687441	0.000366879915617619	0.000458599894522024	0.000343949920891518	0.000596179862878632	0.000642039852330834	0.000664969847056935	0.000802549815413542	0.000642039852330834	0.000527389878700328	0.00171974960445759	0.0018573295728142	0.0019261195569925	0.0019031895622664	0.00144458966774438	0.00210955951480131	0.00139872967829217	0.00128407970466167	0.00132993969411387	0.00119235972575726	0.00103184976267455	0.0019719795464447	0.00360000917199789	0.00323312925638027	0.00316433927220197	0.00348535919836738	0.00279745935658435	0.00256815940932334	9.17199789044048e-05	0.000229299947261012	0.000298089931439316	0.000252229941987113	0.000343949920891518	0.000275159936713215
k__Bacteria|p__Bacillota|c__Clostridia|o__Lachnospirales|f__Lachnospiraceae	0	0	0	0	0	0	0	0	0	0	0	0	0	0	0	0	0	0	0.00557198871844259	0.00587007864988191	0.00623695856549953	0.00630574854967783	0.00630574854967783	0.00662676847584325	0.000206369952534911	0.000160509963082709	0.000206369952534911	0.000114649973630506	0.000137579968356607	0.000137579968356607	0	0	0	0	0	0
k__Bacteria|p__Bacteroidota|c__Bacteroidia|o__Bacteroidales|f__Muribaculaceae|g__unclassified_Muribaculaceae|s__unclassified_Muribaculaceae	0.000687899841783036	0.00100891976794845	0.000596179862878632	0.000527389878700328	0.000687899841783036	0.000779619820687441	0	0	0	0	0	0	0	0	0	0	0	0	0	0	0	0	0	0	0.00855288803283575	0.00655797849166495	0.00632867854440394	0.00619109857604733	0.00765861823851781	0.00715415835454358	0.000687899841783036	0.000664969847056935	0.000848409804865745	0.000687899841783036	0.000802549815413542	0.000550319873426429
k__Bacteria|p__Bacillota|c__Clostridia|o__Lachnospirales|f__Lachnospiraceae	0.00075668982596134	0.000687899841783036	0.000664969847056935	0.000848409804865745	0.00075668982596134	0.00075668982596134	0	0.000275159936713215	0	0	0.000366879915617619	0.000275159936713215	0.000527389878700328	0.000710829836509138	0.000825479810139644	0.000848409804865745	0.000687899841783036	0.000710829836509138	0	0	0	0	0	0	0	0	0	0	0	0	0.00492994886611176	0.00492994886611176	0.00513631881864667	0.00502166884501617	0.00474650890830295	0.00437962899268533
k__Bacteria|p__Bacillota|c__Clostridia|o__Lachnospirales|f__Lachnospiraceae|g__[Eubacterium]_xylanophilum_group|s__unclassified_[Eubacterium]_xylanophilum_group	0	0	0	0	0	0	0.00105477975740066	0.000481529889248125	0.000871339799591846	0.000596179862878632	0.00103184976267455	0.000963059778496251	0.00112356974157896	0.00126114970993557	0.00139872967829217	0.000963059778496251	0.00107770975212676	0.00132993969411387	0.00327898924583247	0.00403567907179381	0.00387516910871111	0.00419618903487652	0.00451720896104194	0.00444841897686364	0.000160509963082709	0.000137579968356607	0.000206369952534911	0.000298089931439316	0.000458599894522024	0.000321019926165417	0	0	0	0	0	0
k__Bacteria|p__Bacillota|c__Clostridia|o__Lachnospirales|f__Lachnospiraceae|g__Lachnoclostridium	0.00135286968883997	0.00151337965192268	0.00217834949897962	0.00123821971520947	0.00130700969938777	0.00128407970466167	0.0018573295728142	0.00153630964664878	0.00213248950952741	0.00178853958863589	0.0019031895622664	0.00178853958863589	0.00284331934603655	0.00286624934076265	0.00339363921946298	0.00263694939350164	0.00304968929857146	0.00261401939877554	0	0	0	0	0	0	0.000894269794317947	0.000642039852330834	0.00116942973103116	0.000733759831235239	0.000963059778496251	0.00075668982596134	0	0	0	0	0	0
k__Bacteria|p__Bacteroidota|c__Bacteroidia|o__Bacteroidales|f__Marinifilaceae|g__Odoribacter|s__unclassified_Odoribacter	0.00268280938295384	0.00231592946733622	0.00259108940404944	0.00233885946206232	0.00199490954117081	0.00171974960445759	0.000343949920891518	0.000343949920891518	0.000550319873426429	0.000458599894522024	0.000458599894522024	0.000687899841783036	0	0	0	0	0	0	0	0	0	0	0	0	0.00158216963610098	0.00151337965192268	0.0019719795464447	0.00204076953062301	0.00178853958863589	0.0019031895622664	0.00210955951480131	0.00307261929329756	0.00243057944096673	0.00208662952007521	0.00245350943569283	0.00204076953062301
k__Bacteria|p__Bacteroidota|c__Bacteroidia|o__Bacteroidales|f__Rikenellaceae|g__Alistipes|s__unclassified_Alistipes	0.00332484923528468	0.00139872967829217	0.00144458966774438	0.0019490495517186	0.00245350943569283	0.00259108940404944	0.000435669899795923	0.000412739905069822	0.000596179862878632	0.000321019926165417	0.000412739905069822	0.000458599894522024	0.000710829836509138	0.000871339799591846	0.00128407970466167	0.00110063974685286	0.000802549815413542	0.00075668982596134	0.000229299947261012	0.000366879915617619	0.000252229941987113	0.000137579968356607	0.000619109857604733	0.00018343995780881	0.000229299947261012	0.000412739905069822	0.000206369952534911	0.000160509963082709	9.17199789044048e-05	0	0.00233885946206232	0.0018343995780881	0.00224713948315792	0.00252229941987113	0.00206369952534911	0.00155923964137488
k__Bacteria|p__Bacillota|c__Clostridia|o__Lachnospirales|f__Lachnospiraceae	0.000206369952534911	0.000206369952534911	0.00018343995780881	0.000229299947261012	0.000114649973630506	9.17199789044048e-05	0.00481529889248125	0.00275159936713215	0.00307261929329756	0.00405860906651991	0.00465478892939855	0.00593886863406021	0.000779619820687441	0.000963059778496251	0.00094012978377015	0.00107770975212676	0.000642039852330834	0.000963059778496251	0.000733759831235239	0.000963059778496251	0.000871339799591846	0.000871339799591846	0.00100891976794845	0.000802549815413542	0.000366879915617619	0.00018343995780881	0.000206369952534911	0.000160509963082709	0.000366879915617619	0.000275159936713215	0	0	0	0	0	0
k__Bacteria|p__Bacteroidota|c__Bacteroidia|o__Bacteroidales|f__Bacteroidaceae|g__Bacteroides	0	0	0	0	0	0	0.00094012978377015	0.00105477975740066	0.000733759831235239	0.000504459883974227	0.000779619820687441	0.00112356974157896	0.000114649973630506	6.87899841783036e-05	0.000160509963082709	0.000160509963082709	0.000137579968356607	0.00018343995780881	6.87899841783036e-05	0.000229299947261012	0.000366879915617619	0.000481529889248125	0.000435669899795923	0.000229299947261012	0.00511338882392057	0.00846116805393135	0.00685606842310426	0.00550319873426429	0.00619109857604733	0.0055949187131687	0	0	0	0	0	0
k__Bacteria|p__Bacillota|c__Clostridia|o__Lachnospirales|f__Lachnospiraceae	0.000848409804865745	0.000779619820687441	0.000779619820687441	0.000550319873426429	0.00075668982596134	0.00057324986815253	0.000343949920891518	0.000321019926165417	0.000275159936713215	0.000206369952534911	0.000275159936713215	0.000366879915617619	0.00435669899795923	0.00603058861296462	0.00584714865515581	0.00552612872899039	0.00476943890302905	0.00490701887138566	0	0	0	0	6.87899841783036e-05	0	0	0	0	0	0.000252229941987113	0	0	0	0	0	0	0
k__Bacteria|p__Pseudomonadota|c__Gammaproteobacteria|o__Burkholderiales|f__Sutterellaceae|g__Turicimonas|s__Burkholderiales_bacterium_YL45	0.000917199789044048	0.000321019926165417	9.17199789044048e-05	0.000619109857604733	0.000802549815413542	0.000527389878700328	0.000642039852330834	0.000504459883974227	0.000825479810139644	0.000642039852330834	0.000664969847056935	0.00158216963610098	0.000114649973630506	0	0.000160509963082709	0.00018343995780881	6.87899841783036e-05	6.87899841783036e-05	0.000366879915617619	0.00094012978377015	0.000733759831235239	0.00105477975740066	0.000917199789044048	0.000252229941987113	0.000206369952534911	0.000664969847056935	0.000275159936713215	0.000435669899795923	0.000481529889248125	0.000366879915617619	0.00456306895049414	0.00213248950952741	0.00243057944096673	0.00474650890830295	0.00259108940404944	0.00217834949897962
k__Bacteria|p__Bacillota|c__Clostridia|o__Lachnospirales|f__Lachnospiraceae	0.000160509963082709	0.000160509963082709	6.87899841783036e-05	0.000137579968356607	0.000114649973630506	0.000137579968356607	0.000252229941987113	0.000321019926165417	0.000298089931439316	0.000321019926165417	0.000366879915617619	0.000458599894522024	0.000917199789044048	0.00112356974157896	0.00112356974157896	0.00119235972575726	0.00075668982596134	0.000779619820687441	0.00233885946206232	0.00309554928802366	0.00302675930384536	0.00325605925110637	0.00327898924583247	0.00304968929857146	0.00114649973630506	0.00110063974685286	0.00105477975740066	0.000848409804865745	0.00103184976267455	0.000963059778496251	0.000527389878700328	0.000206369952534911	0.000596179862878632	0.000481529889248125	0.000596179862878632	0.000412739905069822
k__Bacteria|p__Bacillota|c__Clostridia|o__Oscillospirales|f__Ruminococcaceae|g__[Eubacterium]_siraeum_group|s__unclassified_[Eubacterium]_siraeum_group	0.00504459883974227	0.00451720896104194	0.00483822888720736	0.0056178487078948	0.00708536837036527	0.00607644860241682	0	0	0	0	0	0	0	0	0	0	0	0	0	0	0	0	0	0	0	0	0	0	0	0	0	0	0	0	0	0
k__Bacteria|p__Bacteroidota|c__Bacteroidia|o__Bacteroidales|f__Rikenellaceae|g__Alistipes|s__Alistipes_sp._cv1	0.00279745935658435	0.00146751966247048	0.0018802595675403	0.00265987938822774	0.00288917933548875	0.00261401939877554	0	0	0	0	0	0	9.17199789044048e-05	4.58599894522024e-05	4.58599894522024e-05	0	4.58599894522024e-05	4.58599894522024e-05	0	0	0	0	0	0	0	0	0	0	0	0	0.00396688908761551	0.00245350943569283	0.00295796931966706	0.00410446905597212	0.00261401939877554	0.00259108940404944
k__Bacteria|p__Bacillota|c__Clostridia|o__Lachnospirales|f__Lachnospiraceae	0.00261401939877554	0.00275159936713215	0.00256815940932334	0.00240764944624063	0.00288917933548875	0.00208662952007521	0.000733759831235239	0.000894269794317947	0.000917199789044048	0.00057324986815253	0.000619109857604733	0.000848409804865745	0.000298089931439316	0.000642039852330834	0.000481529889248125	0.000710829836509138	0.000687899841783036	0.000481529889248125	0.00144458966774438	0.00139872967829217	0.00142165967301828	0.00123821971520947	0.00132993969411387	0.00165095962027929	0.000298089931439316	0.000642039852330834	0.000527389878700328	0.000412739905069822	0.000687899841783036	0.000527389878700328	4.58599894522024e-05	0	0	0	0	0
k__Bacteria|p__Bacillota|c__Clostridia|o__Oscillospirales|f__Oscillospiraceae|g__Colidextribacter	0.000366879915617619	0.000710829836509138	0.000985989773222352	0.000733759831235239	0.00075668982596134	0.000963059778496251	0.000160509963082709	0.000114649973630506	0.000275159936713215	0	9.17199789044048e-05	0.000275159936713215	0.00137579968356607	0.00116942973103116	0.00123821971520947	0.00130700969938777	0.00112356974157896	0.00103184976267455	0.00105477975740066	0.00144458966774438	0.00199490954117081	0.0018802595675403	0.00153630964664878	0.00110063974685286	0.000963059778496251	0.00116942973103116	0.00178853958863589	0.00165095962027929	0.00144458966774438	0.00210955951480131	0.00112356974157896	0.000985989773222352	0.00121528972048336	0.000963059778496251	0.00114649973630506	0.00105477975740066
k__Bacteria|p__Bacillota|c__Clostridia|o__Lachnospirales|f__Lachnospiraceae|g__Faecalimonas	0.00075668982596134	0.000343949920891518	0.000504459883974227	0.000275159936713215	0.000412739905069822	0.000504459883974227	0.000917199789044048	0.000779619820687441	0.00105477975740066	0.000481529889248125	0.000710829836509138	0.000963059778496251	0.0037605191350806	0.00392102909816331	0.00412739905069822	0.00401274907706771	0.00357707917727179	0.00316433927220197	0.000481529889248125	0.000504459883974227	0.000412739905069822	0.00057324986815253	0.000458599894522024	0.000664969847056935	0.000366879915617619	0.000275159936713215	0.000206369952534911	0.000435669899795923	0.000527389878700328	0.000298089931439316	0.000252229941987113	0.000160509963082709	0.000206369952534911	0.000298089931439316	0.000160509963082709	0.000160509963082709
k__Bacteria|p__Bacteroidota|c__Bacteroidia|o__Bacteroidales|f__Muribaculaceae|g__unclassified_Muribaculaceae|s__unclassified_Muribaculaceae	0.000802549815413542	0.000664969847056935	0.00105477975740066	0.00057324986815253	0.000596179862878632	0.000710829836509138	0.00210955951480131	0.0019261195569925	0.00236178945678842	0.0019490495517186	0.00227006947788402	0.00142165967301828	0.000917199789044048	0.000825479810139644	0.00100891976794845	0.00114649973630506	0.00116942973103116	0.00100891976794845	0.000825479810139644	0.000917199789044048	0.00105477975740066	0.000871339799591846	0.000917199789044048	0.00105477975740066	0.00171974960445759	0.00155923964137488	0.00162802962555319	0.00201783953589691	0.00167388961500539	0.00123821971520947	0	0	0	0	0	0
k__Bacteria|p__Bacteroidota|c__Bacteroidia|o__Bacteroidales|f__Rikenellaceae|g__Alistipes|s__unclassified_Alistipes	0.00288917933548875	0.00142165967301828	0.00155923964137488	0.00215541950425351	0.00277452936185825	0.00240764944624063	0.000481529889248125	0.000779619820687441	0.000275159936713215	0.000458599894522024	0.000435669899795923	0.000894269794317947	0	0	0	0	0	0	0.00075668982596134	0.00171974960445759	0.00167388961500539	0.00142165967301828	0.00245350943569283	0.000733759831235239	0.000275159936713215	0.000137579968356607	0.000366879915617619	0.000252229941987113	0.00018343995780881	0	0.00144458966774438	0.000985989773222352	0.000779619820687441	0.00121528972048336	0.00103184976267455	0.000779619820687441
k__Bacteria|p__Bacillota|c__Clostridia|o__Lachnospirales|f__Lachnospiraceae	0.0037605191350806	0.0037605191350806	0.00421911902960262	0.00325605925110637	0.00309554928802366	0.00350828919309349	0.00144458966774438	0.00149044965719658	0.00144458966774438	0.00155923964137488	0.00135286968883997	0.00167388961500539	0.000275159936713215	0.00057324986815253	0.000412739905069822	0.000802549815413542	0.000527389878700328	0.000229299947261012	4.58599894522024e-05	4.58599894522024e-05	0	0	9.17199789044048e-05	0	0	0	0.000114649973630506	9.17199789044048e-05	0.000114649973630506	0	0	0	0	0	0	0
k__Bacteria|p__Bacteroidota|c__Bacteroidia|o__Bacteroidales|f__Muribaculaceae|g__unclassified_Muribaculaceae|s__unclassified_Muribaculaceae	0.00110063974685286	0.000848409804865745	0.000825479810139644	0.000894269794317947	0.000802549815413542	0.000733759831235239	0.000619109857604733	0.000871339799591846	0.00075668982596134	0.000458599894522024	0.000917199789044048	0.000412739905069822	0.000206369952534911	0.000435669899795923	0.000321019926165417	0.000435669899795923	0.000321019926165417	0.000458599894522024	0.00075668982596134	0.00057324986815253	0.000642039852330834	0.000596179862878632	0.000550319873426429	0.000825479810139644	0.000687899841783036	0.000825479810139644	0.00094012978377015	0.000802549815413542	0.00105477975740066	0.000435669899795923	0.001811469583362	0.00309554928802366	0.00252229941987113	0.0019031895622664	0.00307261929329756	0.00247643943041893
k__Bacteria|p__Bacillota|c__Clostridia|o__Lachnospirales|f__Lachnospiraceae	0.00018343995780881	0.000229299947261012	0.000229299947261012	0.000275159936713215	0.000160509963082709	0.000275159936713215	0.000389809910343721	0.000435669899795923	0.000389809910343721	0.000435669899795923	0.000481529889248125	0.000481529889248125	0.00240764944624063	0.00252229941987113	0.00277452936185825	0.0019490495517186	0.00272866937240604	0.00204076953062301	0.00114649973630506	0.00110063974685286	0.00107770975212676	0.00123821971520947	0.00128407970466167	0.00114649973630506	0.00107770975212676	0.000848409804865745	0.00132993969411387	0.00135286968883997	0.00153630964664878	0.00135286968883997	0.000504459883974227	0.000229299947261012	0.000412739905069822	0.000504459883974227	0.000435669899795923	0.000389809910343721
k__Bacteria|p__Bacillota|c__Clostridia|o__Lachnospirales|f__Lachnospiraceae	0	6.87899841783036e-05	0	0	9.17199789044048e-05	9.17199789044048e-05	0	0	0	0	0	0	0	0	0	0	0	0	0.00428790901378093	0.00387516910871111	0.0037834491298067	0.00412739905069822	0.00499873885029006	0.00502166884501617	0.000871339799591846	0.000504459883974227	0.00119235972575726	0.000963059778496251	0.000825479810139644	0.00105477975740066	0	0	0	0	0	0
k__Bacteria|p__Bacillota|c__Clostridia|o__Lachnospirales|f__Lachnospiraceae	0	4.58599894522024e-05	0	0	0	0	0	0	0	0	0	0	0.00495287886083786	0.00596179862878632	0.00648918850748664	0.00534268877118158	0.00451720896104194	0.00520510880282498	0.00018343995780881	0.000412739905069822	0.000206369952534911	0.000229299947261012	0.00018343995780881	0.000527389878700328	0.000114649973630506	0	0.000160509963082709	0.00018343995780881	0.000160509963082709	0.00018343995780881	0	0	0	0	0	0
k__Bacteria|p__Bacteroidota|c__Bacteroidia|o__Bacteroidales|f__Bacteroidaceae|g__Bacteroides	0.000435669899795923	0.000206369952534911	0.00018343995780881	0.00057324986815253	0.000550319873426429	0.000321019926165417	0.000619109857604733	0.000389809910343721	0.000229299947261012	0.000321019926165417	0.000206369952534911	0.000366879915617619	0.000963059778496251	0.000894269794317947	0.00119235972575726	0.000985989773222352	0.00094012978377015	0.000871339799591846	0	0.000229299947261012	0.000137579968356607	0.000298089931439316	0.00018343995780881	0.000114649973630506	0.00316433927220197	0.00479236889775515	0.00398981908234161	0.00284331934603655	0.00412739905069822	0.00343949920891518	0.000894269794317947	0.000825479810139644	0.000664969847056935	0.000825479810139644	0.000642039852330834	0.000664969847056935
k__Bacteria|p__Bacillota|c__Clostridia|o__Lachnospirales|f__Lachnospiraceae	0	0	0	0	0	0	0	0	0	0	0	0	0	0	0	0	0	0	0	0	0	0	0	0	0.00683313842837816	0.00593886863406021	0.00864460801174016	0.00674141844947376	0.00800256815940932	0.00733759831235239	0	0	0	0	0	0
k__Bacteria|p__Bacillota|c__Clostridia|o__Oscillospirales|f__Oscillospiraceae	0.00169681960973149	0.00144458966774438	0.00128407970466167	0.00233885946206232	0.0018573295728142	0.00160509963082708	0.000137579968356607	0.000298089931439316	0.000252229941987113	0.000275159936713215	0.000252229941987113	0.000389809910343721	0.000458599894522024	0.000550319873426429	0.000848409804865745	0.000687899841783036	0.000687899841783036	0.00075668982596134	0.000596179862878632	0.00171974960445759	0.00155923964137488	0.001811469583362	0.00160509963082708	0.000871339799591846	0.000596179862878632	0.000412739905069822	0.000458599894522024	0.000481529889248125	0.000458599894522024	0.000458599894522024	0.00094012978377015	0.000733759831235239	0.000963059778496251	0.000802549815413542	0.000710829836509138	0.000642039852330834
k__Bacteria|p__Bacteroidota|c__Bacteroidia|o__Bacteroidales|f__Tannerellaceae|g__Parabacteroides|s__Parabacteroides_merdae	0	0	0	0	0	0	0.00217834949897962	0.00222420948843182	0.0019490495517186	0.00217834949897962	0.0019490495517186	0.00210955951480131	0.0019261195569925	0.001811469583362	0.00224713948315792	0.00224713948315792	0.00224713948315792	0.00245350943569283	0.000825479810139644	0.000779619820687441	0.000894269794317947	0.000871339799591846	0.000802549815413542	0.000779619820687441	0.00094012978377015	0.000343949920891518	0.000619109857604733	0.000504459883974227	0.000550319873426429	0.000664969847056935	0	0	0.000114649973630506	0	9.17199789044048e-05	0.000114649973630506
k__Bacteria|p__Bacillota|c__Clostridia|o__Lachnospirales|f__Lachnospiraceae|g__[Eubacterium]_xylanophilum_group|s__unclassified_[Eubacterium]_xylanophilum_group	0	0	0	0	0	0	0	0	0	0	0	0	0.00153630964664878	0.00268280938295384	0.0018802595675403	0.00220127949370572	0.00208662952007521	0.00201783953589691	0.00256815940932334	0.00279745935658435	0.00291210933021485	0.00265987938822774	0.00357707917727179	0.00275159936713215	9.17199789044048e-05	0	0.000137579968356607	0.00018343995780881	4.58599894522024e-05	0	0.000160509963082709	0	0	0	0	0
k__Bacteria|p__Bacteroidota|c__Bacteroidia|o__Bacteroidales|f__Muribaculaceae|g__unclassified_Muribaculaceae|s__unclassified_Muribaculaceae	0.000343949920891518	0.000298089931439316	0.000298089931439316	0.000206369952534911	0.000252229941987113	0.000298089931439316	0.000687899841783036	0.000596179862878632	0.000275159936713215	0.000481529889248125	0.000550319873426429	0.000298089931439316	0.000917199789044048	0.000550319873426429	0.000802549815413542	0.000550319873426429	0.000871339799591846	0.000779619820687441	0.000619109857604733	0.000527389878700328	0.000366879915617619	0.000481529889248125	0.000527389878700328	0.000733759831235239	0.00506752883446837	0.00396688908761551	0.00392102909816331	0.00440255898741143	0.00364586916145009	0.00245350943569283	0.00018343995780881	9.17199789044048e-05	6.87899841783036e-05	6.87899841783036e-05	9.17199789044048e-05	0.000160509963082709
k__Bacteria|p__Bacillota|c__Clostridia|o__Lachnospirales|f__Lachnospiraceae|g__A2	0	0	0	0	0	0	0	0	0	0	0	0	0	0	0	0	0	0	0.00403567907179381	0.00518217880809887	0.00426497901905483	0.00472357891357685	0.00520510880282498	0.00431083900850703	0	0	0	0	0	0	0	0	0	0	0	0
k__Bacteria|p__Bacillota|c__Clostridia|o__Lachnospirales|f__Lachnospiraceae	0.00116942973103116	0.00107770975212676	0.00107770975212676	0.00107770975212676	0.00100891976794845	0.00110063974685286	0.000550319873426429	0.000619109857604733	0.00057324986815253	0.000985989773222352	0.000733759831235239	0.000596179862878632	0.00213248950952741	0.00293503932494096	0.00321019926165417	0.00286624934076265	0.00236178945678842	0.0019261195569925	0.000664969847056935	0.000412739905069822	0.000504459883974227	0.000458599894522024	0.00057324986815253	0.000596179862878632	9.17199789044048e-05	0	9.17199789044048e-05	0.00018343995780881	0.000321019926165417	0	9.17199789044048e-05	6.87899841783036e-05	6.87899841783036e-05	0	9.17199789044048e-05	9.17199789044048e-05
k__Bacteria|p__Bacteroidota|c__Bacteroidia|o__Bacteroidales|f__Muribaculaceae|g__unclassified_Muribaculaceae|s__unclassified_Muribaculaceae	0.000435669899795923	0.000779619820687441	0.000733759831235239	0.000412739905069822	0.00075668982596134	0.000642039852330834	0.000642039852330834	0.000642039852330834	0.000504459883974227	0.00128407970466167	0.00094012978377015	0.000619109857604733	0.00171974960445759	0.00162802962555319	0.000848409804865745	0.00144458966774438	0.00176560959390979	0.0019490495517186	0	0	0	0	0	0	0.00103184976267455	0.000917199789044048	0.000985989773222352	0.000917199789044048	0.000619109857604733	0.00130700969938777	0.000963059778496251	0.000481529889248125	0.000963059778496251	0.00169681960973149	0.00199490954117081	0.00217834949897962
k__Bacteria|p__Bacteroidota|c__Bacteroidia|o__Bacteroidales|f__Rikenellaceae|g__Alistipes	0.00167388961500539	0.00057324986815253	0.000985989773222352	0.00126114970993557	0.00105477975740066	0.00132993969411387	0.000366879915617619	0.000343949920891518	0.000642039852330834	0.000321019926165417	0.000343949920891518	0.000710829836509138	0.000114649973630506	6.87899841783036e-05	0.000137579968356607	9.17199789044048e-05	0	9.17199789044048e-05	0	0	0	0	0	0	0.00199490954117081	0.00206369952534911	0.00160509963082708	0.00126114970993557	0.00142165967301828	0.00132993969411387	0.00261401939877554	0.00160509963082708	0.00144458966774438	0.00236178945678842	0.00153630964664878	0.00146751966247048
k__Bacteria|p__Bacteroidota|c__Bacteroidia|o__Bacteroidales|f__Prevotellaceae|g__Prevotellaceae_NK3B31_group|s__unclassified_Prevotellaceae_NK3B31_group	0.00149044965719658	0.001811469583362	0.00130700969938777	0.00330191924055857	0.00417325904015042	0.00362293916672399	0	0	0	0	0	0	0.000252229941987113	0.000321019926165417	2.29299947261012e-05	0.000160509963082709	0.000481529889248125	9.17199789044048e-05	4.58599894522024e-05	0.000229299947261012	9.17199789044048e-05	0.000137579968356607	0.000114649973630506	6.87899841783036e-05	0	0	0	0	9.17199789044048e-05	0	0.00155923964137488	0.000985989773222352	0.000733759831235239	0.00231592946733622	0.00277452936185825	0.00107770975212676
k__Bacteria|p__Bacillota|c__Clostridia|o__Lachnospirales|f__Lachnospiraceae|g__unclassified_Lachnospiraceae	0.000298089931439316	0.000298089931439316	0.000389809910343721	0.000298089931439316	0.000252229941987113	0.000160509963082709	0	0	0	0	0	0	0.00167388961500539	0.0019490495517186	0.0019261195569925	0.00153630964664878	0.00238471945151453	0.0018343995780881	0.00245350943569283	0.00247643943041893	0.00265987938822774	0.00268280938295384	0.00279745935658435	0.00252229941987113	0	0	0	0	0	0	0	0	0	0	0	0
k__Bacteria|p__Bacillota|c__Clostridia|o__Lachnospirales|f__Lachnospiraceae	0.00114649973630506	0.000550319873426429	0.000710829836509138	0.000894269794317947	0.000894269794317947	0.000779619820687441	0.0019261195569925	0.0019490495517186	0.00220127949370572	0.0019261195569925	0.00199490954117081	0.00261401939877554	0.00057324986815253	0.000985989773222352	0.00121528972048336	0.000894269794317947	0.00094012978377015	0.000825479810139644	0.00075668982596134	0.000848409804865745	0.000917199789044048	0.00130700969938777	0.00107770975212676	0.000963059778496251	6.87899841783036e-05	4.58599894522024e-05	0.000229299947261012	0.00018343995780881	0.000114649973630506	4.58599894522024e-05	0	0	0	0	0	2.29299947261012e-05
k__Bacteria|p__Bacillota|c__Clostridia|o__Lachnospirales|f__Lachnospiraceae	0.00103184976267455	0.00100891976794845	0.00105477975740066	0.00094012978377015	0.000963059778496251	0.000825479810139644	0.000550319873426429	0.000596179862878632	0.000527389878700328	0.000710829836509138	0.000550319873426429	0.000481529889248125	0	0	0	0	0	0	0	0	0	0	0	0	0	0	0	0	0	0	0.00325605925110637	0.00366879915617619	0.00325605925110637	0.00309554928802366	0.00311847928274976	0.00327898924583247
k__Bacteria|p__Bacillota|c__Bacilli|o__Erysipelotrichales|f__Erysipelotrichaceae|g__Dubosiella|s__unclassified_Dubosiella	0	0	0	0	0	0	0	0	0	0	0	0	0	0.000366879915617619	0.000596179862878632	0.000321019926165417	0.00057324986815253	0.000527389878700328	0.00288917933548875	0.00339363921946298	0.00295796931966706	0.00343949920891518	0.00282038935131045	0.00334777923001078	0	0	0	0	0	0	0.000825479810139644	0.000825479810139644	0.00103184976267455	0.000985989773222352	0.000779619820687441	0.000894269794317947
k__Bacteria|p__Bacteroidota|c__Bacteroidia|o__Bacteroidales|f__Muribaculaceae|g__unclassified_Muribaculaceae|s__unclassified_Muribaculaceae	0	0	0	0	0	0	0	0	0	0	0	0	0	0	0	0	9.17199789044048e-05	0	0	0	0	0	0	0	0	6.87899841783036e-05	0	2.29299947261012e-05	0	2.29299947261012e-05	0.00444841897686364	0.00492994886611176	0.00481529889248125	0.00419618903487652	0.00492994886611176	0.00506752883446837
k__Bacteria|p__Actinomycetota|c__Coriobacteriia|o__Coriobacteriales|f__Eggerthellaceae|g__Adlercreutzia|s__unclassified_Adlercreutzia	0.000481529889248125	0.000894269794317947	0.000687899841783036	0.00139872967829217	0.00162802962555319	0.00153630964664878	0.000343949920891518	0.000596179862878632	9.17199789044048e-05	0.00119235972575726	0.000802549815413542	0.00160509963082708	0.00119235972575726	0.000458599894522024	0.000114649973630506	0.000389809910343721	0.000550319873426429	0.000550319873426429	0.000389809910343721	0.00139872967829217	0.00110063974685286	0.000894269794317947	0.00121528972048336	0.000733759831235239	0.000206369952534911	0.000412739905069822	0.000458599894522024	9.17199789044048e-05	0.000229299947261012	0.000160509963082709	0.00107770975212676	0.000458599894522024	0.000366879915617619	0.0019031895622664	0.000825479810139644	0.00114649973630506
k__Bacteria|p__Actinomycetota|c__Actinobacteria|o__Bifidobacteriales|f__Bifidobacteriaceae|g__Bifidobacterium	0.000642039852330834	0.000137579968356607	0.00018343995780881	0.000389809910343721	0.000504459883974227	0.000596179862878632	0.00162802962555319	0.00137579968356607	0.00165095962027929	0.00123821971520947	0.00158216963610098	0.00252229941987113	0.000802549815413542	0.00103184976267455	0.00100891976794845	0.000779619820687441	0.000963059778496251	0.000825479810139644	0.000298089931439316	0.00130700969938777	0.000917199789044048	0.00107770975212676	0.00137579968356607	0.000389809910343721	0.000321019926165417	0.000389809910343721	0.000458599894522024	0.000275159936713215	0.000275159936713215	0.000206369952534911	0.000825479810139644	0.000343949920891518	0.000229299947261012	0.000985989773222352	0.000229299947261012	0.000321019926165417
k__Bacteria|p__Bacteroidota|c__Bacteroidia|o__Bacteroidales|f__Muribaculaceae|g__unclassified_Muribaculaceae|s__unclassified_Muribaculaceae	0.00288917933548875	0.00268280938295384	0.00318726926692807	0.00204076953062301	0.00236178945678842	0.00165095962027929	0	0	0	0	0	0	0	2.29299947261012e-05	0	0	4.58599894522024e-05	0	0	0	0	0	0	0	0	0	0	0	0	0	0.00126114970993557	0.00249936942514503	0.0019719795464447	0.00153630964664878	0.00286624934076265	0.00224713948315792
k__Bacteria|p__Bacillota|c__Clostridia|o__Lachnospirales|f__Lachnospiraceae	0.00119235972575726	0.000389809910343721	0.000596179862878632	0.000481529889248125	0.000619109857604733	0.000527389878700328	0	0	0	0	0.000298089931439316	0.000366879915617619	0.000458599894522024	0.00100891976794845	0.00100891976794845	0.000779619820687441	0.000894269794317947	0.000779619820687441	0.00291210933021485	0.00282038935131045	0.00254522941459723	0.00217834949897962	0.00261401939877554	0.00272866937240604	0	0	0	0	0	0	0	0.000389809910343721	0	0.000252229941987113	0	0
k__Bacteria|p__Actinomycetota|c__Coriobacteriia|o__Coriobacteriales|f__Eggerthellaceae|g__Adlercreutzia	0.000871339799591846	0.00316433927220197	0.00110063974685286	0.00405860906651991	0.00176560959390979	0.0018802595675403	0.000160509963082709	0.000298089931439316	0	0.000366879915617619	0.000206369952534911	0.00110063974685286	0.000848409804865745	0.000366879915617619	0	0.000321019926165417	0.000366879915617619	0.000596179862878632	0.000435669899795923	0.000710829836509138	0.000664969847056935	0.00110063974685286	0.00103184976267455	0.000527389878700328	0	0.000412739905069822	0.000481529889248125	0.000206369952534911	0.000366879915617619	0.000435669899795923	0.000504459883974227	0.00018343995780881	0.000114649973630506	0.00075668982596134	0.00057324986815253	0.000366879915617619
k__Bacteria|p__Bacteroidota|c__Bacteroidia|o__Bacteroidales|f__Muribaculaceae|g__unclassified_Muribaculaceae|s__unclassified_Muribaculaceae	0.000298089931439316	0.000321019926165417	0	0	0.000229299947261012	0.000275159936713215	0.000619109857604733	0.000642039852330834	0.000710829836509138	0.000550319873426429	0.00094012978377015	0.00057324986815253	0.000527389878700328	0.000596179862878632	0.000710829836509138	0.000550319873426429	0.000389809910343721	0.000802549815413542	0.00100891976794845	0.00105477975740066	0.000642039852330834	0.000985989773222352	0.000848409804865745	0.00135286968883997	0.000458599894522024	0.000481529889248125	0	0.000642039852330834	0.000481529889248125	0.000550319873426429	0.00128407970466167	0.00160509963082708	0.00139872967829217	0.00167388961500539	0.0019031895622664	0.00137579968356607
k__Bacteria|p__Bacteroidota|c__Bacteroidia|o__Bacteroidales|f__Bacteroidaceae|g__Bacteroides|s__bacterium_NLAE-zl-P177	0.00139872967829217	0.000458599894522024	0.000802549815413542	0.00094012978377015	0.000985989773222352	0.00094012978377015	0	0	0	0	0	0	6.87899841783036e-05	0.00018343995780881	0.000206369952534911	0.000229299947261012	9.17199789044048e-05	0.000252229941987113	0	0	0	0	0	0	0	0	0	0	9.17199789044048e-05	0	0.00357707917727179	0.00318726926692807	0.00295796931966706	0.00321019926165417	0.00277452936185825	0.00261401939877554
k__Bacteria|p__Bacillota|c__Clostridia|o__Oscillospirales|f__Butyricicoccaceae|g__Agathobaculum	0.000504459883974227	0.000412739905069822	0.000321019926165417	0.000412739905069822	0.000366879915617619	0.000366879915617619	0	0	0	0	0	0	0.00146751966247048	0.00229299947261012	0.00233885946206232	0.00220127949370572	0.00206369952534911	0.0019719795464447	0.000779619820687441	0.0018343995780881	0.00132993969411387	0.00178853958863589	0.0019031895622664	0.00107770975212676	0	0	0	0	0	0	0.000435669899795923	0.000275159936713215	0.000298089931439316	0.000366879915617619	0.00018343995780881	0.000275159936713215
k__Bacteria|p__Bacillota|c__Clostridia|o__Lachnospirales|f__Lachnospiraceae|g__Butyribacter|s__unclassified_Butyribacter	6.87899841783036e-05	6.87899841783036e-05	0	6.87899841783036e-05	4.58599894522024e-05	9.17199789044048e-05	0	0	0	0	0	0	0	0	0.000114649973630506	0	0	0	0.00321019926165417	0.00346242920364128	0.0055949187131687	0.0038293091192589	0.00341656921418908	0.00341656921418908	0	0	0	0	0	0	2.29299947261012e-05	0	0	0	0	0
k__Bacteria|p__Bacillota|c__Clostridia|o__Lachnospirales|f__Lachnospiraceae	0.00282038935131045	0.00286624934076265	0.00316433927220197	0.00268280938295384	0.00275159936713215	0.00311847928274976	9.17199789044048e-05	0	0.000114649973630506	0.000114649973630506	0	0.000137579968356607	0.000596179862878632	0.000664969847056935	0.000779619820687441	0.000664969847056935	0.000550319873426429	0.000527389878700328	0	0	0	0	0	0	0.000412739905069822	0.000550319873426429	0.00075668982596134	0.000596179862878632	0.00057324986815253	0.000527389878700328	0.000137579968356607	0	0	4.58599894522024e-05	0.000114649973630506	0
k__Bacteria|p__Bacillota|c__Clostridia|o__Oscillospirales|f__Oscillospiraceae|g__Colidextribacter	0.000619109857604733	0.000779619820687441	0.000871339799591846	0.000802549815413542	0.000917199789044048	0.00100891976794845	0	0	0	0	0	0.000321019926165417	0	0.00057324986815253	0	0	0	0	0.000894269794317947	0.0018343995780881	0.00275159936713215	0.00208662952007521	0.00206369952534911	0.00135286968883997	0.00107770975212676	0.00094012978377015	0.00210955951480131	0.00151337965192268	0.00160509963082708	0.00243057944096673	0	0	0	0	0	0
k__Bacteria|p__Bacillota|c__Clostridia|o__Lachnospirales|f__Lachnospiraceae	0.000825479810139644	0.000802549815413542	0.00119235972575726	0.000825479810139644	0.000687899841783036	0.000802549815413542	0.000252229941987113	0.000321019926165417	0.000229299947261012	0.000206369952534911	0.000343949920891518	0.000229299947261012	0.00094012978377015	0.000894269794317947	0.00114649973630506	0.00121528972048336	0.000985989773222352	0.00123821971520947	0.000825479810139644	0.000733759831235239	0.000710829836509138	0.000802549815413542	0.000664969847056935	0.000710829836509138	0.000229299947261012	6.87899841783036e-05	0.000114649973630506	0.000160509963082709	0.000412739905069822	0.000366879915617619	0.00130700969938777	0.00132993969411387	0.000802549815413542	0.00110063974685286	0.00107770975212676	0.000596179862878632
k__Bacteria|p__Bacteroidota|c__Bacteroidia|o__Bacteroidales|f__Muribaculaceae|g__unclassified_Muribaculaceae|s__unclassified_Muribaculaceae	0.00449427896631584	0.0037146591456284	0.00421911902960262	0.00311847928274976	0.00307261929329756	0.00279745935658435	0	0	0	0	0	0	0	0	0	0	0	0	0.000252229941987113	0.000229299947261012	0.000275159936713215	9.17199789044048e-05	0.00018343995780881	0.000229299947261012	0	0	0	0	0	0	0	0	0	0	0	0
k__Bacteria|p__Bacillota|c__Clostridia|o__Lachnospirales|f__Lachnospiraceae|g__Faecalimonas	0.00178853958863589	0.00208662952007521	0.0019261195569925	0.00153630964664878	0.00144458966774438	0.00158216963610098	9.17199789044048e-05	0.000137579968356607	0	9.17199789044048e-05	0	0	0.000825479810139644	0.00119235972575726	0.00123821971520947	0.00114649973630506	0.00103184976267455	0.000985989773222352	0	0	0	0	0	0	0.00116942973103116	0.000779619820687441	0.000802549815413542	0.00121528972048336	0.00112356974157896	0.00121528972048336	0.000298089931439316	0.000160509963082709	0.000206369952534911	0.000137579968356607	0.000160509963082709	0.000252229941987113
k__Bacteria|p__Bacteroidota|c__Bacteroidia|o__Bacteroidales|f__Tannerellaceae|g__Parabacteroides|s__Parabacteroides_goldsteinii	9.17199789044048e-05	4.58599894522024e-05	6.87899841783036e-05	4.58599894522024e-05	0.000137579968356607	4.58599894522024e-05	0.000160509963082709	0.000160509963082709	0.000206369952534911	0.000137579968356607	0.000206369952534911	0.000298089931439316	6.87899841783036e-05	6.87899841783036e-05	0.000114649973630506	0.000114649973630506	0.000137579968356607	0	0	0.000114649973630506	6.87899841783036e-05	9.17199789044048e-05	6.87899841783036e-05	0.000114649973630506	0.00401274907706771	0.00265987938822774	0.0036917291509023	0.00302675930384536	0.00325605925110637	0.00353121918781959	0.000963059778496251	0.00137579968356607	0.00112356974157896	0.000733759831235239	0.00094012978377015	0.000802549815413542
k__Bacteria|p__Bacillota|c__Clostridia|o__Clostridia_UCG-014|f__unclassified_Clostridia_UCG-014|g__unclassified_Clostridia_UCG-014|s__unclassified_Clostridia_UCG-014	0.00325605925110637	0.00300382930911926	0.00272866937240604	0.00408153906124602	0.00479236889775515	0.00360000917199789	0	0	0	0	0	0	0	0	0	0	0	0	0	0	0	0	0	0	0	0	0	0	0	0	0	0	0	0	0	0
k__Bacteria|p__Bacteroidota|c__Bacteroidia|o__Bacteroidales|f__Muribaculaceae|g__unclassified_Muribaculaceae|s__unclassified_Muribaculaceae	0.00142165967301828	0.00130700969938777	0.00199490954117081	0.00153630964664878	0.000917199789044048	0.00114649973630506	0	0	0	0	0	0	0	0.000298089931439316	0.000298089931439316	0.000435669899795923	0.000458599894522024	0	0	0	0	0	0	0	0	0	0	0	0	0	0.0019719795464447	0.0019261195569925	0.0018802595675403	0.00201783953589691	0.00229299947261012	0.00254522941459723
k__Bacteria|p__Bacillota|c__Bacilli|o__Lactobacillales|f__Lactobacillaceae|g__Ligilactobacillus	0.000389809910343721	0.000458599894522024	0	0.000848409804865745	0.00094012978377015	0.000779619820687441	0	0	0	0	0.000435669899795923	0.000527389878700328	0.000710829836509138	0.000642039852330834	0.000412739905069822	0.00057324986815253	0.000481529889248125	0.000389809910343721	0.00107770975212676	0.0018573295728142	0.001811469583362	0.00100891976794845	0.00208662952007521	0.00149044965719658	0.000894269794317947	0.000894269794317947	0.000871339799591846	0.00112356974157896	0.00126114970993557	0.00130700969938777	0	0	0	0	0	0
k__Bacteria|p__Bacteroidota|c__Bacteroidia|o__Bacteroidales|f__Muribaculaceae|g__unclassified_Muribaculaceae|s__unclassified_Muribaculaceae	0.00217834949897962	0.00245350943569283	0.00206369952534911	0.00178853958863589	0.0018802595675403	0.0019490495517186	0	0	0	0	0	0	0.00110063974685286	0.000894269794317947	0.00128407970466167	0.00075668982596134	0.00094012978377015	0	0.00094012978377015	0.00057324986815253	0.00075668982596134	0.000458599894522024	0.000687899841783036	0.000733759831235239	0	0	0	0	0	0	0	0	0	0	0	0
k__Bacteria|p__Bacillota|c__Clostridia|o__Lachnospirales|f__Lachnospiraceae	0.000619109857604733	0.00107770975212676	0.000825479810139644	0.000687899841783036	0.00075668982596134	0.000871339799591846	0.000206369952534911	0.000206369952534911	0	0.000229299947261012	9.17199789044048e-05	0.000229299947261012	0.000871339799591846	0.00146751966247048	0.000871339799591846	0.00103184976267455	0.000825479810139644	0.00116942973103116	0.000412739905069822	0.000343949920891518	0.000412739905069822	0.000275159936713215	0.000229299947261012	0.000435669899795923	9.17199789044048e-05	0	0	6.87899841783036e-05	0	0	0.00135286968883997	0.00116942973103116	0.00130700969938777	0.00149044965719658	0.00135286968883997	0.00116942973103116
k__Bacteria|p__Bacillota|c__Clostridia|o__Oscillospirales|f__Ruminococcaceae|g__Acutalibacter|s__unclassified_Acutalibacter	0.0018573295728142	0.00291210933021485	0.00231592946733622	0.00545733874481209	0.00449427896631584	0.0038063791245328	0	0	0	0	0	0	0	0	0	0	0	0	0	0	0	0	0	0	0	0	0	0	0	0	0	0	0	0	0	0
k__Bacteria|p__Bacteroidota|c__Bacteroidia|o__Bacteroidales|f__Muribaculaceae	0	0	0	0	0	0	0.00149044965719658	0.00123821971520947	0.000229299947261012	0	0	0.00135286968883997	0	0	0	0	0	0	0.00112356974157896	0	0.000802549815413542	0.000664969847056935	0	0.000963059778496251	0.00018343995780881	0	0	0.00222420948843182	0.00222420948843182	0	0.000114649973630506	0.00282038935131045	0	0.00220127949370572	0.00240764944624063	0.00298089931439316
k__Bacteria|p__Bacteroidota|c__Bacteroidia|o__Bacteroidales|f__Rikenellaceae|g__Alistipes|s__unclassified_Alistipes	0.00321019926165417	0.00174267959918369	0.00142165967301828	0.0018573295728142	0.00217834949897962	0.00259108940404944	0	2.29299947261012e-05	0	0	2.29299947261012e-05	0	0.000343949920891518	0.000596179862878632	0.000779619820687441	0.000389809910343721	0.000687899841783036	0.00075668982596134	0	2.29299947261012e-05	0	0	0	0	0.000435669899795923	0.000527389878700328	0.000389809910343721	0.000366879915617619	0.000458599894522024	0.000229299947261012	0.000527389878700328	0.000550319873426429	0.000366879915617619	0.000596179862878632	0.000275159936713215	0.000229299947261012
k__Bacteria|p__Bacillota|c__Clostridia|o__Lachnospirales|f__Lachnospiraceae	0.000779619820687441	0.00075668982596134	0.000596179862878632	0.000779619820687441	0.000710829836509138	0.000550319873426429	0	0	0	0	0	0	0.000114649973630506	0.00018343995780881	0.000321019926165417	0.000137579968356607	0.000252229941987113	0.000435669899795923	0.00110063974685286	0.00110063974685286	0.000985989773222352	0.00110063974685286	0.00112356974157896	0.00116942973103116	0.00167388961500539	0.00130700969938777	0.00236178945678842	0.00240764944624063	0.00199490954117081	0.0019490495517186	0	0	0	0	0	0
k__Bacteria|p__Bacillota|c__Clostridia|o__Lachnospirales|f__Lachnospiraceae	0.000550319873426429	0.000366879915617619	0.000550319873426429	0.000504459883974227	0.000664969847056935	0.000481529889248125	0.00146751966247048	0.000917199789044048	0.00135286968883997	0.00155923964137488	0.00146751966247048	0.00139872967829217	0.00107770975212676	0.00119235972575726	0.00132993969411387	0.000871339799591846	0.000825479810139644	0.00103184976267455	0	0	0	0	0	0	0	0	0	0	0	0	0.00075668982596134	0.00075668982596134	0.000779619820687441	0.000596179862878632	0.000619109857604733	0.000733759831235239
k__Bacteria|p__Bacillota|c__Clostridia|o__Lachnospirales|f__Lachnospiraceae	0	0	0	0	0	0	0	0	0	0	0	0	0.00227006947788402	0.00316433927220197	0.00259108940404944	0.00286624934076265	0.00295796931966706	0.00247643943041893	0	0	0	0	0	0	0	0	0	0	0	0	0.000596179862878632	0.000917199789044048	0.000527389878700328	0.00114649973630506	0.000963059778496251	0.000642039852330834
k__Bacteria|p__Bacillota|c__Clostridia|o__Oscillospirales|f__Ruminococcaceae|g__Acutalibacter	0	9.17199789044048e-05	0	6.87899841783036e-05	0	0.000114649973630506	0.000412739905069822	0.000321019926165417	0.000687899841783036	0.000619109857604733	0.000389809910343721	0.000733759831235239	0.00167388961500539	0.00137579968356607	0.00126114970993557	0.00135286968883997	0.00123821971520947	0.00126114970993557	0.000412739905069822	0.00144458966774438	0.00123821971520947	0.00094012978377015	0.00135286968883997	0.000504459883974227	0	0.000412739905069822	0.000733759831235239	0.000481529889248125	0.000435669899795923	0.000710829836509138	0.000343949920891518	0.000160509963082709	0.000114649973630506	0.000366879915617619	0.000160509963082709	0.000137579968356607
k__Bacteria|p__Bacillota|c__Clostridia|o__Oscillospirales|f__Ruminococcaceae|g__Anaerotruncus	0	0	0	0	2.29299947261012e-05	0	0.00018343995780881	9.17199789044048e-05	0.000206369952534911	0.000412739905069822	0.000206369952534911	0.000642039852330834	0.000596179862878632	0.000412739905069822	0.000733759831235239	0.000802549815413542	0.000710829836509138	0.000527389878700328	0.000871339799591846	0.00151337965192268	0.00249936942514503	0.0018343995780881	0.001811469583362	0.00112356974157896	0.00100891976794845	0.000917199789044048	0.00112356974157896	0.00094012978377015	0.00103184976267455	0.00112356974157896	0	0	0	0	0	0
k__Bacteria|p__Bacillota|c__Clostridia|o__Lachnospirales|f__Lachnospiraceae	0	0.000160509963082709	0	0	0	0	0	0	0	0	0	0	0.00311847928274976	0.00392102909816331	0.00394395909288941	0.00353121918781959	0.00330191924055857	0.00353121918781959	0	0	0	0	0	0	0	0	0	0	0	0	0	0	0	0	0	0
k__Bacteria|p__Bacillota|c__Clostridia|o__Lachnospirales|f__Lachnospiraceae|g__[Eubacterium]_xylanophilum_group|s__unclassified_[Eubacterium]_xylanophilum_group	0.00291210933021485	0.00272866937240604	0.00268280938295384	0.00265987938822774	0.00298089931439316	0.00309554928802366	0	0	0	0	0	0	0	0	0	0	0	0	0	0	0	0	0	0	0	0	0	0	0	0	0.000412739905069822	0.000343949920891518	0.000252229941987113	0.000366879915617619	0.000229299947261012	0.000275159936713215
k__Bacteria|p__Bacteroidota|c__Bacteroidia|o__Bacteroidales|f__Rikenellaceae|g__Alistipes|s__unclassified_Alistipes	0	0	0	0.000229299947261012	0	0	0	6.87899841783036e-05	0	6.87899841783036e-05	6.87899841783036e-05	0.000114649973630506	0	0	0.000527389878700328	0	0.000321019926165417	0	0.000825479810139644	0.00215541950425351	0.0018343995780881	0.00215541950425351	0.00307261929329756	0.000871339799591846	0.00153630964664878	0.0018573295728142	0.00144458966774438	0.00142165967301828	0.00135286968883997	0.00110063974685286	0	0	0	0	0	0
k__Bacteria|p__Bacillota|c__Clostridia|o__Lachnospirales|f__Lachnospiraceae|g__unclassified_Lachnospiraceae	0.00100891976794845	0.000871339799591846	0.00114649973630506	0.00103184976267455	0.000917199789044048	0.000779619820687441	0.000343949920891518	0.000298089931439316	0.000435669899795923	0.000343949920891518	0.000527389878700328	0.00057324986815253	0.000527389878700328	0.00094012978377015	0.000642039852330834	0.000550319873426429	0.000527389878700328	0.000412739905069822	0.00116942973103116	0.00114649973630506	0.00149044965719658	0.00110063974685286	0.00126114970993557	0.00126114970993557	0	0	0	0	0	0	0	0	0	0	0	0
k__Bacteria|p__Bacillota|c__Clostridia|o__Lachnospirales|f__Lachnospiraceae	0	0	0	0	0	0	0	0	0	0	0	0	0.000917199789044048	0.00107770975212676	0.00112356974157896	0.00103184976267455	0.00126114970993557	0.00107770975212676	0.00204076953062301	0.00199490954117081	0.0019031895622664	0.00213248950952741	0.00213248950952741	0.00227006947788402	0	0	0	0	0	0	0	0	0	0	0.000160509963082709	0
k__Bacteria|p__Bacillota|c__Clostridia|o__Lachnospirales|f__Lachnospiraceae	0.000504459883974227	0.000412739905069822	0.000664969847056935	0.000527389878700328	0.000550319873426429	0	0	0	0	0	0	0	0.00277452936185825	0.00245350943569283	0.00291210933021485	0.00256815940932334	0.00249936942514503	0.00220127949370572	0.000504459883974227	0.000458599894522024	0.000550319873426429	0.000298089931439316	0	0.000343949920891518	0	0	0	0	0	0	0	0	0	0	0	0
k__Bacteria|p__Bacillota|c__Clostridia|o__Lachnospirales|f__Lachnospiraceae	0.000458599894522024	0.00057324986815253	0.000687899841783036	0.000412739905069822	0.000481529889248125	0.000435669899795923	0.000825479810139644	0.000642039852330834	0.00105477975740066	0.000963059778496251	0.000596179862878632	0.000710829836509138	0.00119235972575726	0.000435669899795923	0.000458599894522024	0.000825479810139644	0.00075668982596134	0.000642039852330834	0.000825479810139644	0.000802549815413542	0.000871339799591846	0.000825479810139644	0.000871339799591846	0.000917199789044048	0.000527389878700328	0.000343949920891518	0.000504459883974227	0.000527389878700328	0.000458599894522024	0.000596179862878632	0.000114649973630506	0	0	4.58599894522024e-05	4.58599894522024e-05	0
k__Bacteria|p__Bacillota|c__Clostridia|o__Lachnospirales|f__Lachnospiraceae	0.00215541950425351	0.00224713948315792	0.00243057944096673	0.00201783953589691	0.001811469583362	0.00236178945678842	0	0	0	0	0	0	0.000137579968356607	0.000275159936713215	0.000298089931439316	0.000252229941987113	0.000252229941987113	0.00018343995780881	0.000550319873426429	0.000596179862878632	0.000527389878700328	0.000366879915617619	0.00057324986815253	0.000687899841783036	0	0	0	0	0	0	0.00018343995780881	0	0.000160509963082709	9.17199789044048e-05	0.000160509963082709	0
k__Bacteria|p__Bacillota|c__Clostridia|o__Lachnospirales|f__Lachnospiraceae	0.00275159936713215	0.00261401939877554	0.00300382930911926	0.00254522941459723	0.00307261929329756	0.00279745935658435	0.000343949920891518	0.000114649973630506	0.000275159936713215	0.000389809910343721	0.000206369952534911	0.000321019926165417	0	0	0	0	0	0	0	0	0	0	0	0	0	0	0	0	0	0	0	0	0	0	0	0
k__Bacteria|p__Bacteroidota|c__Bacteroidia|o__Bacteroidales|f__Muribaculaceae|g__unclassified_Muribaculaceae|s__unclassified_Muribaculaceae	0.00268280938295384	0.00222420948843182	0.00220127949370572	0.00213248950952741	0.0019031895622664	0.00167388961500539	0	0	0	0	0	0	0	0	0	0	0	0	0.000871339799591846	0.000825479810139644	0.00075668982596134	0.000527389878700328	0.000825479810139644	0.00123821971520947	0	0	0	0	0	0	0	0	0	0	2.29299947261012e-05	2.29299947261012e-05
k__Bacteria|p__Bacillota|c__Clostridia|o__Lachnospirales|f__Lachnospiraceae|g__A2	0	0	0	0	0	0	0.000412739905069822	0.000619109857604733	0.000252229941987113	0	0.000366879915617619	0.000527389878700328	0.000321019926165417	0.00094012978377015	0.000825479810139644	0.000642039852330834	0.00057324986815253	0.000642039852330834	0.00119235972575726	0.00204076953062301	0.00174267959918369	0.0018343995780881	0.00215541950425351	0.00176560959390979	0.000298089931439316	0.000252229941987113	0.000298089931439316	0.000343949920891518	0.000206369952534911	0.00018343995780881	0	0	0	0	0	0
k__Bacteria|p__Bacillota|c__Clostridia|o__Lachnospirales|f__Lachnospiraceae|g__unclassified_Lachnospiraceae|s__Clostridium_sp._Culture-41	0.000550319873426429	0.000458599894522024	0.00075668982596134	0.00057324986815253	0.000550319873426429	0.00057324986815253	0	0	0	0	0	0	0.00146751966247048	0.00165095962027929	0.00142165967301828	0.00142165967301828	0.00126114970993557	0.000894269794317947	0.000229299947261012	0.000343949920891518	0.000252229941987113	0.000481529889248125	0.000389809910343721	0.000527389878700328	0.000366879915617619	0.000321019926165417	0.000366879915617619	0.000366879915617619	0.000412739905069822	0.000619109857604733	0.000550319873426429	0.000596179862878632	0.000596179862878632	0.000527389878700328	0.000664969847056935	0.000550319873426429
k__Bacteria|p__Bacillota|c__Clostridia|o__Oscillospirales|f__Oscillospiraceae|g__Oscillibacter|s__Clostridiales_bacterium_CIEAF_021	0	0	0	0	0	0	0	0	0	0	0	0	0.000596179862878632	0.000481529889248125	0.000687899841783036	0.00057324986815253	0.000481529889248125	0.000779619820687441	0.00057324986815253	0.000917199789044048	0.00128407970466167	0.000963059778496251	0.00100891976794845	0.000596179862878632	0.000917199789044048	0.00075668982596134	0.000871339799591846	0.000871339799591846	0.000687899841783036	0.00075668982596134	0.00126114970993557	0.000687899841783036	0.000848409804865745	0.00112356974157896	0.00110063974685286	0.000733759831235239
k__Bacteria|p__Bacillota|c__Bacilli	0	0.000321019926165417	0.000596179862878632	0.000504459883974227	0.000412739905069822	0.000389809910343721	0	0.000710829836509138	0	0	0.000894269794317947	0.00094012978377015	0	0.000412739905069822	0	0.000596179862878632	0.000504459883974227	0.000779619820687441	0.00132993969411387	0.00162802962555319	0.0018802595675403	0.00103184976267455	0.0018343995780881	0.00153630964664878	0.000321019926165417	0.000412739905069822	0.000504459883974227	0.000412739905069822	0.000343949920891518	0	0	0	0	0	0	0
k__Bacteria|p__Bacillota|c__Clostridia|o__Lachnospirales|f__Lachnospiraceae	0.000894269794317947	0.000917199789044048	0.000596179862878632	0.000664969847056935	0.000802549815413542	0.000779619820687441	0	9.17199789044048e-05	0	0	0	6.87899841783036e-05	0.0019490495517186	0.00178853958863589	0.0018802595675403	0.00174267959918369	0.00139872967829217	0.00149044965719658	0.000642039852330834	0.000458599894522024	0.000687899841783036	0.000619109857604733	0.00094012978377015	0.00057324986815253	0	0	0	0	0	0	0	0	0	0	0	0
k__Bacteria|p__Bacteroidota|c__Bacteroidia|o__Bacteroidales|f__Tannerellaceae|g__Parabacteroides	0	0	0	0	0	0	0.000802549815413542	0.00107770975212676	0.00116942973103116	0.00105477975740066	0.00103184976267455	0.000871339799591846	0	0	0	0	0	0	0	0	0	0	0	0	0.00307261929329756	0.00311847928274976	0.00275159936713215	0.00270573937767994	0.00201783953589691	0.00263694939350164	0.000389809910343721	0	0	0.000321019926165417	0	0
k__Bacteria|p__Bacillota|c__Bacilli	0.000343949920891518	0.000779619820687441	0.000848409804865745	0.000985989773222352	0.00075668982596134	0.000917199789044048	0	0	0	0	0	0	0	0	0	0	0	0	0.0018343995780881	0.00178853958863589	0.001811469583362	0.00142165967301828	0.001811469583362	0.00135286968883997	0.000527389878700328	0.000481529889248125	0.000802549815413542	0.000527389878700328	0.000733759831235239	0.000710829836509138	0	0	0	0	0	0
k__Bacteria|p__Bacillota|c__Clostridia|o__Lachnospirales|f__Lachnospiraceae	0.000779619820687441	0.00057324986815253	0.000848409804865745	0.000779619820687441	0.000642039852330834	0.000527389878700328	0.000229299947261012	0.000229299947261012	0.000366879915617619	0.000229299947261012	0.000252229941987113	0.000389809910343721	0.001811469583362	0.00171974960445759	0.00206369952534911	0.00169681960973149	0.00155923964137488	0.00130700969938777	0.00018343995780881	0.000252229941987113	0.000366879915617619	0.000229299947261012	0.000321019926165417	0.000321019926165417	9.17199789044048e-05	6.87899841783036e-05	0.000114649973630506	6.87899841783036e-05	0.000137579968356607	0.000160509963082709	0.000160509963082709	9.17199789044048e-05	6.87899841783036e-05	9.17199789044048e-05	0.00018343995780881	6.87899841783036e-05
k__Bacteria|p__Bacillota|c__Clostridia|o__Lachnospirales|f__Lachnospiraceae|g__unclassified_Lachnospiraceae|s__Clostridium_sp._Culture-54	0.000642039852330834	0.000366879915617619	0.000343949920891518	0.000481529889248125	0.000458599894522024	0.000504459883974227	0.000412739905069822	0.000343949920891518	0.000664969847056935	0.000458599894522024	0.000550319873426429	0.000550319873426429	0.00128407970466167	0.00153630964664878	0.00155923964137488	0.00149044965719658	0.00149044965719658	0.00142165967301828	0.000504459883974227	0.000504459883974227	0.000366879915617619	0.000481529889248125	0.000733759831235239	0.000435669899795923	0.000137579968356607	0	0	0	0	0.000114649973630506	6.87899841783036e-05	0.000160509963082709	9.17199789044048e-05	0.000114649973630506	0.000160509963082709	9.17199789044048e-05
k__Bacteria|p__Bacillota|c__Clostridia|o__Lachnospirales|f__Lachnospiraceae	0.000206369952534911	0.000114649973630506	0.000229299947261012	0.000137579968356607	0.000137579968356607	0.000114649973630506	0	0	0	0	0	0	0.00307261929329756	0.00330191924055857	0.00298089931439316	0.00279745935658435	0.00364586916145009	0.00247643943041893	0	0	0	0	0	0	0	0	0	0	0	0	0	0	0	0	0	0
k__Bacteria|p__Bacillota|c__Clostridia|o__Lachnospirales|f__Lachnospiraceae|g__Lachnospiraceae_NK4A136_group	0	0	6.87899841783036e-05	0	0	0	0.00094012978377015	0.00094012978377015	0.00128407970466167	0.000871339799591846	0.00107770975212676	0.000917199789044048	0.00206369952534911	0.001811469583362	0.00254522941459723	0.0019719795464447	0.0018343995780881	0.0019261195569925	9.17199789044048e-05	9.17199789044048e-05	0	0.000114649973630506	9.17199789044048e-05	0	0.000229299947261012	6.87899841783036e-05	0	0.000298089931439316	6.87899841783036e-05	0.000481529889248125	0	0	0	0	0	0
k__Bacteria|p__Deferribacterota|c__Deferribacteres|o__Deferribacterales|f__Deferribacteraceae|g__Mucispirillum|s__Mucispirillum_sp._69	0	0	0	0	0	6.87899841783036e-05	0.000963059778496251	0.000917199789044048	0.00119235972575726	0.000848409804865745	0.00105477975740066	0.00119235972575726	0.000619109857604733	0.00057324986815253	0.000802549815413542	0.00057324986815253	0.000389809910343721	0.000298089931439316	0.000733759831235239	0.000848409804865745	0.00149044965719658	0.000687899841783036	0.00135286968883997	0.000550319873426429	0.000252229941987113	0.000642039852330834	0.000298089931439316	0.000275159936713215	0.000229299947261012	0.000298089931439316	0.000252229941987113	4.58599894522024e-05	6.87899841783036e-05	0.000252229941987113	2.29299947261012e-05	0.000114649973630506
k__Bacteria|p__Bacillota|c__Clostridia|o__Oscillospirales|f__Oscillospiraceae|g__Oscillibacter|s__unclassified_Oscillibacter	0.000206369952534911	0.000137579968356607	0.000114649973630506	0.000275159936713215	0.000229299947261012	0.000321019926165417	0	0	0	0	0	0	0.000481529889248125	0.000435669899795923	0.000527389878700328	0.000504459883974227	0.000481529889248125	0.000366879915617619	0	0	0	0	0	0	0.00153630964664878	0.00238471945151453	0.00165095962027929	0.00171974960445759	0.001811469583362	0.00169681960973149	0.000894269794317947	0.000642039852330834	0.000802549815413542	0.00116942973103116	0.000642039852330834	0.000779619820687441
k__Bacteria|p__Bacteroidota|c__Bacteroidia|o__Bacteroidales|f__Rikenellaceae|g__Alistipes|s__Alistipes_inops	0.00176560959390979	0.000710829836509138	0.000664969847056935	0.00119235972575726	0.00135286968883997	0.00139872967829217	0.000206369952534911	6.87899841783036e-05	0	0.000114649973630506	9.17199789044048e-05	0.000229299947261012	9.17199789044048e-05	9.17199789044048e-05	0.00018343995780881	6.87899841783036e-05	6.87899841783036e-05	0.000114649973630506	6.87899841783036e-05	0.000389809910343721	0.000366879915617619	0.000321019926165417	0.000481529889248125	0.000160509963082709	0.000229299947261012	0.000252229941987113	0.000160509963082709	2.29299947261012e-05	0.000114649973630506	4.58599894522024e-05	0.00139872967829217	0.000779619820687441	0.000481529889248125	0.00119235972575726	0.000527389878700328	0.00057324986815253
k__Bacteria|p__Bacillota|c__Clostridia|o__Lachnospirales|f__Lachnospiraceae	0.000481529889248125	0.000412739905069822	0.000664969847056935	0.000779619820687441	0.000435669899795923	0.000481529889248125	0.000160509963082709	4.58599894522024e-05	0.000137579968356607	0.000229299947261012	0.000160509963082709	0.000160509963082709	0.000596179862878632	0.000596179862878632	0.000619109857604733	0.000527389878700328	0.000619109857604733	0.000710829836509138	0.000871339799591846	0.000917199789044048	0.00114649973630506	0.00158216963610098	0.00107770975212676	0.000825479810139644	4.58599894522024e-05	9.17199789044048e-05	0	6.87899841783036e-05	2.29299947261012e-05	0.000206369952534911	0.000412739905069822	0.000389809910343721	0.000275159936713215	0.000298089931439316	0.000412739905069822	0.000252229941987113
k__Bacteria|p__Bacillota|c__Clostridia|o__Oscillospirales|f__Oscillospiraceae|g__Colidextribacter	0.000733759831235239	0.000848409804865745	0.00105477975740066	0.00121528972048336	0.00135286968883997	0.000963059778496251	0.000412739905069822	0.000550319873426429	0.000527389878700328	0.000504459883974227	0.000596179862878632	0.000825479810139644	0.000871339799591846	0.000802549815413542	0.000710829836509138	0.000963059778496251	0.000664969847056935	0.00094012978377015	0.000275159936713215	0.000412739905069822	0.000366879915617619	0.000252229941987113	0.000343949920891518	0.000160509963082709	0.00018343995780881	0	0.000298089931439316	0.000366879915617619	0	0.000275159936713215	0	0	0	0	0	0
k__Bacteria|p__Bacteroidota|c__Bacteroidia|o__Bacteroidales|f__Muribaculaceae|g__unclassified_Muribaculaceae|s__unclassified_Muribaculaceae	0.000458599894522024	0.000343949920891518	0.000596179862878632	0.000527389878700328	0.000481529889248125	0.000343949920891518	0	0	0	0	0	0	0	0.000366879915617619	0	0	0	0	0.000527389878700328	0.000458599894522024	0.000481529889248125	0.000389809910343721	0.000412739905069822	0	0	0	0	0	0	0	0.0018573295728142	0.0018343995780881	0.00210955951480131	0.00158216963610098	0.00169681960973149	0.0019719795464447
k__Bacteria|p__Bacillota|c__Clostridia|o__Lachnospirales|f__Lachnospiraceae	0	0	0	0	0	0	0.00105477975740066	0.000779619820687441	0.00137579968356607	0.000687899841783036	0.00107770975212676	0.00153630964664878	0.00158216963610098	0.0019261195569925	0.00162802962555319	0.00155923964137488	0.00123821971520947	0.00103184976267455	0	0	0	0	0	0	0.000619109857604733	0.000321019926165417	0.00057324986815253	0.000481529889248125	0.000664969847056935	0.000275159936713215	0	0	0	6.87899841783036e-05	9.17199789044048e-05	4.58599894522024e-05
k__Bacteria|p__Bacillota|c__Clostridia|o__Oscillospirales	0.00222420948843182	0.0018573295728142	0.00167388961500539	0.00224713948315792	0.00268280938295384	0.00300382930911926	0	0	0	0	0	0	0	0	0	0	0	0	0.000229299947261012	0.000321019926165417	0.000389809910343721	0.000321019926165417	0.000366879915617619	0.000275159936713215	0	0	0	0	0	0	0	0	0	0	0	0
k__Bacteria|p__Bacillota|c__Clostridia|o__Lachnospirales|f__Lachnospiraceae|g__Blautia	0	0	0	0	0	0	0	0	0.000137579968356607	0	0	0	0	0	0	0	0	0	0	0	0	0	0	0	0.00339363921946298	0.00321019926165417	0.00442548898213753	0.00330191924055857	0.00447134897158974	0.00355414918254569	0	0	0	0	0	0
k__Bacteria|p__Bacteroidota|c__Bacteroidia|o__Bacteroidales|f__Muribaculaceae|g__unclassified_Muribaculaceae|s__unclassified_Muribaculaceae	0.00075668982596134	0.000687899841783036	0.000596179862878632	0.000894269794317947	0.00075668982596134	0.000664969847056935	0	0	0	0	0	0	0	0	0	0	0	0	0.00144458966774438	0.00155923964137488	0.00121528972048336	0.00144458966774438	0.000229299947261012	0.00119235972575726	0	0	0	4.58599894522024e-05	4.58599894522024e-05	0	0.000504459883974227	0.000504459883974227	0.000802549815413542	0.000687899841783036	0.000963059778496251	0.000779619820687441
k__Bacteria|p__Bacillota|c__Clostridia|o__Lachnospirales|f__Lachnospiraceae	0	0.000114649973630506	0	0.000137579968356607	0.000114649973630506	0.000137579968356607	0	0	0	0	0	0	0.00057324986815253	0.000619109857604733	0.000596179862878632	0.000642039852330834	0.000389809910343721	0.000343949920891518	0	4.58599894522024e-05	4.58599894522024e-05	6.87899841783036e-05	0	0	4.58599894522024e-05	0.000160509963082709	0.000206369952534911	9.17199789044048e-05	9.17199789044048e-05	0.00018343995780881	0.00243057944096673	0.00206369952534911	0.00176560959390979	0.00199490954117081	0.0019031895622664	0.00162802962555319
k__Bacteria|p__Bacillota|c__Clostridia|o__Monoglobales|f__Monoglobaceae|g__Monoglobus|s__unclassified_Monoglobus	0.000389809910343721	0.000275159936713215	0.000252229941987113	0.000343949920891518	0.000435669899795923	0.000412739905069822	0.000298089931439316	0.000275159936713215	0.00018343995780881	0.000298089931439316	0.000389809910343721	0.000550319873426429	0.00165095962027929	0.00123821971520947	0.00169681960973149	0.001811469583362	0.001811469583362	0.00149044965719658	2.29299947261012e-05	0.000114649973630506	9.17199789044048e-05	4.58599894522024e-05	9.17199789044048e-05	9.17199789044048e-05	0.000504459883974227	0.000527389878700328	0.000642039852330834	0.000527389878700328	0.000710829836509138	0.000504459883974227	0	0	0	4.58599894522024e-05	0	0
k__Bacteria|p__Bacillota|c__Clostridia|o__Lachnospirales|f__Lachnospiraceae|g__[Eubacterium]_xylanophilum_group|s__unclassified_[Eubacterium]_xylanophilum_group	0	0	0	0	6.87899841783036e-05	0	0.000412739905069822	0	0.000366879915617619	0.000481529889248125	0.000343949920891518	0.000458599894522024	0	0.000596179862878632	0.000343949920891518	0.000435669899795923	0	0	0.00167388961500539	0.00206369952534911	0.0018802595675403	0.0019031895622664	0.00208662952007521	0.0019261195569925	0	0	0.00018343995780881	0	0	0	0	0	0	0	0	0
k__Bacteria|p__Bacillota|c__Clostridia|o__Oscillospirales|f__Ruminococcaceae	0.000802549815413542	0.000527389878700328	0.00057324986815253	0.000687899841783036	0.000917199789044048	0.000985989773222352	0.000366879915617619	0.000527389878700328	0.000366879915617619	0.000366879915617619	0.000412739905069822	0.000596179862878632	0.000825479810139644	0.000458599894522024	0.000664969847056935	0.000412739905069822	0.000527389878700328	0.000596179862878632	0.000137579968356607	0.000458599894522024	0.000481529889248125	0.000298089931439316	0.000366879915617619	0.000275159936713215	0	0	0	0	0	0	0.000596179862878632	0.000298089931439316	0.000481529889248125	0.000710829836509138	0.000366879915617619	0.000481529889248125
k__Bacteria|p__Bacillota|c__Clostridia|o__Lachnospirales|f__Lachnospiraceae	0.000114649973630506	4.58599894522024e-05	9.17199789044048e-05	2.29299947261012e-05	0	9.17199789044048e-05	0	0	0	0.000229299947261012	0.000343949920891518	0.000160509963082709	0.00135286968883997	0.00094012978377015	0.000779619820687441	0.00132993969411387	0.000733759831235239	0.000619109857604733	0.00075668982596134	0.000985989773222352	0.00103184976267455	0.00094012978377015	0.000687899841783036	0.000848409804865745	0	0.000321019926165417	0	0.000252229941987113	0	0.000504459883974227	0.000596179862878632	0.000504459883974227	0.000389809910343721	0.000366879915617619	0.000550319873426429	0.000343949920891518
k__Bacteria|p__Pseudomonadota|c__Gammaproteobacteria|o__Enterobacterales|f__Enterobacteriaceae	0.000481529889248125	0.000137579968356607	0.00018343995780881	0.000619109857604733	9.17199789044048e-05	0.000252229941987113	0	0	0	0	0	6.87899841783036e-05	0.000412739905069822	0.000321019926165417	0.000550319873426429	0.000252229941987113	0.000206369952534911	0.000229299947261012	0.000366879915617619	0.00103184976267455	0.000733759831235239	0.00107770975212676	0.00110063974685286	0.000366879915617619	0	0.000229299947261012	0.000137579968356607	0.00018343995780881	0	0	0.00132993969411387	0.000848409804865745	0.000687899841783036	0.00139872967829217	0.00075668982596134	0.000642039852330834
k__Bacteria|p__Bacteroidota|c__Bacteroidia|o__Bacteroidales|f__Bacteroidaceae|g__Bacteroides	0	0	0	0	0	0	0	0	0	0	0	0	0	0	0	0	0	0	4.58599894522024e-05	0.000206369952534911	0.000137579968356607	0	9.17199789044048e-05	0	0.00128407970466167	0.0019031895622664	0.00110063974685286	0.0018573295728142	0.00167388961500539	0.0018802595675403	0.00144458966774438	0.000871339799591846	0.00107770975212676	0.00165095962027929	0.00103184976267455	0.00094012978377015
k__Bacteria|p__Bacteroidota|c__Bacteroidia|o__Bacteroidales|f__Muribaculaceae|g__unclassified_Muribaculaceae|s__unclassified_Muribaculaceae	0.000114649973630506	0.000275159936713215	0	0.000160509963082709	0	9.17199789044048e-05	0	0	0	0	0	0	0.000687899841783036	0.000825479810139644	0.000871339799591846	0.000733759831235239	0.000710829836509138	0.000963059778496251	0.00112356974157896	0.000710829836509138	0.000848409804865745	0.000802549815413542	0.000779619820687441	0.000917199789044048	0.00100891976794845	0.00057324986815253	0.000550319873426429	0.000710829836509138	0.00103184976267455	0.000527389878700328	9.17199789044048e-05	0.000298089931439316	0.000206369952534911	0.000252229941987113	0.000160509963082709	0.00018343995780881
k__Bacteria|p__Bacillota|c__Clostridia|o__Oscillospirales|f__Oscillospiraceae|g__Intestinimonas	0.000550319873426429	0.000504459883974227	0.000389809910343721	0.000343949920891518	0.000550319873426429	0.000550319873426429	0	0	0	0	0.00018343995780881	9.17199789044048e-05	0.001811469583362	0.0019031895622664	0.00149044965719658	0.00213248950952741	0.00128407970466167	0.001811469583362	0	0	0	0	0	0	0.00057324986815253	0.000389809910343721	0.000733759831235239	0.000550319873426429	0.000435669899795923	0.000642039852330834	0	0	0	0	0	0
k__Bacteria|p__Actinomycetota|c__Coriobacteriia|o__Coriobacteriales|f__Atopobiaceae	0.000619109857604733	0.000848409804865745	0.00094012978377015	0.00162802962555319	0.0018343995780881	0.0018573295728142	6.87899841783036e-05	0.000298089931439316	0.000206369952534911	0.000596179862878632	0.000275159936713215	0.000871339799591846	0.00018343995780881	2.29299947261012e-05	0	6.87899841783036e-05	4.58599894522024e-05	0.000114649973630506	9.17199789044048e-05	0.000298089931439316	0.000298089931439316	0.000366879915617619	0.000252229941987113	0.000160509963082709	0	0	0	0	0	0	0.000412739905069822	0.000206369952534911	0.00018343995780881	0.000917199789044048	0.000504459883974227	0.000366879915617619
k__Bacteria|p__Bacteroidota|c__Bacteroidia|o__Bacteroidales|f__Rikenellaceae|g__Alistipes|s__unclassified_Alistipes	0.000481529889248125	0.000206369952534911	0.000366879915617619	0	0.000252229941987113	0.000343949920891518	0	0	0	0	0	0	0.00215541950425351	0.00199490954117081	0.00263694939350164	0.00236178945678842	0.00204076953062301	0.00249936942514503	0	0	0	0	0	0	0	0	0	0	0	0	0.00018343995780881	0.000137579968356607	0.000206369952534911	6.87899841783036e-05	0.000114649973630506	6.87899841783036e-05
k__Bacteria|p__Bacillota|c__Clostridia|o__Oscillospirales|f__Oscillospiraceae|g__unclassified_Oscillospiraceae	0.000458599894522024	0.000389809910343721	0.000412739905069822	0.000458599894522024	0.000664969847056935	0.000710829836509138	0.000366879915617619	0.000298089931439316	0.000664969847056935	0.000366879915617619	0.000298089931439316	0.000825479810139644	0.00105477975740066	0.00075668982596134	0.00094012978377015	0.000802549815413542	0.000710829836509138	0.000504459883974227	0.000343949920891518	0.00057324986815253	0.00057324986815253	0.000619109857604733	0.000366879915617619	0.000389809910343721	0	0	0	0	0	0	0.000160509963082709	0	0.00057324986815253	0.000389809910343721	0.000229299947261012	0.000321019926165417
k__Bacteria|p__Bacillota|c__Clostridia|o__Lachnospirales|f__Lachnospiraceae	0	0	0	0	0	0	0	0	0	0	0	0	0	0	0	0	0	0	0.00220127949370572	0.0018343995780881	0.00233885946206232	0.00199490954117081	0.00229299947261012	0.00249936942514503	0	4.58599894522024e-05	0.000114649973630506	0.000160509963082709	0.000229299947261012	0	0	0	0	0	0	0
k__Bacteria|p__Bacteroidota|c__Bacteroidia|o__Bacteroidales|f__Rikenellaceae|g__Alistipes	0.000802549815413542	0.000298089931439316	0.000343949920891518	0.000458599894522024	0.000458599894522024	0.000596179862878632	0	0	0	0	0	0	0	0	0	0	0	0	0	0	0	0	0	0	0	0	0	4.58599894522024e-05	0	0	0.00217834949897962	0.00206369952534911	0.0018573295728142	0.00220127949370572	0.00121528972048336	0.00174267959918369
k__Bacteria|p__Bacteroidota|c__Bacteroidia|o__Bacteroidales|f__Muribaculaceae	0	0	0	0	0	6.87899841783036e-05	0	0	0.00213248950952741	0	0	0	0	0.00132993969411387	0.00153630964664878	0.00139872967829217	0	0.000802549815413542	0	0	0	0	0	0	0	0.00238471945151453	0.00302675930384536	0	0	0	0.00249936942514503	0	0.000298089931439316	0	0.000298089931439316	0
k__Bacteria|p__Bacteroidota|c__Bacteroidia|o__Bacteroidales|f__Bacteroidaceae|g__Bacteroides	0.000435669899795923	0.000321019926165417	0.000298089931439316	0.000458599894522024	0.000412739905069822	0.000435669899795923	0	0	0	0	0	0	0.000458599894522024	0.000504459883974227	0.000435669899795923	0.000389809910343721	0.000481529889248125	0.000458599894522024	0	4.58599894522024e-05	0	0	0	0.000114649973630506	0.00132993969411387	0.00105477975740066	0.00130700969938777	0.00146751966247048	0.00121528972048336	0.00116942973103116	0.00075668982596134	0.00075668982596134	0.000435669899795923	0.000687899841783036	0.00057324986815253	0.000458599894522024
k__Bacteria|p__Bacteroidota|c__Bacteroidia|o__Bacteroidales|f__Tannerellaceae|g__Parabacteroides	0	0	0	0	0	0	0.00018343995780881	0	0	0	0	0	0	0.000527389878700328	0.000481529889248125	0.000252229941987113	0	0.000321019926165417	0.000389809910343721	0.000527389878700328	0.000917199789044048	0.000550319873426429	0.000802549815413542	0.000435669899795923	0.000596179862878632	0.000687899841783036	0.000435669899795923	0.000458599894522024	0.000458599894522024	0.000504459883974227	0.000985989773222352	0.00103184976267455	0.000871339799591846	0.00123821971520947	0.000963059778496251	0.00114649973630506
k__Bacteria|p__Bacillota|c__Clostridia|o__Lachnospirales|f__Lachnospiraceae	0.00137579968356607	0.000917199789044048	0.00121528972048336	0.00130700969938777	0.00107770975212676	0.00126114970993557	0	0	0	0	0	0	0.00116942973103116	0.000642039852330834	0.00075668982596134	0.000985989773222352	0.000917199789044048	0.000733759831235239	0.000206369952534911	0.000389809910343721	0.000343949920891518	0.000229299947261012	0.000389809910343721	0.000229299947261012	0	0	0	0	0	0	0	0	0	0	0	0
k__Bacteria|p__Bacteroidota|c__Bacteroidia|o__Bacteroidales|f__Muribaculaceae|g__Muribaculum|s__unclassified_Muribaculum	0	0.000298089931439316	0.000527389878700328	0.000321019926165417	0.000389809910343721	0	0.000917199789044048	0.000550319873426429	0.000619109857604733	0.000642039852330834	0.000917199789044048	0.00075668982596134	0.000871339799591846	0.000710829836509138	0.00114649973630506	0.000687899841783036	0.000710829836509138	0.000710829836509138	0	0	0	0	0	0	0.00112356974157896	0.00075668982596134	0.00105477975740066	0.000779619820687441	0.000871339799591846	0.000527389878700328	0	0	0	0	0	0
k__Bacteria|p__Bacteroidota|c__Bacteroidia|o__Bacteroidales|f__Rikenellaceae|g__Rikenellaceae_RC9_gut_group|s__unclassified_Rikenellaceae_RC9_gut_group	0.000687899841783036	0.000229299947261012	0.000298089931439316	0.000733759831235239	0.000504459883974227	0.000481529889248125	0.000298089931439316	0.000298089931439316	0.00018343995780881	0.000343949920891518	0.000252229941987113	0.000733759831235239	9.17199789044048e-05	0.000114649973630506	0.000137579968356607	9.17199789044048e-05	0.000114649973630506	0.000206369952534911	0.000596179862878632	0.000802549815413542	0.00130700969938777	0.00094012978377015	0.000802549815413542	0.000596179862878632	0.000619109857604733	0.000710829836509138	0.000527389878700328	0.000412739905069822	0.000550319873426429	0.000642039852330834	0	0	0	0	0	0
k__Bacteria|p__Bacillota|c__Clostridia|o__Lachnospirales|f__Lachnospiraceae|g__Lachnospiraceae_NK4A136_group|s__Clostridiales_bacterium_CIEAF_020	0	0	0	0	0	0	0	0	0	0	0	0	0.00110063974685286	0.00103184976267455	0.00114649973630506	0.000871339799591846	0.00110063974685286	0.00103184976267455	0.000435669899795923	0.000275159936713215	0.000389809910343721	0.000481529889248125	0.000389809910343721	0.000412739905069822	0.000848409804865745	0.00128407970466167	0.00123821971520947	0.00114649973630506	0.00139872967829217	0.00130700969938777	0	0	0	0	0	0
k__Bacteria|p__Bacillota|c__Clostridia|o__Peptostreptococcales-Tissierellales|f__Anaerovoracaceae|g__[Eubacterium]_brachy_group|s__unclassified_[Eubacterium]_brachy_group	0.00105477975740066	0.000710829836509138	0.000642039852330834	0.00135286968883997	0.00114649973630506	0.00142165967301828	0	0	0	0	0	0.000114649973630506	0.000298089931439316	0.000206369952534911	0.000252229941987113	0.000298089931439316	0.000137579968356607	0.000252229941987113	0.000229299947261012	0.000412739905069822	0.000389809910343721	0.000412739905069822	0.000435669899795923	0.000160509963082709	0	0	0	0	0	0	0.000894269794317947	0.000343949920891518	0.000137579968356607	0.000802549815413542	0.000229299947261012	0.000389809910343721
k__Bacteria|p__Bacillota|c__Clostridia|o__Lachnospirales|f__Lachnospiraceae|g__GCA-900066575|s__unclassified_GCA-900066575	0.000435669899795923	0.000664969847056935	0.000710829836509138	0.000664969847056935	0.000710829836509138	0.000527389878700328	0.000252229941987113	0.000160509963082709	0.000389809910343721	0.000275159936713215	0.000298089931439316	0.000343949920891518	0.000527389878700328	0.000894269794317947	0.000619109857604733	0.00075668982596134	0.00057324986815253	0.000917199789044048	0.000435669899795923	0.000435669899795923	0.000389809910343721	0.000527389878700328	0.000321019926165417	0.000619109857604733	0.000206369952534911	0.00018343995780881	0	0.000252229941987113	0	0.000160509963082709	0.000114649973630506	0	9.17199789044048e-05	6.87899841783036e-05	9.17199789044048e-05	0
k__Bacteria|p__Bacillota|c__Clostridia|o__Lachnospirales|f__Lachnospiraceae	0.000206369952534911	0.00018343995780881	6.87899841783036e-05	0.000206369952534911	9.17199789044048e-05	9.17199789044048e-05	0.000596179862878632	0.000894269794317947	0.000963059778496251	0.000550319873426429	0.000687899841783036	0.00075668982596134	0	0	0	0	0	0	0.00103184976267455	0.00112356974157896	0.00116942973103116	0.00121528972048336	0.00112356974157896	0.00114649973630506	0	0	0	0	0	0	0.000252229941987113	0.000137579968356607	0.000160509963082709	0.000160509963082709	0.00018343995780881	0.000206369952534911
k__Bacteria|p__Bacillota|c__Clostridia|o__Oscillospirales	0.000848409804865745	0.00057324986815253	0.000321019926165417	0.000985989773222352	0.000917199789044048	0.000619109857604733	0	0	0	0	0	0	0.000343949920891518	0.000229299947261012	0.000366879915617619	0.000389809910343721	0.000229299947261012	0.000343949920891518	0	0	0	0	0	0	0	0	0	0	0	0	0.00167388961500539	0.000596179862878632	0.00075668982596134	0.00160509963082708	0.000871339799591846	0.000963059778496251
k__Bacteria|p__Bacteroidota|c__Bacteroidia|o__Bacteroidales|f__Bacteroidaceae|g__Bacteroides	0.000871339799591846	0.000504459883974227	0.000710829836509138	0.000642039852330834	0.000848409804865745	0.000710829836509138	0.00144458966774438	0.00121528972048336	0.000985989773222352	0.000871339799591846	0.00112356974157896	0.00174267959918369	0	0	0	0	0	0	0	0	0	0	0	0	0	0	0	0	0	0	0.000619109857604733	0	0	0.000481529889248125	0.000504459883974227	0
k__Bacteria|p__Bacillota|c__Clostridia|o__Lachnospirales|f__Lachnospiraceae	0.00155923964137488	0.00201783953589691	0.00201783953589691	0.0018343995780881	0.00199490954117081	0.00151337965192268	0.000160509963082709	0	0.000298089931439316	0	0.000160509963082709	0	0	0.00018343995780881	0.000275159936713215	0.000275159936713215	0.000206369952534911	0.000229299947261012	0	0	0	0	0	0	0	0	0	0	0	0	0	0	0	0	0	0
k__Bacteria|p__Bacillota|c__Clostridia|o__Clostridia_UCG-014|f__unclassified_Clostridia_UCG-014|g__unclassified_Clostridia_UCG-014|s__unclassified_Clostridia_UCG-014	0	0	0	0	0	0	0.00277452936185825	0.00224713948315792	0.00171974960445759	0.00215541950425351	0.00245350943569283	0.00277452936185825	0	0	0	0	0	0	0	0	0	0	0	0	0	0	0	0	0	0	0	0	0	0	0	0
k__Bacteria|p__Bacillota|c__Clostridia|o__Lachnospirales|f__Lachnospiraceae	0	0	0	0	0	0	0	0	0	0	0	0	0	0.000229299947261012	0.000504459883974227	0.000343949920891518	0.000343949920891518	0.000527389878700328	0.00162802962555319	0.001811469583362	0.0018343995780881	0.00149044965719658	0.00165095962027929	0.00176560959390979	0	0	0	0	0	0	0	0	0	0	0	0
k__Bacteria|p__Bacillota|c__Clostridia|o__Lachnospirales|f__Lachnospiraceae	0	0	0	0	0	0	0	0	0	0	0	2.29299947261012e-05	0	0	0	0	0	0	0.000642039852330834	0.000985989773222352	0.00169681960973149	0.000985989773222352	0.000848409804865745	0.000894269794317947	0.00153630964664878	0.00126114970993557	0.00132993969411387	0.00123821971520947	0.00158216963610098	0.00149044965719658	0	0	0	0	0	0
k__Bacteria|p__Bacillota|c__Clostridia|o__Lachnospirales|f__Lachnospiraceae	0	4.58599894522024e-05	0.000137579968356607	2.29299947261012e-05	4.58599894522024e-05	6.87899841783036e-05	0.000160509963082709	2.29299947261012e-05	0.000160509963082709	0.000137579968356607	0.000229299947261012	0.000137579968356607	0.000596179862878632	0.000710829836509138	0.000779619820687441	0.000481529889248125	0.000321019926165417	0.000550319873426429	0.00018343995780881	0.000252229941987113	0.00018343995780881	0.000435669899795923	0.000275159936713215	0.000252229941987113	0.00110063974685286	0.00116942973103116	0.000963059778496251	0.00121528972048336	0.00137579968356607	0.00153630964664878	0.000366879915617619	0	0.00018343995780881	0.000389809910343721	6.87899841783036e-05	0.000206369952534911
k__Bacteria|p__Bacillota|c__Clostridia|o__Oscillospirales|f__Butyricicoccaceae	0	0	0	0	0	0	0	0	0	0	0	0	0.000298089931439316	0.00018343995780881	0.000206369952534911	0.000275159936713215	0.000298089931439316	0.000412739905069822	0.000642039852330834	0.00114649973630506	0.00110063974685286	0.00149044965719658	0.00103184976267455	0.00057324986815253	0.000779619820687441	0.000985989773222352	0.00135286968883997	0.00112356974157896	0.00137579968356607	0.000985989773222352	0	0	0	0	0	0
k__Bacteria|p__Bacillota|c__Clostridia|o__Lachnospirales|f__Lachnospiraceae	0.000733759831235239	0.00103184976267455	0.000963059778496251	0.000664969847056935	0.00075668982596134	0.00057324986815253	0	0	0	0	0	0	0.000275159936713215	0.000343949920891518	0.000298089931439316	0.000458599894522024	0.000229299947261012	0.000504459883974227	0.00075668982596134	0.000687899841783036	0.000848409804865745	0.000917199789044048	0.000802549815413542	0.00094012978377015	0	0	0	0	0	0	6.87899841783036e-05	0	9.17199789044048e-05	6.87899841783036e-05	0.00018343995780881	9.17199789044048e-05
k__Bacteria|p__Thermodesulfobacteriota|c__Desulfovibrionia|o__Desulfovibrionales|f__Desulfovibrionaceae|g__Bilophila|s__unclassified_Bilophila	9.17199789044048e-05	0.000114649973630506	0.00018343995780881	0.00018343995780881	0.000137579968356607	0.000229299947261012	0	0	0	0	0	0	0.000229299947261012	0.000389809910343721	0.000458599894522024	0.000550319873426429	0.000664969847056935	0.000481529889248125	0	0	0	0	0	0	0.000160509963082709	0.000504459883974227	0.000389809910343721	0.000321019926165417	0.000229299947261012	0.000321019926165417	0.00162802962555319	0.00107770975212676	0.00128407970466167	0.00132993969411387	0.00119235972575726	0.000894269794317947
k__Bacteria|p__Bacillota|c__Clostridia|o__Lachnospirales|f__Lachnospiraceae	0	0	0	0	0	0	0.00100891976794845	0.000619109857604733	0.000802549815413542	0.000802549815413542	0.000871339799591846	0.000619109857604733	0.000779619820687441	0.00057324986815253	0.000642039852330834	0.000550319873426429	0.000917199789044048	0.000596179862878632	0	0	0	0	0	0	0.000252229941987113	0.00018343995780881	0.000206369952534911	0.000137579968356607	9.17199789044048e-05	0.000275159936713215	0.000642039852330834	0.000550319873426429	0.00057324986815253	0.00057324986815253	0.000917199789044048	0.000664969847056935
k__Bacteria|p__Bacillota|c__Clostridia|o__Lachnospirales|f__Lachnospiraceae	0.000619109857604733	0.000321019926165417	0.000435669899795923	0.000389809910343721	0.000412739905069822	0.000527389878700328	6.87899841783036e-05	6.87899841783036e-05	0	0.000160509963082709	2.29299947261012e-05	0.000137579968356607	0.00162802962555319	0.00110063974685286	0.00105477975740066	0.00123821971520947	0.00107770975212676	0.00126114970993557	0	0	0	0	0	0	0.00018343995780881	0.000412739905069822	0.000664969847056935	0.000298089931439316	0.000412739905069822	0.000550319873426429	0.000160509963082709	0.000160509963082709	0.000160509963082709	0.000137579968356607	4.58599894522024e-05	0.000137579968356607
k__Bacteria|p__Actinomycetota|c__Coriobacteriia|o__Coriobacteriales|f__Eggerthellaceae|g__Adlercreutzia	0.000458599894522024	0.00110063974685286	0.000550319873426429	0.00165095962027929	0.00103184976267455	0.000825479810139644	0	9.17199789044048e-05	0.00018343995780881	0.000389809910343721	0.000160509963082709	0.00130700969938777	0.00018343995780881	0.000114649973630506	4.58599894522024e-05	0.00018343995780881	0.000275159936713215	9.17199789044048e-05	0.000160509963082709	0.000412739905069822	0.000389809910343721	0.00018343995780881	0.000275159936713215	0.000275159936713215	0.000160509963082709	0.000114649973630506	0	0.000114649973630506	0	0	0.000321019926165417	0.000160509963082709	0.000229299947261012	0.000298089931439316	9.17199789044048e-05	9.17199789044048e-05
k__Bacteria|p__Bacillota|c__Bacilli|o__RF39|f__unclassified_RF39|g__unclassified_RF39|s__unclassified_RF39	0	0	0	0.000366879915617619	0.000366879915617619	0.000275159936713215	0.00112356974157896	0.00167388961500539	0.00171974960445759	0.00142165967301828	0.0019261195569925	0.00394395909288941	0	0	0	0	0	0	0	0	0	0	2.29299947261012e-05	0	0	0	0	0	0	0	0	0	0	0	0	0
k__Bacteria|p__Bacillota|c__Clostridia|o__Peptostreptococcales-Tissierellales|f__Anaerovoracaceae|g__Family_XIII_UCG-001|s__unclassified_Family_XIII_UCG-001	0.00123821971520947	0.000596179862878632	0.000596179862878632	0.00100891976794845	0.000917199789044048	0.00107770975212676	0	9.17199789044048e-05	0.000160509963082709	6.87899841783036e-05	4.58599894522024e-05	0	0.00075668982596134	0.000664969847056935	0.00057324986815253	0.000527389878700328	0.000435669899795923	0.000481529889248125	0.000114649973630506	0.000160509963082709	0.000481529889248125	0.000321019926165417	0.000275159936713215	0.00018343995780881	4.58599894522024e-05	0.00018343995780881	0.000137579968356607	0.000160509963082709	0.000206369952534911	0.000252229941987113	6.87899841783036e-05	4.58599894522024e-05	6.87899841783036e-05	0.000321019926165417	0.000114649973630506	0.000114649973630506
k__Bacteria|p__Bacillota|c__Clostridia|o__Lachnospirales|f__Lachnospiraceae|g__Lachnoclostridium	9.17199789044048e-05	0.000252229941987113	0.000229299947261012	0.000252229941987113	0.00018343995780881	0.000252229941987113	0	0	0	0	0	9.17199789044048e-05	0	0	0	0	0	0	0.00126114970993557	0.00146751966247048	0.00158216963610098	0.00116942973103116	0.00142165967301828	0.00153630964664878	0	0	0	0	0	0	0.000206369952534911	0.000252229941987113	0.000321019926165417	0.00018343995780881	0.000137579968356607	0.000366879915617619
k__Bacteria|p__Bacillota|c__Clostridia|o__Lachnospirales|f__Lachnospiraceae	0	0	0	0	0	0	0	0	0	0	0	0	0	0	0	0	0	0	0.00130700969938777	0.0018573295728142	0.00224713948315792	0.00176560959390979	0.00210955951480131	0.0018343995780881	0	0	0	0	0	0	0	0	0	0	0	0
k__Bacteria|p__Bacteroidota|c__Bacteroidia|o__Bacteroidales|f__Rikenellaceae|g__Alistipes|s__Bacteroides_sp._DSM_12148	0.00075668982596134	0.000458599894522024	0.000252229941987113	0.000275159936713215	0.000321019926165417	0.000435669899795923	0.000137579968356607	9.17199789044048e-05	0.000206369952534911	0.000275159936713215	0.000206369952534911	0.000412739905069822	0.000481529889248125	0.000275159936713215	0.000229299947261012	0.000252229941987113	0.000298089931439316	0.000252229941987113	2.29299947261012e-05	0.000114649973630506	0.000160509963082709	0.000160509963082709	0.00018343995780881	0	0.000298089931439316	0.000366879915617619	0.000252229941987113	0.000458599894522024	0.000458599894522024	0.000206369952534911	0.00103184976267455	0.000596179862878632	0.000435669899795923	0.00075668982596134	0.000642039852330834	0.00057324986815253
k__Bacteria|p__Bacillota|c__Clostridia|o__Oscillospirales|f__Oscillospiraceae	0.000458599894522024	0.000550319873426429	0.000321019926165417	0.000802549815413542	0.000664969847056935	0.000619109857604733	0.000275159936713215	0.000252229941987113	0.000160509963082709	0.000252229941987113	0.000252229941987113	0.000366879915617619	0.000412739905069822	0.000137579968356607	0.000114649973630506	0.000160509963082709	0.000229299947261012	0	0.00018343995780881	0.00018343995780881	0.000275159936713215	0.000114649973630506	0.000298089931439316	0.000321019926165417	0.000366879915617619	0.000252229941987113	0.000458599894522024	0.00057324986815253	0.000664969847056935	0.000435669899795923	0.000458599894522024	0.000550319873426429	0.000504459883974227	0.000343949920891518	0.00018343995780881	0.000206369952534911
k__Bacteria|p__Patescibacteria|c__Saccharimonadia|o__Saccharimonadales|f__Saccharimonadaceae|g__Candidatus_Saccharimonas|s__unclassified_Candidatus_Saccharimonas	0.000825479810139644	0.00282038935131045	0.00284331934603655	0.0018573295728142	0.00112356974157896	0.001811469583362	0	0	0	0	0	0	0	0	0	0	0	0	0	0	0	0	0	0	0	0	0	0	0	0	0	6.87899841783036e-05	4.58599894522024e-05	0	4.58599894522024e-05	0
k__Bacteria|p__Bacillota|c__Clostridia|o__Clostridia_UCG-014|f__unclassified_Clostridia_UCG-014|g__unclassified_Clostridia_UCG-014|s__unclassified_Clostridia_UCG-014	0.00112356974157896	0.000687899841783036	0.000710829836509138	0.00116942973103116	0.000871339799591846	0.00112356974157896	0.000298089931439316	0.000206369952534911	0	0.000229299947261012	0.00018343995780881	0.000114649973630506	0	0	0.000160509963082709	0	0.000137579968356607	0	0.000458599894522024	0.000458599894522024	0.000550319873426429	0.00057324986815253	0.000596179862878632	0.000481529889248125	0	0	0	0	0	0	0.000298089931439316	0	0.000137579968356607	0.000252229941987113	0.000206369952534911	6.87899841783036e-05
k__Bacteria|p__Bacillota|c__Clostridia|o__Oscillospirales|f__Ruminococcaceae|g__[Eubacterium]_siraeum_group|s__unclassified_[Eubacterium]_siraeum_group	0.000458599894522024	0.000252229941987113	0	0.000343949920891518	0	0.000343949920891518	0	0	0	0	0	0	0.000321019926165417	0.000343949920891518	0.000389809910343721	0.000229299947261012	0.000366879915617619	0.000343949920891518	0	0	0	0	0	0	0	0	0	0	0	0	0.00103184976267455	0.00174267959918369	0.00167388961500539	0.00153630964664878	0.00128407970466167	0.00137579968356607
k__Bacteria|p__Bacillota|c__Clostridia|o__Lachnospirales|f__Lachnospiraceae|g__Lachnospiraceae_NK4A136_group|s__Lachnospiraceae_bacterium_COE1	0	0	0	0	0	0	0.000160509963082709	6.87899841783036e-05	9.17199789044048e-05	0	9.17199789044048e-05	4.58599894522024e-05	0.00112356974157896	0.00146751966247048	0.00144458966774438	0.00132993969411387	0.00130700969938777	0.00110063974685286	0.000160509963082709	0.000252229941987113	0.000137579968356607	0.00018343995780881	0.000114649973630506	6.87899841783036e-05	0.000229299947261012	0	0.000275159936713215	0.000137579968356607	0.00018343995780881	0.000206369952534911	0.000389809910343721	0.000229299947261012	0.000229299947261012	0.000366879915617619	0.000435669899795923	0.000389809910343721
k__Bacteria|p__Bacillota|c__Clostridia|o__Lachnospirales|f__Lachnospiraceae	0.000275159936713215	0.000366879915617619	0.000412739905069822	0.000458599894522024	0.000321019926165417	0.000321019926165417	0	0	0	0	0	0	0.000710829836509138	0.000848409804865745	0.000963059778496251	0.000825479810139644	0.00114649973630506	0.00075668982596134	0.000596179862878632	0.000412739905069822	0.000733759831235239	0.000504459883974227	0.00057324986815253	0.000527389878700328	0	0	0	0	0	0	0.000114649973630506	0	6.87899841783036e-05	0.00018343995780881	0.000137579968356607	9.17199789044048e-05
k__Bacteria|p__Bacillota|c__Clostridia|o__Lachnospirales|f__Lachnospiraceae	0.000298089931439316	0.000298089931439316	0.000596179862878632	0.000343949920891518	0.000298089931439316	0.000435669899795923	0	0	0	0	6.87899841783036e-05	0.000137579968356607	0.000733759831235239	0.000985989773222352	0.00075668982596134	0.000596179862878632	0.00100891976794845	0.000825479810139644	0.000343949920891518	0.000229299947261012	0.000321019926165417	0.000527389878700328	0.000412739905069822	0.000389809910343721	0	0.000160509963082709	0.000458599894522024	0.000435669899795923	0.000114649973630506	0.000229299947261012	0.00018343995780881	0	0.000160509963082709	0.000206369952534911	0	0.000206369952534911
k__Bacteria|p__Bacillota|c__Clostridia|o__Lachnospirales|f__Lachnospiraceae	0	0	0	0	0	0	0.000275159936713215	0.000481529889248125	0.000642039852330834	0.000687899841783036	0.00057324986815253	0.000550319873426429	0.00126114970993557	0.00151337965192268	0.00146751966247048	0.00151337965192268	0.00153630964664878	0.00158216963610098	0	0	0	0	0	0	0.000114649973630506	6.87899841783036e-05	6.87899841783036e-05	0	9.17199789044048e-05	0	0	0	0	0	0	0
k__Bacteria|p__Bacillota|c__Clostridia|o__Lachnospirales|f__Lachnospiraceae	0.000343949920891518	0.000206369952534911	0.000275159936713215	0.00018343995780881	0.000343949920891518	0.000366879915617619	0.000114649973630506	0	0.000206369952534911	0	0	0.000114649973630506	0	0	0	0	0	0	0.00103184976267455	0.000687899841783036	0.000848409804865745	0.000825479810139644	0.000871339799591846	0.00075668982596134	0	0	0	0.00018343995780881	0	0	0.000527389878700328	0.000779619820687441	0.000596179862878632	0.000687899841783036	0.000596179862878632	0.000504459883974227
k__Bacteria|p__Bacteroidota|c__Bacteroidia|o__Bacteroidales|f__Muribaculaceae|g__unclassified_Muribaculaceae|s__unclassified_Muribaculaceae	0.00171974960445759	0.00132993969411387	0.00178853958863589	0.00165095962027929	0.00144458966774438	0.00128407970466167	0	0	0	0	0	0	0	0	0	0	0	0	0	0	0	0	0	0	0.000389809910343721	0.000206369952534911	0.000298089931439316	0.000343949920891518	0.000504459883974227	0.000366879915617619	0	0	0	0	0	0
k__Bacteria|p__Bacteroidota|c__Bacteroidia|o__Bacteroidales|f__Muribaculaceae|g__unclassified_Muribaculaceae|s__unclassified_Muribaculaceae	0.000825479810139644	0.000825479810139644	0.000802549815413542	0.000687899841783036	0.000733759831235239	0.000619109857604733	0	0	0	0	0	0	0.000664969847056935	0.000504459883974227	0.000733759831235239	0.000504459883974227	0.000687899841783036	0.000596179862878632	0.000389809910343721	0.000343949920891518	0.000275159936713215	0.000275159936713215	0.000206369952534911	0.000275159936713215	0.000321019926165417	0.000298089931439316	0.000481529889248125	0.000321019926165417	0	0	0	0	0	0	0	0
k__Bacteria|p__Bacteroidota|c__Bacteroidia|o__Bacteroidales|f__Muribaculaceae|g__unclassified_Muribaculaceae|s__unclassified_Muribaculaceae	0.00176560959390979	0.0018343995780881	0.00229299947261012	0.000985989773222352	0.00110063974685286	0.000894269794317947	0	0	0	0	0	0	0	0	0.000137579968356607	2.29299947261012e-05	0	0	0.000412739905069822	0.000275159936713215	0.000252229941987113	0.000229299947261012	4.58599894522024e-05	0.000435669899795923	0	0	0	0	0	0	2.29299947261012e-05	0	0	0	0	0
k__Bacteria|p__Bacillota|c__Clostridia|o__Lachnospirales|f__Lachnospiraceae|g__GCA-900066575|s__unclassified_GCA-900066575	0.000802549815413542	0.000550319873426429	0.00107770975212676	0.000733759831235239	0.00105477975740066	0.00114649973630506	0	0	0	0	0	0.000229299947261012	0.000504459883974227	0	0.000642039852330834	0.000366879915617619	0.000458599894522024	0.000710829836509138	0	0	0	0	0	0	0.000687899841783036	0.000412739905069822	0.000596179862878632	0.000733759831235239	0.00057324986815253	0.000825479810139644	0	0	0	0	0	0
k__Bacteria|p__Bacillota|c__Clostridia|o__Oscillospirales|f__Oscillospiraceae	0.000114649973630506	0.000114649973630506	0.00018343995780881	0.000160509963082709	0.000206369952534911	0.000137579968356607	0	0	0	0	0	0	0.00057324986815253	0.000504459883974227	0.000710829836509138	0.000802549815413542	0.000527389878700328	0.000504459883974227	0	0	0	0	0	0	0.00126114970993557	0.000825479810139644	0.000963059778496251	0.000894269794317947	0.00119235972575726	0.00112356974157896	0.000321019926165417	0.000298089931439316	0.000389809910343721	0.000343949920891518	0.000366879915617619	0.000435669899795923
k__Bacteria|p__Bacillota|c__Clostridia|o__Oscillospirales|f__Ruminococcaceae|g__[Eubacterium]_siraeum_group|s__unclassified_[Eubacterium]_siraeum_group	0	0.000252229941987113	0.000343949920891518	0.000252229941987113	0.000275159936713215	0.000229299947261012	0	0	0	0	0	0	0	0	0	0	0	0	0	0	0	0	0	0	0	0	0	0	0	0	0.00160509963082708	0.00135286968883997	0.00162802962555319	0.00165095962027929	0.00155923964137488	0.00128407970466167
k__Bacteria|p__Bacillota|c__Clostridia|o__Lachnospirales|f__Lachnospiraceae	0	0	0	0	0	0	0.000458599894522024	0.000343949920891518	0.000504459883974227	0.000366879915617619	0	0.000343949920891518	0.00153630964664878	0.00130700969938777	0.00158216963610098	0.00155923964137488	0.0018343995780881	0.00174267959918369	0	0	0	0	0	0	0	0	0	0.000114649973630506	0	0.000114649973630506	0	0	0	0	0	0
k__Bacteria|p__Bacillota|c__Clostridia|o__Oscillospirales|f__Oscillospiraceae|g__Oscillibacter	0	0	0	0	0	0	9.17199789044048e-05	6.87899841783036e-05	0	0	0	0.000114649973630506	0.000137579968356607	0	0	0.000137579968356607	0.00018343995780881	0	0.000343949920891518	0.00103184976267455	0.00123821971520947	0.000985989773222352	0.00105477975740066	0.000389809910343721	0.000137579968356607	0.000160509963082709	9.17199789044048e-05	0.000229299947261012	0.000366879915617619	0.000206369952534911	0.000779619820687441	0.000687899841783036	0.000321019926165417	0.000802549815413542	0.000435669899795923	0.000412739905069822
k__Bacteria|p__Verrucomicrobiota|c__Verrucomicrobiia|o__Verrucomicrobiales|f__Akkermansiaceae|g__Akkermansia|s__Akkermansia_muciniphila	0	0	0	0	0	0	0	0	0	0	0	0	0	0	0	0	0	0	0	0	0	0	0	0	0	0.00275159936713215	0	0.00295796931966706	0	0	0	0	0.00584714865515581	0	0	0.00114649973630506
k__Bacteria|p__Bacillota|c__Clostridia|o__Lachnospirales|f__Lachnospiraceae|g__unclassified_Lachnospiraceae|s__Clostridium_sp._Culture-41	0.000275159936713215	0.000206369952534911	0.000435669899795923	0.00018343995780881	0.000206369952534911	0.000298089931439316	0.00135286968883997	0.00103184976267455	0.00165095962027929	0.00132993969411387	0.00112356974157896	0.00155923964137488	0	0.000114649973630506	0.000114649973630506	0.000160509963082709	6.87899841783036e-05	0.000160509963082709	0	0	0	0	0	0	0	0	0	0	0	0	0.000160509963082709	0	0.000137579968356607	6.87899841783036e-05	0.000229299947261012	0.00018343995780881
k__Bacteria|p__Bacillota|c__Clostridia|o__Lachnospirales|f__Lachnospiraceae|g__Marvinbryantia|s__Clostridiales_bacterium_CIEAF_012	0.00057324986815253	0.000481529889248125	0.000527389878700328	0.000458599894522024	0.000435669899795923	0.000481529889248125	0.000458599894522024	0.000252229941987113	0.000114649973630506	0.000481529889248125	0.000229299947261012	0.000366879915617619	0.00018343995780881	0.000206369952534911	0.00018343995780881	0.000229299947261012	0.00018343995780881	0.000412739905069822	0.000229299947261012	0.000298089931439316	0.000389809910343721	0.000229299947261012	0.000343949920891518	0.000298089931439316	9.17199789044048e-05	0	2.29299947261012e-05	4.58599894522024e-05	0.000137579968356607	0	0.000458599894522024	0.000252229941987113	0.000252229941987113	0.000275159936713215	0.000298089931439316	0.000321019926165417
k__Bacteria|p__Bacillota|c__Bacilli|o__Erysipelotrichales|f__Erysipelotrichaceae|g__unclassified_Erysipelotrichaceae|s__unclassified_Erysipelotrichaceae	0.000343949920891518	0.000321019926165417	0.000252229941987113	0.000504459883974227	0.000458599894522024	0.000550319873426429	0.000389809910343721	0.00075668982596134	0.000802549815413542	0.000527389878700328	0.000596179862878632	0.000642039852330834	0	0	0	0.000114649973630506	6.87899841783036e-05	0.000160509963082709	0.000366879915617619	0.00057324986815253	0.000550319873426429	0.000343949920891518	0.000435669899795923	0.000389809910343721	0.000137579968356607	0.000137579968356607	0.000229299947261012	9.17199789044048e-05	4.58599894522024e-05	9.17199789044048e-05	0.000137579968356607	0	9.17199789044048e-05	0.000160509963082709	9.17199789044048e-05	0
k__Bacteria|p__Bacillota|c__Clostridia|o__Lachnospirales|f__Lachnospiraceae	0.000252229941987113	0.000229299947261012	0.000298089931439316	0.000321019926165417	0.000343949920891518	0.000275159936713215	0.000137579968356607	0.00018343995780881	0.000321019926165417	0	0.000114649973630506	0.000298089931439316	0.000458599894522024	0.000710829836509138	0.00119235972575726	0.000963059778496251	0.000825479810139644	0.000871339799591846	0.000252229941987113	0.000366879915617619	0.000229299947261012	0.000160509963082709	0.000252229941987113	0.000343949920891518	0	0	0	0	0	0	0.000137579968356607	0.000160509963082709	0.000114649973630506	0.000206369952534911	0.000114649973630506	0.000114649973630506
k__Bacteria|p__Bacillota|c__Clostridia|o__Oscillospirales|f__Oscillospiraceae	0	0	0	0	0	0	0	0	0.000481529889248125	0	0	0	0	0	0	0	0	0	0	0	0	0	0	0	0	0	0	0	0	0	0.00204076953062301	0.00174267959918369	0.00153630964664878	0.00155923964137488	0.00137579968356607	0.00123821971520947
k__Bacteria|p__Bacillota|c__Clostridia|o__Oscillospirales|f__Ruminococcaceae|g__Acutalibacter	0.000252229941987113	0.00018343995780881	9.17199789044048e-05	0.000298089931439316	0.000504459883974227	0.000321019926165417	0	9.17199789044048e-05	0	0	0	6.87899841783036e-05	0.000871339799591846	0.00075668982596134	0.000710829836509138	0.000848409804865745	0.00075668982596134	0.000664969847056935	6.87899841783036e-05	0.000206369952534911	0.000229299947261012	0.000229299947261012	0.00018343995780881	0	6.87899841783036e-05	6.87899841783036e-05	0	0.000137579968356607	0	0	0.000642039852330834	0.000298089931439316	0.000229299947261012	0.00057324986815253	0.000229299947261012	0.000435669899795923
k__Bacteria|p__Pseudomonadota|c__Gammaproteobacteria|o__Enterobacterales|f__Enterobacteriaceae|g__Escherichia-Shigella	0	0	0	0	0	0	9.17199789044048e-05	0.000114649973630506	9.17199789044048e-05	0	6.87899841783036e-05	0.000206369952534911	0	6.87899841783036e-05	4.58599894522024e-05	9.17199789044048e-05	9.17199789044048e-05	0.000160509963082709	0	0	0	0	0	0	0.000458599894522024	0.000733759831235239	0.000504459883974227	0.000114649973630506	0.000229299947261012	0.000343949920891518	0.00165095962027929	0.000963059778496251	0.000848409804865745	0.00149044965719658	0.000687899841783036	0.00110063974685286
k__Bacteria|p__Bacillota|c__Bacilli|o__Erysipelotrichales|f__Erysipelatoclostridiaceae|g__Massiliomicrobiota|s__unclassified_Massiliomicrobiota	0.000619109857604733	0.000321019926165417	0.000114649973630506	0.000687899841783036	0.000458599894522024	0.000664969847056935	0	0	0	0	2.29299947261012e-05	0.00018343995780881	0	4.58599894522024e-05	0	4.58599894522024e-05	4.58599894522024e-05	0	6.87899841783036e-05	0.000366879915617619	0.000160509963082709	0.000298089931439316	0.000252229941987113	0.000114649973630506	0.000275159936713215	0.00075668982596134	0.000458599894522024	0.000366879915617619	0.000114649973630506	0.000596179862878632	0.00094012978377015	0.000321019926165417	0.000206369952534911	0.000664969847056935	0.000206369952534911	0.000343949920891518
k__Bacteria|p__Bacillota|c__Clostridia|o__Lachnospirales|f__Lachnospiraceae|g__Roseburia|s__Clostridium_sp._Clone-44	0	0	0	0	0	0	0	0	0	0	0	0	0	0	0	0	0	0	0.000871339799591846	0.00142165967301828	0.00123821971520947	0.00123821971520947	0.00121528972048336	0.00128407970466167	0.000252229941987113	0.000642039852330834	0.00057324986815253	0.000321019926165417	0.000527389878700328	0.000275159936713215	0	0	6.87899841783036e-05	0	0	0
k__Bacteria|p__Bacillota|c__Clostridia|o__Oscillospirales|f__Ruminococcaceae|g__[Eubacterium]_siraeum_group|s__unclassified_[Eubacterium]_siraeum_group	0.00128407970466167	0.00135286968883997	0.00149044965719658	0.00151337965192268	0.0019031895622664	0.00162802962555319	0	0	0	0	0	0	0	0	0	0	0	0	0	0	0	0	0	2.29299947261012e-05	0	0	0	2.29299947261012e-05	0	0	0	0	0	0	0	0
k__Bacteria|p__Pseudomonadota|c__Gammaproteobacteria|o__Burkholderiales|f__Sutterellaceae|g__Turicimonas|s__unclassified_Turicimonas	0.000458599894522024	0.000114649973630506	9.17199789044048e-05	0.000275159936713215	0.000229299947261012	0.000252229941987113	4.58599894522024e-05	0.000137579968356607	0	0	4.58599894522024e-05	0.000114649973630506	0.000343949920891518	0.00018343995780881	0.000412739905069822	0.000389809910343721	0.000366879915617619	0.000458599894522024	0.000229299947261012	0.000642039852330834	0.000458599894522024	0.000550319873426429	0.000733759831235239	0.000252229941987113	0.00018343995780881	0.000275159936713215	0.000137579968356607	0.000114649973630506	0.000160509963082709	0.000252229941987113	0.000504459883974227	0.000206369952534911	4.58599894522024e-05	0.000504459883974227	0.000160509963082709	0.000206369952534911
k__Bacteria|p__Bacillota|c__Clostridia|o__Lachnospirales|f__Lachnospiraceae|g__Acetatifactor|s__unclassified_Acetatifactor	0	0	0	0.000206369952534911	0.000229299947261012	0	0.000229299947261012	0.000114649973630506	0.000412739905069822	0.000160509963082709	0.000160509963082709	0.000252229941987113	0	0.000206369952534911	0.000252229941987113	0.000321019926165417	0.000275159936713215	0.00018343995780881	9.17199789044048e-05	0.000114649973630506	0	0	0.000137579968356607	0.000137579968356607	0.00178853958863589	0.00119235972575726	0.00132993969411387	0.00123821971520947	0.00144458966774438	0.00137579968356607	0	0	0	0	0	0
k__Bacteria|p__Bacillota|c__Clostridia|o__Oscillospirales|f__Oscillospiraceae|g__Oscillibacter|s__unclassified_Oscillibacter	0.00153630964664878	0.00094012978377015	0.00075668982596134	0.00121528972048336	0.00139872967829217	0.00137579968356607	0	0	0	0	0	0	0	0.000114649973630506	0.000160509963082709	0	0	0	0	0	0	0	0	0	0	0	0	0	0	0	0.000252229941987113	0.000366879915617619	0.000229299947261012	0.000389809910343721	0.00018343995780881	0.000160509963082709
k__Bacteria|p__Bacillota|c__Clostridia|o__Lachnospirales|f__Lachnospiraceae	0.000137579968356607	6.87899841783036e-05	9.17199789044048e-05	0.000114649973630506	6.87899841783036e-05	9.17199789044048e-05	9.17199789044048e-05	9.17199789044048e-05	9.17199789044048e-05	4.58599894522024e-05	9.17199789044048e-05	0.000160509963082709	0.001811469583362	0.00160509963082708	0.00160509963082708	0.00160509963082708	0.00139872967829217	0.00121528972048336	0	2.29299947261012e-05	0	4.58599894522024e-05	0	0	0	0	0	0	0	0	0	0	0	0	0	0
k__Bacteria|p__Bacteroidota|c__Bacteroidia|o__Bacteroidales|f__Muribaculaceae|g__unclassified_Muribaculaceae|s__unclassified_Muribaculaceae	0	0	0	0	0	0	0	0	0	0	0	0	0.000275159936713215	0	0.000366879915617619	0	0	0	0	0	0	0	0	0	0	0	0	0	0	0	0.00123821971520947	0.001811469583362	0.00176560959390979	0.00121528972048336	0.00174267959918369	0.00165095962027929
k__Bacteria|p__Bacteroidota|c__Bacteroidia|o__Bacteroidales|f__Muribaculaceae|g__unclassified_Muribaculaceae|s__unclassified_Muribaculaceae	0	0	0	0	0	0	0	0	0	0	0	0	0	0.000114649973630506	0.000160509963082709	0.000114649973630506	0	9.17199789044048e-05	0	0	0	0	0	0	0	0	0	0	0	0	0.00158216963610098	0.00169681960973149	0.00144458966774438	0.00153630964664878	0.00144458966774438	0.00128407970466167
k__Bacteria|p__Bacillota|c__Clostridia|o__Lachnospirales|f__Lachnospiraceae	0.000435669899795923	0.000389809910343721	0.00057324986815253	0.000527389878700328	0.000252229941987113	0.000458599894522024	0.000802549815413542	0.000642039852330834	0.000619109857604733	0.000366879915617619	0.00075668982596134	0.000779619820687441	0	9.17199789044048e-05	0	0.000137579968356607	0.000114649973630506	0	0.000275159936713215	0.000275159936713215	0.000298089931439316	0.000321019926165417	0.000298089931439316	0.00018343995780881	0	0	0	0	0.000114649973630506	0	0.000160509963082709	0	0	0.000229299947261012	0	0.000137579968356607
k__Bacteria|p__Bacillota|c__Clostridia|o__Lachnospirales|f__Lachnospiraceae|g__GCA-900066575|s__unclassified_GCA-900066575	0.000206369952534911	0.000481529889248125	0.000527389878700328	0.000321019926165417	0.000412739905069822	0.000389809910343721	0	6.87899841783036e-05	0	0.000114649973630506	0	0.000114649973630506	0.000229299947261012	0.000504459883974227	0.000596179862878632	0.000366879915617619	0.000481529889248125	0.000550319873426429	0.000137579968356607	0	0.000114649973630506	0.000114649973630506	0.000114649973630506	4.58599894522024e-05	0	0	0	0	0	0	0.000619109857604733	0.000481529889248125	0.000458599894522024	0.000550319873426429	0.000619109857604733	0.000481529889248125
k__Bacteria|p__Bacillota|c__Clostridia|o__Lachnospirales|f__Lachnospiraceae	0.000802549815413542	0.000481529889248125	0.000802549815413542	0.000687899841783036	0.000687899841783036	0.00057324986815253	0.000160509963082709	4.58599894522024e-05	6.87899841783036e-05	0.000160509963082709	0.000160509963082709	0.00018343995780881	0.000802549815413542	0.000779619820687441	0.000825479810139644	0.000596179862878632	0.000733759831235239	0.000985989773222352	0	0	0	0	0	0	0	0	0	4.58599894522024e-05	0	0	0	0	0	0	0	0
k__Bacteria|p__Bacillota|c__Clostridia|o__Lachnospirales|f__Lachnospiraceae	0.00165095962027929	0.00149044965719658	0.00162802962555319	0.00153630964664878	0.00114649973630506	0.00144458966774438	0	0	0	0	0	0	0	0	0	0	0	0	0	0	0	0	0	0	0	0	0	0	0	0	0	0	0	0	0	0
k__Bacteria|p__Bacteroidota|c__Bacteroidia|o__Bacteroidales|f__Muribaculaceae|g__unclassified_Muribaculaceae|s__unclassified_Muribaculaceae	0.000389809910343721	0.000642039852330834	0.000894269794317947	0.00057324986815253	0.00094012978377015	0.00100891976794845	0.000366879915617619	0.000664969847056935	0	0.000871339799591846	0.000458599894522024	0.000527389878700328	0	0.000229299947261012	0	0	0	0	0	0	0	0	0	0	0.000550319873426429	0.000298089931439316	0	0.000366879915617619	0.000321019926165417	0.00075668982596134	0	0	0	0	0	0
k__Bacteria|p__Bacillota|c__Clostridia|o__Clostridiales|f__Clostridiaceae|g__Clostridium	0	0	0	0	0	0	0	0	0	0	0	0	0	0	0	0	0	0	0	0	0	0	0	0	0	0	0	0	0	0	0.00210955951480131	0.000848409804865745	0.00100891976794845	0.0019719795464447	0.00116942973103116	0.00112356974157896
k__Bacteria|p__Bacillota|c__Clostridia|o__Lachnospirales|f__Lachnospiraceae	0	0	0	0	0	0	0	0	0	0	0	0	0.00130700969938777	0.00126114970993557	0.00151337965192268	0.00137579968356607	0.00103184976267455	0.00105477975740066	0	0	0	0	0	0	0	0	0	0	0	0	0.000458599894522024	0.000252229941987113	0.000458599894522024	0.000343949920891518	0.000252229941987113	0.000298089931439316
k__Bacteria|p__Bacillota|c__Clostridia|o__Oscillospirales|f__Ruminococcaceae|g__[Eubacterium]_siraeum_group|s__unclassified_[Eubacterium]_siraeum_group	0.000985989773222352	0.00132993969411387	0.00114649973630506	0.00162802962555319	0.00153630964664878	0.00178853958863589	0	0	0	0	0	0	0	0	0	0	0	0	0	0	0	0	0	0	0	0	0	0	0	0	0	0	0	0	0	0
k__Bacteria|p__Bacillota|c__Clostridia|o__Oscillospirales|f__Oscillospiraceae	0.00057324986815253	0.000481529889248125	0.000298089931439316	0.000435669899795923	0.000642039852330834	0.000550319873426429	0	0	0	0	0	0	0.000412739905069822	0.000366879915617619	0.000458599894522024	0.000298089931439316	0.000389809910343721	0.000527389878700328	0	0	4.58599894522024e-05	0.000137579968356607	2.29299947261012e-05	0	0.000412739905069822	0.000527389878700328	0.000779619820687441	0.000321019926165417	0.000527389878700328	0.000321019926165417	0.000275159936713215	0	0.000252229941987113	0.00018343995780881	0.000114649973630506	9.17199789044048e-05
k__Bacteria|p__Bacillota|c__Clostridia|o__Lachnospirales|f__Lachnospiraceae	0.00128407970466167	0.000779619820687441	0.00137579968356607	0.00130700969938777	0.00100891976794845	0.000963059778496251	0	0	0	0	0	0	0.000343949920891518	0.000137579968356607	0.00018343995780881	0.000275159936713215	0.000275159936713215	0.000229299947261012	0	0	0	6.87899841783036e-05	0	0	0.000298089931439316	0.00018343995780881	0	0.000206369952534911	0	0	0	0	0	0	0	0
k__Bacteria|p__Bacillota|c__Clostridia|o__Lachnospirales|f__Lachnospiraceae	0.000619109857604733	0.000894269794317947	0.000894269794317947	0.000596179862878632	0.000619109857604733	0.000664969847056935	6.87899841783036e-05	0	0	0	0	4.58599894522024e-05	0.000825479810139644	0.000687899841783036	0.000733759831235239	0.000848409804865745	0.000871339799591846	0.000642039852330834	0	0	0	0	0	0	0	0	0	0	0	0	0	0	0	0	0	0
k__Bacteria|p__Bacillota|c__Clostridia|o__Lachnospirales|f__Lachnospiraceae|g__A2	0	0	0	0	0	0	0	0	0	0	0	0.000321019926165417	0	0.000458599894522024	0.000435669899795923	0.000527389878700328	0.000550319873426429	0.000504459883974227	0.000710829836509138	0.00103184976267455	0.000985989773222352	0.00110063974685286	0.00103184976267455	0.000642039852330834	0	0	0	0	0	0	0	0	0	0	0	0
k__Bacteria|p__Bacillota|c__Clostridia|o__Lachnospirales|f__Lachnospiraceae|g__A2	0	0	0	0	0	0	0.000160509963082709	0	0.000412739905069822	0.000343949920891518	0.000137579968356607	0	0.00057324986815253	0.000412739905069822	0.000321019926165417	0.000412739905069822	0	0	0.000710829836509138	0.000825479810139644	0.000985989773222352	0.00112356974157896	0.00128407970466167	0.000917199789044048	0	0	0	0	0	0	0	0	0	0	0	0
k__Bacteria|p__Bacillota|c__Clostridia|o__Lachnospirales|f__Lachnospiraceae|g__[Eubacterium]_xylanophilum_group|s__unclassified_[Eubacterium]_xylanophilum_group	0.00151337965192268	0.00114649973630506	0.00144458966774438	0.00121528972048336	0.00135286968883997	0.00151337965192268	0	0	0	0	0	0	0	0	0	0	0	0	0	0	0	0	0	0	0	0	0	0	0	0	0	0	0	0	0	0
k__Bacteria|p__Bacteroidota|c__Bacteroidia|o__Bacteroidales|f__Muribaculaceae|g__unclassified_Muribaculaceae|s__unclassified_Muribaculaceae	0.00057324986815253	0.00105477975740066	0.000848409804865745	0.000596179862878632	0.000596179862878632	0.000619109857604733	0	0	0	0	0	0	0.000298089931439316	0.000366879915617619	0.000527389878700328	0.000389809910343721	0.000550319873426429	0.000527389878700328	0	0	0	0	0	0	0	0	0	0	0	0	0.000160509963082709	0.000252229941987113	0.00018343995780881	0.000343949920891518	0.000298089931439316	0.000458599894522024
k__Bacteria|p__Bacillota|c__Clostridia|o__Oscillospirales|f__Oscillospiraceae	0.000298089931439316	0.000435669899795923	0.000321019926165417	0.000458599894522024	0.000596179862878632	0.000687899841783036	0	0	0	0	0	0.00018343995780881	0	0	0	0	0	0	0	0	0	0	0	0	0	0	0	0	0	0	0.00094012978377015	0.000550319873426429	0.000848409804865745	0.000825479810139644	0.000710829836509138	0.00107770975212676
k__Bacteria|p__Bacteroidota|c__Bacteroidia|o__Bacteroidales|f__Muribaculaceae|g__unclassified_Muribaculaceae|s__unclassified_Muribaculaceae	0.000389809910343721	0.000206369952534911	0	0.000412739905069822	0.000275159936713215	0.000252229941987113	0	0	0	0	0	0	0	0	0	0	0	0	0.000435669899795923	0.000343949920891518	0	0.000252229941987113	0.000275159936713215	0.000366879915617619	0.000664969847056935	0.000642039852330834	0.000619109857604733	0.000527389878700328	0.000321019926165417	0	0.000389809910343721	0.000527389878700328	0.000527389878700328	0.000389809910343721	0.000481529889248125	0.000527389878700328
k__Bacteria|p__Bacillota|c__Clostridia|o__Oscillospirales|f__Oscillospiraceae|g__Colidextribacter|s__bacterium_enrichment_culture_clone_M244	0.000298089931439316	0.000343949920891518	0.000298089931439316	0.000458599894522024	0.000389809910343721	0.000298089931439316	0.000160509963082709	6.87899841783036e-05	9.17199789044048e-05	0.00018343995780881	0.000114649973630506	6.87899841783036e-05	0	0	0	0	0	0	0	0	0	0	0	0	0.000389809910343721	0.000252229941987113	0.000504459883974227	0.00018343995780881	0.000275159936713215	0.000389809910343721	0.000848409804865745	0.000848409804865745	0.000481529889248125	0.000802549815413542	0.000435669899795923	0.00057324986815253
k__Bacteria|p__Bacillota|c__Clostridia|o__Lachnospirales|f__Lachnospiraceae	0.000160509963082709	0	0.000160509963082709	0.000114649973630506	0.000160509963082709	0.000160509963082709	0	0	0	0	0	0	0	0	0	0	0	0	0	0	0	0	0	0	0	0	0	0	0	0	0.00121528972048336	0.00151337965192268	0.00153630964664878	0.000985989773222352	0.00119235972575726	0.00139872967829217
k__Bacteria|p__Bacillota|c__Clostridia|o__Lachnospirales|f__Lachnospiraceae	0.000275159936713215	0.000389809910343721	0.000389809910343721	0.000481529889248125	0.000275159936713215	0.000389809910343721	0.000275159936713215	0.000160509963082709	0.000275159936713215	9.17199789044048e-05	0.000137579968356607	0.000275159936713215	0.000366879915617619	0.000366879915617619	0.000298089931439316	0.000298089931439316	0.000206369952534911	0.000412739905069822	9.17199789044048e-05	0	0.000160509963082709	0.000114649973630506	9.17199789044048e-05	6.87899841783036e-05	0	0.000114649973630506	0.000114649973630506	6.87899841783036e-05	0	0	0.000412739905069822	0.000481529889248125	0.000481529889248125	0.000298089931439316	0.000366879915617619	0.00057324986815253
k__Bacteria|p__Bacteroidota|c__Bacteroidia|o__Bacteroidales|f__Marinifilaceae|g__Butyricimonas	0.000481529889248125	0.000343949920891518	0.000252229941987113	0.000343949920891518	0.000481529889248125	0.000412739905069822	0	0	0	0	0	0	0.000458599894522024	0.000298089931439316	0.000275159936713215	0.000229299947261012	0.000137579968356607	0.000389809910343721	9.17199789044048e-05	9.17199789044048e-05	0.000160509963082709	0.000252229941987113	0.00018343995780881	0	0.000229299947261012	0.000252229941987113	6.87899841783036e-05	0.000114649973630506	0.000229299947261012	0.00018343995780881	0.000710829836509138	0.000366879915617619	0.000458599894522024	0.000481529889248125	0.000206369952534911	0.000298089931439316
k__Bacteria|p__Bacteroidota|c__Bacteroidia|o__Bacteroidales|f__Rikenellaceae|g__Rikenella|s__unclassified_Rikenella	0.000687899841783036	0.000298089931439316	0.000275159936713215	0.000527389878700328	0.000481529889248125	0.000619109857604733	0.000114649973630506	0.000160509963082709	9.17199789044048e-05	0.000137579968356607	0.000114649973630506	0.000435669899795923	0.000389809910343721	0.000275159936713215	0.000275159936713215	0.000275159936713215	0.000412739905069822	0.000435669899795923	4.58599894522024e-05	0.000252229941987113	0.000435669899795923	0.000321019926165417	0.000298089931439316	6.87899841783036e-05	0	0	0	0	0	0	0.000252229941987113	6.87899841783036e-05	6.87899841783036e-05	0.000206369952534911	6.87899841783036e-05	4.58599894522024e-05
k__Bacteria|p__Bacteroidota|c__Bacteroidia|o__Bacteroidales|f__Bacteroidaceae|g__Bacteroides	0.000366879915617619	0.000160509963082709	0	0.000275159936713215	0.000229299947261012	0.000343949920891518	0	0	0	0	0	0	0	0	0	0	0	0	0	0	0	0	0	0	0	0	0	6.87899841783036e-05	0	0	0.00144458966774438	0.00123821971520947	0.00100891976794845	0.00137579968356607	0.000871339799591846	0.000779619820687441
k__Bacteria|p__Bacteroidota|c__Bacteroidia	0	0	0	0	0	0	0	2.29299947261012e-05	6.87899841783036e-05	2.29299947261012e-05	2.29299947261012e-05	2.29299947261012e-05	0	0	0	0	0	0	2.29299947261012e-05	0.000114649973630506	4.58599894522024e-05	0	6.87899841783036e-05	0	0	0	0	0	0	0	0.0018573295728142	0.000985989773222352	0.000504459883974227	0.00204076953062301	0.000802549815413542	0.000664969847056935
k__Bacteria|p__Bacillota|c__Clostridia|o__Lachnospirales|f__Lachnospiraceae	4.58599894522024e-05	0.000114649973630506	0.000160509963082709	0	4.58599894522024e-05	0.000137579968356607	0	0	0	0	0	0	0.00018343995780881	0.000298089931439316	0.000343949920891518	0.000252229941987113	0.000412739905069822	0.000343949920891518	0.000435669899795923	0.000550319873426429	0.000596179862878632	0.000527389878700328	0.000825479810139644	0.000619109857604733	0.000252229941987113	0.00018343995780881	0.000389809910343721	0.00018343995780881	0.000275159936713215	0.000160509963082709	0.00018343995780881	0.000137579968356607	0.000206369952534911	0.00018343995780881	0.000137579968356607	0
k__Bacteria|p__Bacillota|c__Clostridia|o__Oscillospirales|f__Oscillospiraceae	0.000435669899795923	0.000435669899795923	0.000412739905069822	0.000687899841783036	0.000412739905069822	0.000550319873426429	0	0	0	0	0	0	0	0	0	0	0	0	9.17199789044048e-05	9.17199789044048e-05	0.000137579968356607	0	6.87899841783036e-05	0	0	0	0	0	0	0	0.000642039852330834	0.000825479810139644	0.000733759831235239	0.000802549815413542	0.000733759831235239	0.000871339799591846
k__Bacteria|p__Bacteroidota|c__Bacteroidia|o__Bacteroidales|f__Muribaculaceae|g__unclassified_Muribaculaceae|s__unclassified_Muribaculaceae	0	0	0	0	0	0	0	0	0	0	0	0	9.17199789044048e-05	0	0	0	0	0	0	0	0	0	0	0	0	0	0	0	0	0	0.00135286968883997	0.00137579968356607	0.00128407970466167	0.00119235972575726	0.00126114970993557	0.00153630964664878
k__Bacteria|p__Bacillota|c__Clostridia|o__Lachnospirales|f__Lachnospiraceae	0	0	0	0	0	0	0	0	0	0	0	0	0	0	0	0	0	0	0.000871339799591846	0.00110063974685286	0.000848409804865745	0.00107770975212676	0.00144458966774438	0.00121528972048336	0	0.000412739905069822	0	0	0.000412739905069822	0	0	0	0	0	0	0
k__Bacteria|p__Bacillota|c__Clostridia|o__Oscillospirales|f__Ruminococcaceae	0.000412739905069822	0.000321019926165417	0.000389809910343721	0.000596179862878632	0.00057324986815253	0.000389809910343721	0	0	0	0	0	0	0.000733759831235239	0.000435669899795923	0.000389809910343721	0.000481529889248125	0.000458599894522024	0.000366879915617619	0.000160509963082709	0.000389809910343721	0.000275159936713215	0.000366879915617619	0.000412739905069822	0.000252229941987113	0	0	0	0	0	0	0.000160509963082709	0	0	0.000114649973630506	0	0.000114649973630506
k__Bacteria|p__Bacteroidota|c__Bacteroidia|o__Bacteroidales|f__Rikenellaceae|g__Alistipes|s__Alistipes_obesi	0.000481529889248125	0.000206369952534911	0.000206369952534911	0.000343949920891518	0.000343949920891518	0.000435669899795923	0	0	0	0	0	0	4.58599894522024e-05	0	0.000137579968356607	9.17199789044048e-05	0	0	0	0	0	0	0	0	0	0	0	2.29299947261012e-05	0	0	0.00112356974157896	0.000733759831235239	0.000779619820687441	0.000985989773222352	0.000550319873426429	0.000802549815413542
k__Bacteria|p__Bacillota|c__Clostridia|o__Lachnospirales|f__Lachnospiraceae|g__Lachnospiraceae_NK4A136_group|s__unclassified_Lachnospiraceae_NK4A136_group	0	0	0	0	0	0	0	0	0	0	0	0	0.00132993969411387	0.00162802962555319	0.00128407970466167	0.00130700969938777	0.00158216963610098	0.00094012978377015	0	0	0	0	0	0	0	0	0	0	0	0	0	0	0	0	0	0
k__Bacteria|p__Bacillota|c__Clostridia|o__Oscillospirales|f__Oscillospiraceae|g__Colidextribacter	0	6.87899841783036e-05	0	0	0	0.000160509963082709	0	0	0	0	0	0	0	0.000229299947261012	0.000366879915617619	0.000206369952534911	0.000160509963082709	0.000229299947261012	0	0	0	0	0	0	0	0	0	0	0	0	0.00105477975740066	0.00100891976794845	0.000894269794317947	0.00116942973103116	0.00112356974157896	0.000687899841783036
k__Bacteria|p__Bacillota|c__Clostridia|o__Lachnospirales|f__Lachnospiraceae	0	0	0	0	0	0	0	0	0	0	0	0	0	0	0	0	0	0	0.000825479810139644	0.00116942973103116	0.00135286968883997	0.00123821971520947	0.00155923964137488	0.000802549815413542	0	0	0	0	0	0	0	0	0	0	0	0
k__Bacteria|p__Bacillota|c__Clostridia|o__Lachnospirales|f__Lachnospiraceae|g__Blautia|s__Lachnospiraceae_bacterium_DW59	0	0	0	0	0	0	0	0	0	0	0	0	0.00114649973630506	0.00153630964664878	0.00142165967301828	0.00149044965719658	0.00121528972048336	0.00121528972048336	0	0	0	0	0	0	0	0	0	0	0	0	0	0	0	0	0	0
k__Bacteria|p__Campylobacterota|c__Campylobacteria|o__Campylobacterales|f__Helicobacteraceae|g__Helicobacter|s__Helicobacter_hepaticus	0.000206369952534911	6.87899841783036e-05	6.87899841783036e-05	0.000137579968356607	0.00018343995780881	0.000137579968356607	0	0	0	0	0	0	0	0	0	0	0	0	0	0	0	0	0	0	0	0	0	0	0	0	0.00119235972575726	0.00121528972048336	0.000917199789044048	0.00112356974157896	0.00112356974157896	0.00075668982596134
k__Bacteria|p__Bacteroidota|c__Bacteroidia|o__Bacteroidales|f__Muribaculaceae|g__unclassified_Muribaculaceae|s__unclassified_Muribaculaceae	0.000412739905069822	0.000917199789044048	0.000802549815413542	0.000642039852330834	0.000963059778496251	0.000687899841783036	0.000321019926165417	0.000366879915617619	0	0.000642039852330834	0.000481529889248125	0.000435669899795923	0	0	0	0	0	0	0.000481529889248125	0	0	0	0	0	0	0	0	0	0	0	0	0	0	0	0	0
k__Bacteria|p__Bacillota|c__Clostridia|o__Oscillospirales|f__Oscillospiraceae|g__unclassified_Oscillospiraceae	0	0	0	0	0	0	0	0	0	0	0	0	0.00121528972048336	0.00103184976267455	0.00094012978377015	0.000917199789044048	0.000664969847056935	0.000550319873426429	0.000343949920891518	0.000458599894522024	0.000687899841783036	0	0.000252229941987113	0.000412739905069822	0	0.000160509963082709	0	0	0	0	0	0	0	0	0	0
k__Bacteria|p__Bacillota|c__Clostridia|o__Lachnospirales|f__Lachnospiraceae	0	0	0	0	0	0	0	0	0	0	0	6.87899841783036e-05	0.000137579968356607	0.000206369952534911	0.000275159936713215	0.000137579968356607	0.000114649973630506	0.000252229941987113	0.000733759831235239	0.00107770975212676	0.00121528972048336	0.000687899841783036	0.000871339799591846	0.00100891976794845	0	0	0	0	0	0	0	0	0	0	0	0
k__Bacteria|p__Bacillota|c__Clostridia|o__Lachnospirales|f__Lachnospiraceae|g__GCA-900066575|s__unclassified_GCA-900066575	0	0	0	0	0	0	0.000412739905069822	0.000298089931439316	0.000275159936713215	0.000298089931439316	0	0.00018343995780881	0.000343949920891518	0.00075668982596134	0.000687899841783036	0.000412739905069822	0.000458599894522024	0.000619109857604733	0.000343949920891518	0.000481529889248125	0.00057324986815253	0.000298089931439316	0.000366879915617619	0.000504459883974227	0	0	0	0	0	0	0	0	0	0	0	0
k__Bacteria|p__Bacillota|c__Clostridia|o__Oscillospirales|f__Ruminococcaceae	0.000298089931439316	0.000412739905069822	0.000481529889248125	0.000412739905069822	0.000504459883974227	0.000458599894522024	0	0.000114649973630506	2.29299947261012e-05	4.58599894522024e-05	0	0.000321019926165417	0	0.000114649973630506	0	0.000137579968356607	0.000206369952534911	0.000160509963082709	0.00018343995780881	0.000550319873426429	0.000343949920891518	0.000298089931439316	0.000114649973630506	0.000229299947261012	0.000252229941987113	0	0.000275159936713215	0.000114649973630506	6.87899841783036e-05	0.00018343995780881	0.000252229941987113	2.29299947261012e-05	4.58599894522024e-05	0.000160509963082709	4.58599894522024e-05	2.29299947261012e-05
k__Bacteria|p__Bacillota|c__Bacilli|o__Erysipelotrichales|f__Erysipelatoclostridiaceae|g__Longibaculum|s__unclassified_Longibaculum	0.00094012978377015	0.000412739905069822	0.000550319873426429	0.00116942973103116	0.00105477975740066	0.000985989773222352	0	0	0	0	0	0	0	0	0	0	0	0	0.000114649973630506	0.000252229941987113	0.000252229941987113	0.000137579968356607	0.000229299947261012	9.17199789044048e-05	0	0	0.000114649973630506	4.58599894522024e-05	0	0	2.29299947261012e-05	0	0	9.17199789044048e-05	4.58599894522024e-05	6.87899841783036e-05
k__Bacteria|p__Bacillota|c__Clostridia|o__Peptococcales|f__Peptococcaceae|g__unclassified_Peptococcaceae|s__unclassified_Peptococcaceae	0.000664969847056935	0.00075668982596134	0.000985989773222352	0.00160509963082708	0.000871339799591846	0.000894269794317947	0	0	0	0	0	0	0	0	0	0	0	0	4.58599894522024e-05	0.000160509963082709	0.000137579968356607	0.000229299947261012	0.000206369952534911	6.87899841783036e-05	0	0	0	0	0	0	0	0	0	0	0	0
k__Bacteria|p__Bacillota|c__Clostridia|o__Clostridiales|f__Clostridiaceae|g__Clostridium	0	0	0	0	0	0	0	0	0	0	0	0	0	0	0	0	0	0	0	0	0	0	0	0	0	0	0	0	0	0	0.00174267959918369	0.000596179862878632	0.000825479810139644	0.00128407970466167	0.000963059778496251	0.000779619820687441
k__Bacteria|p__Bacteroidota|c__Bacteroidia|o__Bacteroidales|f__Muribaculaceae|g__unclassified_Muribaculaceae|s__unclassified_Muribaculaceae	0.000733759831235239	0.00130700969938777	0.00110063974685286	0.00112356974157896	0.00121528972048336	0.000963059778496251	0	0	0	0	0	0	0	0	0	0	0	0	0	0	0	0	0	0	0	0	0	0	0	0	0	0	0	0	0	0
k__Bacteria|p__Bacillota|c__Clostridia|o__Oscillospirales|f__Oscillospiraceae	0.000412739905069822	0.000252229941987113	0.000206369952534911	0.000321019926165417	0.000435669899795923	0.000481529889248125	0	0	0	0	0	4.58599894522024e-05	0.000137579968356607	0.000229299947261012	0.000114649973630506	4.58599894522024e-05	0.00018343995780881	0.000206369952534911	0	0.000114649973630506	6.87899841783036e-05	2.29299947261012e-05	2.29299947261012e-05	4.58599894522024e-05	0.000275159936713215	0.000252229941987113	0.000366879915617619	0.000298089931439316	0.000343949920891518	9.17199789044048e-05	0.000389809910343721	0.000160509963082709	0.000252229941987113	0.000481529889248125	0.000252229941987113	0.000275159936713215
k__Bacteria|p__Bacillota|c__Clostridia|o__Lachnospirales|f__Lachnospiraceae	0	0	0	6.87899841783036e-05	0	0	0	0	0.000366879915617619	0.000229299947261012	0	0	0	0.00057324986815253	0.000435669899795923	0.000848409804865745	0.000458599894522024	0	0	0.000275159936713215	0.000298089931439316	0	0	0	0.000710829836509138	0.000550319873426429	0.000848409804865745	0.000664969847056935	0.000619109857604733	0.000894269794317947	0	0	0	9.17199789044048e-05	0	0
k__Bacteria|p__Bacillota|c__Clostridia|o__Monoglobales|f__Monoglobaceae|g__Monoglobus|s__unclassified_Monoglobus	0.000458599894522024	0.000458599894522024	0.000550319873426429	0.000504459883974227	0.000481529889248125	0.000642039852330834	4.58599894522024e-05	2.29299947261012e-05	0.000137579968356607	9.17199789044048e-05	4.58599894522024e-05	9.17199789044048e-05	0.000275159936713215	0.000412739905069822	0.000366879915617619	0.000298089931439316	0.000275159936713215	0.000252229941987113	0.000160509963082709	0.000298089931439316	0.000137579968356607	0.000160509963082709	0.000252229941987113	0.000206369952534911	0	0	0	0	0	0	0	0	0	0	0	0
k__Bacteria|p__Bacillota|c__Clostridia|o__Oscillospirales|f__Butyricicoccaceae|g__Agathobaculum	0	0	0	0	0	0	0	0	0	0	0	0	0	0	0	0	0	0	0.000687899841783036	0.00130700969938777	0.00135286968883997	0.00112356974157896	0.00103184976267455	0.00057324986815253	0	0	0	0	0	0	0	0	0	0	0	0
k__Bacteria|p__Bacillota|c__Clostridia|o__Lachnospirales|f__Lachnospiraceae|g__A2	0	0	0	0	0	0	0	0	0	0	0	0	0.000114649973630506	0.000160509963082709	0.000114649973630506	0.000252229941987113	0.000114649973630506	0.000160509963082709	0	0	0	0	0	0	0.000963059778496251	0.00153630964664878	0.00121528972048336	0.00162802962555319	0.00123821971520947	0.000710829836509138	0	0	0	0	0	0
k__Bacteria|p__Bacillota|c__Clostridia|o__Lachnospirales|f__Lachnospiraceae|g__GCA-900066575|s__unclassified_GCA-900066575	0.000779619820687441	0.000825479810139644	0.00116942973103116	0.000894269794317947	0.000802549815413542	0.000642039852330834	0	0	0	0	0.000275159936713215	0	0	0	0	0	0	0	0	0	0	0	0	0	0	0	0	0	0	0	0.000206369952534911	0	9.17199789044048e-05	0.000206369952534911	0.000160509963082709	6.87899841783036e-05
k__Bacteria|p__Bacillota|c__Clostridia|o__Lachnospirales|f__Lachnospiraceae	2.29299947261012e-05	0	2.29299947261012e-05	0	2.29299947261012e-05	0	4.58599894522024e-05	0	0.000137579968356607	4.58599894522024e-05	9.17199789044048e-05	6.87899841783036e-05	0.000458599894522024	0.000596179862878632	0.000642039852330834	0.00057324986815253	0.000871339799591846	0.000825479810139644	0.000366879915617619	0.000252229941987113	0.000366879915617619	0.000458599894522024	0.000481529889248125	0.000229299947261012	0	0	0	0	0	0	0	0	0	0	0	0
k__Bacteria|p__Bacillota|c__Clostridia|o__Oscillospirales|f__Oscillospiraceae	0.000137579968356607	0.000114649973630506	0.000275159936713215	0.00018343995780881	0.000229299947261012	0.000389809910343721	0	0	0	0	0	9.17199789044048e-05	0.000275159936713215	0.000252229941987113	0.000321019926165417	0.000366879915617619	0.000321019926165417	0.000504459883974227	0	0	0	0	0	0	6.87899841783036e-05	0	0	0	0	0	0.000550319873426429	0.000527389878700328	0.000366879915617619	0.00057324986815253	0.000343949920891518	0.000527389878700328
k__Bacteria|p__Bacillota|c__Clostridia|o__Lachnospirales|f__Lachnospiraceae	9.17199789044048e-05	0	0	0	0	0	0.000206369952534911	9.17199789044048e-05	0.000160509963082709	0.000137579968356607	0.00018343995780881	0.000252229941987113	0.00075668982596134	0.00105477975740066	0.000894269794317947	0.00100891976794845	0.000894269794317947	0.00105477975740066	0	0	0	0	0	0	0	0	0	0	0	0	0	0	0	0	0	0
k__Bacteria|p__Bacillota|c__Clostridia|o__Oscillospirales|f__Ruminococcaceae	0.000206369952534911	0.00018343995780881	0.000114649973630506	0.000206369952534911	0.000343949920891518	0	2.29299947261012e-05	0	2.29299947261012e-05	0	0	0.000114649973630506	0.000664969847056935	0.000527389878700328	0.000458599894522024	0.000527389878700328	0.000321019926165417	0.000321019926165417	0.000275159936713215	0.000275159936713215	0.000366879915617619	0	0.000687899841783036	0.000321019926165417	0.000114649973630506	0	0.000137579968356607	6.87899841783036e-05	0.000160509963082709	0	0	0	0	0	0	0
k__Bacteria|p__Bacillota|c__Clostridia|o__Lachnospirales|f__Lachnospiraceae	0	0	0	0	0	0	0	0	0	0	0	0	0.000664969847056935	0.000687899841783036	0.000710829836509138	0.000389809910343721	0.000527389878700328	0.000527389878700328	0	0	0	0	0	0	0.000642039852330834	0.00057324986815253	0.000642039852330834	0.000917199789044048	0.000343949920891518	0.000733759831235239	0	0	0	0	0	0
k__Bacteria|p__Bacillota|c__Clostridia|o__Lachnospirales|f__Lachnospiraceae|g__Lachnospiraceae_NK4A136_group|s__Clostridiales_bacterium_CIEAF_020	0.000114649973630506	6.87899841783036e-05	9.17199789044048e-05	0	0	0	0.000114649973630506	0.000137579968356607	0	0.00018343995780881	0.000206369952534911	0	0.00075668982596134	0.000871339799591846	0.00105477975740066	0.000642039852330834	0.000848409804865745	0.000779619820687441	0	0	0	0	0	0	0	0	0	0	0	0	0.000137579968356607	0.000114649973630506	0	9.17199789044048e-05	6.87899841783036e-05	6.87899841783036e-05
k__Bacteria|p__Bacillota|c__Clostridia|o__Oscillospirales|f__Oscillospiraceae	0	0	0	0	0	0	0.000137579968356607	0.000137579968356607	0	0	0	9.17199789044048e-05	0	0.000229299947261012	0.000114649973630506	0	9.17199789044048e-05	0.000114649973630506	0.000435669899795923	0.00075668982596134	0.00126114970993557	0.000848409804865745	0.000894269794317947	0.00057324986815253	0	0	0	0	0	0	0	0	0	0	0	0
k__Bacteria|p__Bacillota|c__Clostridia|o__Oscillospirales|f__Ruminococcaceae|g__Ruminococcus|s__unclassified_Ruminococcus	0.000504459883974227	0.000779619820687441	0.000871339799591846	0.00139872967829217	0.00100891976794845	0.00110063974685286	0	0	0	0	0	0	0	0	0	0	0	0	0	0	0	0	0	0	0	0	0	4.58599894522024e-05	0	0	0	0	0	0	0	0
k__Bacteria|p__Bacillota|c__Clostridia|o__Oscillospirales|f__Oscillospiraceae|g__Colidextribacter|s__unclassified_Colidextribacter	0	0.000252229941987113	0	0	0.000229299947261012	0	0.000275159936713215	0.00018343995780881	0	0.000137579968356607	0.000252229941987113	0.000366879915617619	0	0	0	0	0	0	0.000206369952534911	0.000687899841783036	0.00100891976794845	0.000917199789044048	0.000550319873426429	0.000550319873426429	0	0	0	0	0	0	0	0	0	0	0	0
k__Bacteria|p__Bacillota|c__Clostridia|o__Lachnospirales|f__Lachnospiraceae|g__A2|s__unclassified_A2	0.000137579968356607	0.000137579968356607	0.000229299947261012	0.000321019926165417	0.000343949920891518	0.000252229941987113	0	0	0	0	0	0	0.000664969847056935	0.00100891976794845	0.000733759831235239	0.000710829836509138	0.00057324986815253	0.000435669899795923	0	0	0	9.17199789044048e-05	0	6.87899841783036e-05	0	0	0	0	0	0	6.87899841783036e-05	0	0.000160509963082709	0.000137579968356607	0	0
k__Bacteria|p__Bacillota|c__Bacilli|o__Erysipelotrichales|f__Erysipelotrichaceae|g__unclassified_Erysipelotrichaceae|s__unclassified_Erysipelotrichaceae	0	0	0	0	0	0	0.000550319873426429	0.000458599894522024	0.000710829836509138	0.000550319873426429	0.000550319873426429	0.00057324986815253	0	0	0	0	0	0	0	0	0	0	0	0	0	0	0	0	0	0	0.000550319873426429	0.000298089931439316	0.000504459883974227	0.000733759831235239	0.000366879915617619	0.000343949920891518
k__Bacteria|p__Bacillota|c__Clostridia|o__Lachnospirales|f__Lachnospiraceae	0.000137579968356607	0	0.000114649973630506	0	0.000114649973630506	0	0	6.87899841783036e-05	0	0	9.17199789044048e-05	0	0.000229299947261012	0.000343949920891518	0.000206369952534911	0.000389809910343721	0.000321019926165417	0.000435669899795923	0	0	0	0	0	0	0.000389809910343721	0.000298089931439316	0.000343949920891518	0.000366879915617619	0.000412739905069822	0.00057324986815253	0.000321019926165417	0.000275159936713215	0.000206369952534911	0.000298089931439316	0.000298089931439316	0.000343949920891518
k__Bacteria|p__Bacteroidota|c__Bacteroidia|o__Bacteroidales|f__Muribaculaceae|g__unclassified_Muribaculaceae|s__unclassified_Muribaculaceae	0.000343949920891518	0.000321019926165417	0.000458599894522024	0.000343949920891518	0.000275159936713215	0.000458599894522024	0	0	0	0	0	0	0	0.000114649973630506	0.000114649973630506	0.000137579968356607	0.000114649973630506	0	0	0	0	0	0	0	0.000114649973630506	0.000160509963082709	0.000137579968356607	0.000137579968356607	0.000229299947261012	0	0.000206369952534911	0.00057324986815253	0.000366879915617619	0.000458599894522024	0.000619109857604733	0.000343949920891518
k__Bacteria|p__Bacillota|c__Clostridia|o__Lachnospirales|f__Lachnospiraceae	0.00018343995780881	0.000160509963082709	0.00018343995780881	0.000160509963082709	9.17199789044048e-05	0.000114649973630506	0	0	0	0	0	6.87899841783036e-05	0.000458599894522024	0.00057324986815253	0.000321019926165417	0.000366879915617619	0.000389809910343721	0.000389809910343721	0	0	0	0	0	0	0.000321019926165417	0.000275159936713215	0.000435669899795923	0.000298089931439316	0.000412739905069822	0.000389809910343721	0.00018343995780881	0.000229299947261012	0.000114649973630506	0.000137579968356607	9.17199789044048e-05	0.00018343995780881
k__Bacteria|p__Bacillota|c__Clostridia|o__Oscillospirales|f__Oscillospiraceae|g__unclassified_Oscillospiraceae	0.000137579968356607	0	0	0.000206369952534911	0.00018343995780881	0.000229299947261012	0.000481529889248125	0.000481529889248125	0.000366879915617619	0.000412739905069822	0.000412739905069822	0.000779619820687441	0	0.000458599894522024	0	0.000343949920891518	0.000275159936713215	0.000412739905069822	0	0	0	0.000412739905069822	0.000366879915617619	0	0	0	0	0	0	0	0	0	0	0	0	0
k__Bacteria|p__Bacillota|c__Clostridia|o__Oscillospirales|f__Ruminococcaceae|g__unclassified_Ruminococcaceae|s__[Clostridium]_leptum	0.000252229941987113	0.000206369952534911	0.000252229941987113	0.000298089931439316	0.000343949920891518	0.00057324986815253	0	0	0	0	0	0	0.000137579968356607	0.000114649973630506	0.000160509963082709	0.000137579968356607	0.000206369952534911	0.000206369952534911	2.29299947261012e-05	0	6.87899841783036e-05	0	6.87899841783036e-05	0	0	0	0	0	0	0	0.00057324986815253	0.000252229941987113	0.000366879915617619	0.000527389878700328	0.000366879915617619	0.000343949920891518
k__Bacteria|p__Bacillota|c__Clostridia|o__Lachnospirales|f__Lachnospiraceae	0.00114649973630506	0.000894269794317947	0.000894269794317947	0.000894269794317947	0.000894269794317947	0.000848409804865745	0	0	0	0	0	0	0	0	0	0	0	0	0	0	0	0	0	0	0	0	0	0	0	0	0	0	0	0	0	0
k__Bacteria|p__Bacteroidota|c__Bacteroidia|o__Bacteroidales|f__Muribaculaceae|g__unclassified_Muribaculaceae|s__unclassified_Muribaculaceae	0.000343949920891518	0.000435669899795923	0.000275159936713215	0.000343949920891518	0.000252229941987113	0.00018343995780881	0	0	0	0	0	0	0.000160509963082709	4.58599894522024e-05	9.17199789044048e-05	0.00018343995780881	6.87899841783036e-05	0.000114649973630506	0	0	0	0	0	0	0.000160509963082709	9.17199789044048e-05	9.17199789044048e-05	0.000160509963082709	0	0.000252229941987113	0.000366879915617619	0.000504459883974227	0.000825479810139644	0.000412739905069822	0.000412739905069822	0.000366879915617619
k__Bacteria|p__Bacteroidota|c__Bacteroidia|o__Bacteroidales|f__Muribaculaceae|g__unclassified_Muribaculaceae|s__unclassified_Muribaculaceae	0.000825479810139644	0.000687899841783036	0.000550319873426429	0.000458599894522024	0.000435669899795923	0.000481529889248125	0	0	0	0	0	0	0	0.000412739905069822	0.000596179862878632	0.000527389878700328	0.000550319873426429	0	0	0	0	0	0	0	0	0	0	0	0	0	0	0	0	0	0	0
k__Bacteria|p__Bacillota|c__Clostridia|o__Lachnospirales|f__Lachnospiraceae	0.000160509963082709	0.000389809910343721	0.000206369952534911	0.000275159936713215	0.000298089931439316	0.000298089931439316	0	0	0	0	0	0	0	2.29299947261012e-05	2.29299947261012e-05	0	0	0	0	0	0	0	0	0	0.000619109857604733	0.000664969847056935	0.00100891976794845	0.00103184976267455	0.000687899841783036	0.00119235972575726	0	0.000137579968356607	0	0	6.87899841783036e-05	0
k__Bacteria|p__Bacillota|c__Clostridia|o__Lachnospirales|f__Lachnospiraceae	0	0	0	0	0	0	0	0	0	0	0	0	0	0	0	0	0	0	0.000687899841783036	0.000871339799591846	0.00100891976794845	0.00094012978377015	0.000894269794317947	0.000779619820687441	0	0	0	0	0	0	0	0	0	0	0	0
k__Bacteria|p__Bacillota|c__Clostridia|o__Lachnospirales|f__Lachnospiraceae	0	0	0	0	0	0	0	0	0	0	0	0	0	0	0	0	0	0	0	0	0	0	0	0	0	0	0	0	0	0	0.00094012978377015	0.000894269794317947	0.000963059778496251	0.00107770975212676	0.00075668982596134	0.000871339799591846
k__Bacteria|p__Bacillota|c__Clostridia|o__Lachnospirales|f__Lachnospiraceae	6.87899841783036e-05	9.17199789044048e-05	0.000160509963082709	0.000229299947261012	0.00018343995780881	9.17199789044048e-05	0.000114649973630506	6.87899841783036e-05	0	0	0	0.00018343995780881	0.000412739905069822	0.000321019926165417	0.000298089931439316	0.000252229941987113	0.00018343995780881	0.000275159936713215	9.17199789044048e-05	0.000481529889248125	0.000275159936713215	0.000206369952534911	0.00018343995780881	0.00018343995780881	0	0	0	0	0	0	0.000298089931439316	0.000160509963082709	0.00018343995780881	0.00018343995780881	0.000252229941987113	4.58599894522024e-05
k__Bacteria|p__Bacillota|c__Clostridia|o__Lachnospirales|f__Lachnospiraceae|g__Lachnospiraceae_NK4A136_group|s__unclassified_Lachnospiraceae_NK4A136_group	0	0	0	0	0	0	0	0	0	0	0	0	0	0	0	0	0	0	0.000687899841783036	0.000619109857604733	0.00100891976794845	0.000894269794317947	0.00105477975740066	0.000802549815413542	0	0	0	0	0	0	0	0	0	0	0	0
k__Bacteria|p__Bacillota|c__Clostridia|o__Lachnospirales|f__Lachnospiraceae	0.000963059778496251	0.000664969847056935	0.000733759831235239	0.000779619820687441	0.000825479810139644	0.00075668982596134	0	0	0	0	0	0	0	0.000160509963082709	0.000229299947261012	0.000114649973630506	0	0	0	0	0	0	0	0	0	0	0	0	0	0	0	0	0	0	0	0
k__Bacteria|p__Bacillota|c__Clostridia|o__Oscillospirales|f__Ruminococcaceae|g__unclassified_Ruminococcaceae|s__[Clostridium]_leptum	0.000275159936713215	0.000321019926165417	0.000389809910343721	0.000504459883974227	0.000412739905069822	0.000412739905069822	0.000343949920891518	0.000343949920891518	0.000252229941987113	0.000206369952534911	0.000114649973630506	0.000481529889248125	0	0.000114649973630506	0.000229299947261012	0.000275159936713215	9.17199789044048e-05	0.00018343995780881	0	0	0	0	0	0	4.58599894522024e-05	0.000160509963082709	0.000252229941987113	9.17199789044048e-05	9.17199789044048e-05	0.000114649973630506	0	0	0	0	0	0
k__Bacteria|p__Bacillota|c__Clostridia|o__Oscillospirales|f__Butyricicoccaceae|g__UCG-009|s__unclassified_UCG-009	0	0	0	4.58599894522024e-05	0	4.58599894522024e-05	0.000114649973630506	0	4.58599894522024e-05	0	0	0.000114649973630506	0	0.000137579968356607	0	9.17199789044048e-05	0.000114649973630506	0	0.000229299947261012	0.000435669899795923	0.000687899841783036	0.000481529889248125	0.000366879915617619	0.000275159936713215	0.000458599894522024	0.000481529889248125	0.000596179862878632	0.000481529889248125	0.000504459883974227	0.000596179862878632	0	0	0	0	0	0
k__Bacteria|p__Bacillota|c__Clostridia|o__Oscillospirales|f__Oscillospiraceae	0.000825479810139644	0.00075668982596134	0.00075668982596134	0.000687899841783036	0.00107770975212676	0.000963059778496251	0	0	0	0	0	0	0	0	0	0	0	0	0	0	0	0	0	0	0	0	0	0	0	0	0	0	0	0	0	0
k__Bacteria|p__Bacillota|c__Clostridia|o__Lachnospirales|f__Lachnospiraceae	0.000229299947261012	0.000114649973630506	0.00018343995780881	0.00018343995780881	0.000137579968356607	0.000206369952534911	0.000435669899795923	0.000366879915617619	0.000343949920891518	0.000343949920891518	0.00057324986815253	0.000321019926165417	0	0	0	0	0	0	0	0	0	0	0	0	0.000298089931439316	0.000412739905069822	0.000458599894522024	0.000481529889248125	0.000458599894522024	0.000733759831235239	0	0	0	0	9.17199789044048e-05	0
k__Bacteria|p__Deferribacterota|c__Deferribacteres|o__Deferribacterales|f__Deferribacteraceae|g__Mucispirillum|s__Mucispirillum_sp._69	0	0	0	0	0	0	0.000343949920891518	0.000435669899795923	0.000710829836509138	0.000366879915617619	0.000321019926165417	0.000687899841783036	0	0	0	0	0.000206369952534911	0.000252229941987113	0	0.000481529889248125	0.000550319873426429	0.000481529889248125	0.000481529889248125	0.000229299947261012	0	0	0	0	0	0	0	0	0	0	0	0
k__Bacteria|p__Patescibacteria|c__Saccharimonadia|o__Saccharimonadales|f__Saccharimonadaceae|g__Candidatus_Saccharimonas|s__unclassified_Candidatus_Saccharimonas	0.000435669899795923	0.00135286968883997	0.0018802595675403	0.000550319873426429	0.000389809910343721	0.000733759831235239	0	0	0	0	0	0	0	0	0	0	0	0	0	0	0	0	0	0	0	0	0	0	0	0	0	0	0	0	0	0
k__Bacteria|p__Bacteroidota|c__Bacteroidia|o__Bacteroidales|f__Bacteroidaceae|g__Bacteroides	0.000779619820687441	0.00057324986815253	0.000343949920891518	0.000642039852330834	0.000596179862878632	0.000619109857604733	0	0	0	0	0	0	0	0	0	0	0	0	0	0	0	0	0	0	0.000252229941987113	0.000366879915617619	0.000252229941987113	0.000298089931439316	0.000321019926165417	0.000298089931439316	6.87899841783036e-05	4.58599894522024e-05	0	2.29299947261012e-05	0	4.58599894522024e-05
k__Bacteria|p__Bacillota|c__Clostridia|o__Lachnospirales|f__Lachnospiraceae	0	0	0	0	0	0	0	0	0	0	0	0	0	0	0	0	0	0	0.000664969847056935	0.00075668982596134	0.000871339799591846	0.000825479810139644	0.00103184976267455	0.000848409804865745	0	0	0	0	0	0	0	0	0	0	0	0
k__Bacteria|p__Bacillota|c__Bacilli|o__RF39|f__unclassified_RF39|g__unclassified_RF39|s__unclassified_RF39	0.000527389878700328	0.000160509963082709	9.17199789044048e-05	0.000435669899795923	0.000321019926165417	0.000527389878700328	0	0	0	0	0	0	0	0	0	0	0	0	0	0	0	0	0	0	0	0	0	0	0	0	0.00094012978377015	0.00018343995780881	4.58599894522024e-05	0.00094012978377015	0.000252229941987113	0.000229299947261012
k__Bacteria|p__Actinomycetota|c__Actinobacteria|o__Bifidobacteriales|f__Bifidobacteriaceae|g__Bifidobacterium	0	0	0	0	0	0	0.000710829836509138	0.000550319873426429	0.000917199789044048	0.000733759831235239	0.000527389878700328	0.00114649973630506	0	0	0	0	0	0	0	0	0	0	0	0	0.00018343995780881	0.000435669899795923	0.000252229941987113	0.000252229941987113	0.000206369952534911	0.000275159936713215	0	0	0	0	0	0
k__Bacteria|p__Bacillota|c__Clostridia|o__Lachnospirales|f__Lachnospiraceae	0	0	0	0	0	0	0	0	0	0	0	0	0.00057324986815253	0.00114649973630506	0.00103184976267455	0.00110063974685286	0.000985989773222352	0.000779619820687441	0	0	0	0	0	0	0	0	0	0	0	0	0	0	0	0	0	0
k__Bacteria|p__Bacillota|c__Bacilli	0	0	0	0	0.000114649973630506	0	0	0	0	0	0	0	0	0	0	0	0	0	0.000619109857604733	0.000687899841783036	0.000664969847056935	0.000894269794317947	0.000619109857604733	0.00057324986815253	0.000252229941987113	0.000298089931439316	0	0.000160509963082709	0.000206369952534911	0	0	0	0	0	0	0
k__Bacteria|p__Bacillota|c__Clostridia|o__Peptostreptococcales-Tissierellales|f__Peptostreptococcaceae|g__Romboutsia	0	2.29299947261012e-05	0	0	0	0	0.000848409804865745	0.00057324986815253	0.000848409804865745	0.000642039852330834	0.00075668982596134	0.0019719795464447	0	0	0	0	0	0	0	0	0	0	0	0	0	0	0	0	0	0	0	0	0	0	0	0
k__Bacteria|p__Bacillota|c__Bacilli|o__RF39|f__unclassified_RF39|g__unclassified_RF39|s__unclassified_RF39	0.000252229941987113	0.00018343995780881	0.000229299947261012	0.000642039852330834	0.000389809910343721	0.000642039852330834	0.000206369952534911	0.000114649973630506	0	0	0.000160509963082709	0.000275159936713215	0.000389809910343721	0.000321019926165417	0.000527389878700328	0.000298089931439316	0.000412739905069822	0.000298089931439316	2.29299947261012e-05	0	0	0	0	0	0	0	0	0	0	0	0	0	0	0	0	0
k__Bacteria|p__Bacillota|c__Clostridia|o__Oscillospirales|f__Ruminococcaceae	6.87899841783036e-05	0.000114649973630506	0	0.00018343995780881	0.000114649973630506	9.17199789044048e-05	0.000114649973630506	6.87899841783036e-05	0.000298089931439316	9.17199789044048e-05	0.000160509963082709	0.000229299947261012	0.000298089931439316	0.000298089931439316	0.000252229941987113	0.00018343995780881	9.17199789044048e-05	0.000160509963082709	0.000160509963082709	0.000298089931439316	0.000458599894522024	0.00018343995780881	0.000298089931439316	0.000229299947261012	0.000298089931439316	0.00018343995780881	0.00018343995780881	0.00018343995780881	0.00018343995780881	0.00057324986815253	0	0	0	0	0	0
k__Bacteria|p__Bacillota|c__Clostridia|o__Lachnospirales|f__Lachnospiraceae	0.00018343995780881	9.17199789044048e-05	0.00018343995780881	0.000114649973630506	0.000114649973630506	9.17199789044048e-05	0.000504459883974227	0.000642039852330834	0.000458599894522024	0.000710829836509138	0.000527389878700328	0.000481529889248125	0.000504459883974227	0.00018343995780881	0.000412739905069822	0.00018343995780881	0.000298089931439316	0.000275159936713215	0	0	0	0	0	0	0	0	0	0	0	0	0	0	0	0	0	4.58599894522024e-05
k__Bacteria|p__Bacillota|c__Bacilli|o__Erysipelotrichales|f__Erysipelotrichaceae|g__Dubosiella|s__unclassified_Dubosiella	0	0	0	0	0	0	0	0	0	0	0	0	0	0	0	0	0	0	0	0	0	0	0	0	0	0	0	0	0	0	0.000779619820687441	0.000917199789044048	0.00126114970993557	0.000871339799591846	0.00057324986815253	0.00100891976794845
k__Bacteria|p__Bacillota|c__Clostridia|o__Clostridia_vadinBB60_group|f__unclassified_Clostridia_vadinBB60_group|g__unclassified_Clostridia_vadinBB60_group|s__Clostridiales_bacterium_enrichment_culture_clone_06-1235251-76	0.000733759831235239	0.000435669899795923	0.00018343995780881	0.000435669899795923	0.000619109857604733	0.000550319873426429	0	0	0	0	0	0	0	0	0	0	0	0	9.17199789044048e-05	0.000160509963082709	0.000206369952534911	0.00018343995780881	0.000206369952534911	0.000298089931439316	2.29299947261012e-05	0.000160509963082709	0.000114649973630506	0.000252229941987113	0.000252229941987113	0.000229299947261012	0	0	0	0	0	0
k__Bacteria|p__Bacteroidota|c__Bacteroidia|o__Bacteroidales|f__Rikenellaceae|g__Alistipes|s__Alistipes_finegoldii	0.000596179862878632	0.000321019926165417	0.000252229941987113	0.000527389878700328	0.000389809910343721	0.000389809910343721	0	0	0	0	0	0	0	0	6.87899841783036e-05	0.000137579968356607	0.000114649973630506	0	9.17199789044048e-05	0.000160509963082709	0.000137579968356607	0.000275159936713215	0.000229299947261012	0.000206369952534911	0.000343949920891518	0.000252229941987113	0.000366879915617619	0.000114649973630506	0.00018343995780881	0.000252229941987113	0	0	0	0	0	0
k__Bacteria|p__Bacillota|c__Clostridia|o__Oscillospirales|f__Ruminococcaceae|g__Anaerotruncus|s__unclassified_Anaerotruncus	0.000160509963082709	4.58599894522024e-05	0.000114649973630506	0.000114649973630506	6.87899841783036e-05	0.000160509963082709	0	0	0	0	0	0	0	0	0	0	0	0	0.000343949920891518	0.000687899841783036	0.00057324986815253	0.000894269794317947	0.000917199789044048	0.000343949920891518	0	0	0.000114649973630506	0.000137579968356607	0.00018343995780881	0.00018343995780881	0	0	0	0	0	0
k__Bacteria|p__Bacteroidota|c__Bacteroidia|o__Bacteroidales|f__Muribaculaceae|g__unclassified_Muribaculaceae|s__unclassified_Muribaculaceae	0	0	0	0	0	0	0	0	0	0	0	0	0	0	0	0	0	0	0	0	0	0	0	0	0.00116942973103116	0.00112356974157896	0.00116942973103116	0.00130700969938777	0.00116942973103116	0.00094012978377015	0	0	0	0	0	0
k__Bacteria|p__Bacillota|c__Clostridia|o__Lachnospirales|f__Lachnospiraceae	0.000871339799591846	0.000848409804865745	0.000733759831235239	0.000733759831235239	0.000802549815413542	0.000985989773222352	0	0	0	0	0	0	0	0	0	0	0	0	0	0	0	0	0	0	0	0	0	0	0	0	0	0	0	0	0	0
k__Bacteria|p__Bacillota|c__Clostridia|o__Clostridia_vadinBB60_group|f__unclassified_Clostridia_vadinBB60_group|g__unclassified_Clostridia_vadinBB60_group|s__Clostridiales_bacterium_enrichment_culture_clone_06-1235251-76	0.000550319873426429	0.00018343995780881	0.000275159936713215	0.000252229941987113	0.000412739905069822	0.000321019926165417	0	0	0	0	0	0	2.29299947261012e-05	4.58599894522024e-05	0	0	0	0	0	0	0	0.000114649973630506	0	0	0	0	0	0	0	0	0.000435669899795923	0.000481529889248125	0.000389809910343721	0.000664969847056935	0.000298089931439316	0.000389809910343721
k__Bacteria|p__Actinomycetota|c__Coriobacteriia|o__Coriobacteriales|f__Eggerthellaceae|g__Adlercreutzia|s__unclassified_Adlercreutzia	0	0.000206369952534911	0	0.000343949920891518	9.17199789044048e-05	0.000343949920891518	0	0	0	0	4.58599894522024e-05	0.000114649973630506	0	0	6.87899841783036e-05	0	4.58599894522024e-05	0	0	0.000137579968356607	0.00018343995780881	0	0.00018343995780881	0.000114649973630506	0	0	0	0.000114649973630506	0	0	0.000527389878700328	0.000412739905069822	0.000321019926165417	0.000642039852330834	0.000481529889248125	0.000343949920891518
k__Bacteria|p__Bacillota|c__Clostridia|o__Oscillospirales|f__Oscillospiraceae|g__Oscillibacter|s__unclassified_Oscillibacter	0.00100891976794845	0.000710829836509138	0.000687899841783036	0.000733759831235239	0.000664969847056935	0.000985989773222352	0	0	0	0	0	0	0	9.17199789044048e-05	0	0	0	0	0	0	0	0	0	0	0	0	0	0	0	0	0	0	0	0	0	0
k__Bacteria|p__Bacillota|c__Clostridia|o__Clostridia_vadinBB60_group|f__unclassified_Clostridia_vadinBB60_group|g__unclassified_Clostridia_vadinBB60_group|s__unclassified_Clostridia_vadinBB60_group	0.00100891976794845	0.000298089931439316	0.000229299947261012	0.000619109857604733	0.000733759831235239	0.000848409804865745	0	0	0	0	0	0	0	6.87899841783036e-05	4.58599894522024e-05	9.17199789044048e-05	0.000114649973630506	0	0	0	0	4.58599894522024e-05	0	0	0	0	0	0	0	0	0.000206369952534911	0	0	0.00018343995780881	0.000114649973630506	9.17199789044048e-05
k__Bacteria|p__Bacillota|c__Clostridia|o__Oscillospirales|f__Ruminococcaceae	0	0.000252229941987113	0.000275159936713215	0.00018343995780881	0.000275159936713215	0	0.000160509963082709	9.17199789044048e-05	0	0	0.00018343995780881	0	0	0.00018343995780881	0.00018343995780881	0.000252229941987113	0	0.00018343995780881	0	0	0.00057324986815253	0.000298089931439316	0.000275159936713215	0	0	0	0.000825479810139644	0	0	0.000596179862878632	0	0.000275159936713215	0.000206369952534911	0.000114649973630506	0.000229299947261012	0
k__Bacteria|p__Bacillota|c__Clostridia|o__Lachnospirales|f__Lachnospiraceae	0	0	0	0	0	0	0	0	0	0	0	0	0	0.000481529889248125	0.000389809910343721	0.000389809910343721	0.000275159936713215	0.00057324986815253	0	0	0	0	0	0	0	0	0	0	0	0	0.000458599894522024	0.000527389878700328	0.000458599894522024	0.00057324986815253	0.000504459883974227	0.000366879915617619
k__Bacteria|p__Bacillota|c__Clostridia|o__Lachnospirales|f__Lachnospiraceae	0	0	0	0	0	0	0	0	0	0	0	0	0.000527389878700328	0.00094012978377015	0.000687899841783036	0.000733759831235239	0.000825479810139644	0.000733759831235239	0	0	0	0	0	0	0.000252229941987113	0	0.000229299947261012	0.000160509963082709	0.000366879915617619	0	0	0	0	0	0	0
k__Bacteria|p__Bacillota|c__Clostridia|o__Lachnospirales|f__Lachnospiraceae	0	0	0	0	0	0	0	0	0	0	0	0	0.000825479810139644	0.00105477975740066	0.000802549815413542	0.000985989773222352	0.000664969847056935	0.00100891976794845	0	0	0	0	0	0	0	6.87899841783036e-05	0	0	0	0.000137579968356607	0	0	0	0	0	0
k__Bacteria|p__Bacillota|c__Clostridia|o__Lachnospirales|f__Lachnospiraceae	0	0	0	0	0	0	0.000252229941987113	0.000114649973630506	0	0	0	0.000160509963082709	0.000733759831235239	0	0.000343949920891518	0	0.000504459883974227	0.00057324986815253	0.000366879915617619	0.000412739905069822	0	0.000664969847056935	0.00057324986815253	0.000412739905069822	0	0	0	0	0	0	0	0	0	0	0	0
k__Bacteria|p__Thermodesulfobacteriota|c__Desulfovibrionia|o__Desulfovibrionales|f__Desulfovibrionaceae|g__Desulfovibrio	0.000733759831235239	0.000458599894522024	0.000894269794317947	0.000825479810139644	0.00103184976267455	0.000779619820687441	0	0	0	0	0	0	0	0	0	0	0	0	0	0	0	0	0	0	0	0	0	0	0	0	0	0	0	0	0	0
k__Bacteria|p__Bacillota|c__Bacilli|o__Erysipelotrichales|f__Erysipelotrichaceae|g__unclassified_Erysipelotrichaceae|s__unclassified_Erysipelotrichaceae	0.000412739905069822	0.000664969847056935	0.000481529889248125	0.000825479810139644	0.00094012978377015	0.00107770975212676	0	0	0	0	0	0	0	0	2.29299947261012e-05	0	0	4.58599894522024e-05	0	0	0	0	0	0	2.29299947261012e-05	0	0	0	2.29299947261012e-05	0.000114649973630506	0	0	0	0	0	0
k__Bacteria|p__Bacillota|c__Clostridia|o__Lachnospirales|f__Lachnospiraceae	0.000550319873426429	0.000435669899795923	0.000642039852330834	0.000504459883974227	0.000458599894522024	0.000504459883974227	0	0	9.17199789044048e-05	0	0	0	0	0	0.000160509963082709	0.000114649973630506	9.17199789044048e-05	0	0	0	0	0	0	0	0	0	0	0	0	0	0.000298089931439316	0.00018343995780881	0.000366879915617619	0.00018343995780881	0	0.000137579968356607
k__Bacteria|p__Bacillota|c__Clostridia|o__Lachnospirales|f__Lachnospiraceae|g__Lachnospiraceae_NK4A136_group	0	0	0	0	0	0	0	0	0	0	0	0	0.00075668982596134	0.000848409804865745	0.000985989773222352	0.00103184976267455	0.000779619820687441	0.000642039852330834	0	0	0	0	0	0	0	0	0	0	0	0	0	0	0	0	0	0
k__Bacteria|p__Actinomycetota|c__Coriobacteriia|o__Coriobacteriales|f__Eggerthellaceae|g__Adlercreutzia|s__Adlercreutzia_caecicola	0.000160509963082709	0.00075668982596134	0.000137579968356607	0.00105477975740066	0.000412739905069822	0.000458599894522024	0	0	0	0	0	9.17199789044048e-05	0	0.000229299947261012	0	9.17199789044048e-05	0.000160509963082709	9.17199789044048e-05	0	0.000114649973630506	0.00018343995780881	4.58599894522024e-05	0.000137579968356607	0	0	0.000137579968356607	0	0	0	0	9.17199789044048e-05	0	0	4.58599894522024e-05	0	0
k__Bacteria|p__Bacteroidota|c__Bacteroidia	0.00094012978377015	0.000229299947261012	0.000275159936713215	0.00116942973103116	0.000848409804865745	0.000802549815413542	0	0	0	0	0	0	4.58599894522024e-05	6.87899841783036e-05	9.17199789044048e-05	9.17199789044048e-05	0	0	0	0	0	0	0	0	0	0	0	0	0	0	0	0	0	0	0	0
k__Bacteria|p__Bacillota|c__Bacilli|o__Acholeplasmatales|f__Acholeplasmataceae|g__Anaeroplasma|s__unclassified_Anaeroplasma	0.000848409804865745	0.000321019926165417	0.00018343995780881	0.000550319873426429	0.000642039852330834	0.000527389878700328	0.000114649973630506	6.87899841783036e-05	0.000137579968356607	0	6.87899841783036e-05	0.000229299947261012	0	6.87899841783036e-05	9.17199789044048e-05	0.000137579968356607	0.000114649973630506	0	0	0	0	0	0	0	6.87899841783036e-05	0.00018343995780881	0.000160509963082709	4.58599894522024e-05	0.000160509963082709	0	0	0	0	0	0	0
k__Bacteria|p__Bacillota|c__Clostridia|o__Oscillospirales|f__Ruminococcaceae|g__Harryflintia	6.87899841783036e-05	9.17199789044048e-05	0.000137579968356607	6.87899841783036e-05	6.87899841783036e-05	6.87899841783036e-05	0	0	0	0	0	0	0	0	0	0	0	0	0.000275159936713215	0.000687899841783036	0.000664969847056935	0.000275159936713215	0.000871339799591846	0.000527389878700328	0	0	0	0	0	0	0.000160509963082709	9.17199789044048e-05	0.000114649973630506	0.000137579968356607	0	6.87899841783036e-05
k__Bacteria|p__Bacillota|c__Clostridia|o__Lachnospirales|f__Lachnospiraceae|g__Marvinbryantia|s__unclassified_Marvinbryantia	0.000114649973630506	0	4.58599894522024e-05	0	6.87899841783036e-05	6.87899841783036e-05	0.000229299947261012	0.000206369952534911	0.000298089931439316	0.000321019926165417	0.000412739905069822	0.000229299947261012	0.000389809910343721	0.000321019926165417	0.000298089931439316	0.00018343995780881	0.000160509963082709	0.000206369952534911	0	0	0	0	0	0	0.000252229941987113	0.000366879915617619	0.000298089931439316	0.000343949920891518	0.000481529889248125	0.000481529889248125	0	0	0	0	0	0
k__Bacteria|p__Bacillota|c__Clostridia|o__Clostridia_UCG-014|f__unclassified_Clostridia_UCG-014|g__unclassified_Clostridia_UCG-014|s__unclassified_Clostridia_UCG-014	0.000664969847056935	0.000642039852330834	0.000504459883974227	0.00094012978377015	0.000710829836509138	0.000664969847056935	0	0	0	0	0	0	0	0	0	0	0	0	0	0	0	0	0	0	0	0	0	0	0	0	0.000160509963082709	0	0	0.000114649973630506	0	0
k__Bacteria|p__Bacteroidota|c__Bacteroidia|o__Bacteroidales|f__Tannerellaceae|g__Parabacteroides	0	0	0	0	0	0	0	0	0	0	0	0	0	0	0	0	0	0	0	0	0	0	0	0	0	0	0	0	0	0	0.00075668982596134	0.00094012978377015	0.00075668982596134	0.00057324986815253	0.000917199789044048	0.000894269794317947
k__Bacteria|p__Bacteroidota|c__Bacteroidia|o__Bacteroidales|f__Muribaculaceae|g__unclassified_Muribaculaceae|s__unclassified_Muribaculaceae	0.000229299947261012	0	0.000412739905069822	0.000275159936713215	0	0.000412739905069822	0	0	0	0	0	0	0	0	0	0	0	0	0.000435669899795923	0.000275159936713215	0.000229299947261012	0.000275159936713215	0	0.000366879915617619	0.000298089931439316	0.000321019926165417	0	0.000710829836509138	0.000275159936713215	0.000389809910343721	0	0	0	0	0	0
k__Bacteria|p__Bacillota|c__Clostridia|o__Clostridia_vadinBB60_group|f__unclassified_Clostridia_vadinBB60_group|g__unclassified_Clostridia_vadinBB60_group|s__unclassified_Clostridia_vadinBB60_group	0.00018343995780881	0.000252229941987113	0.000160509963082709	0.000229299947261012	0.000206369952534911	0.000206369952534911	0	0	0	0	0	0	0	0	0	0	0	2.29299947261012e-05	6.87899841783036e-05	0.000642039852330834	0.000550319873426429	0.000642039852330834	0.000779619820687441	0.000321019926165417	0	0	0	0	0	0.00018343995780881	0.000137579968356607	2.29299947261012e-05	0	0	0	0
k__Bacteria|p__Bacillota|c__Clostridia|o__Lachnospirales|f__Lachnospiraceae	0	0	0	0	0	0	0.000206369952534911	0	0	0.000206369952534911	0.000137579968356607	0	0.000206369952534911	0.000137579968356607	0.000229299947261012	0	0.00018343995780881	0	0.000435669899795923	0.000412739905069822	0.000389809910343721	0.00057324986815253	0.000458599894522024	0.000504459883974227	0	0	0	0.000137579968356607	0.000275159936713215	0	0	0	0	0	0	0
k__Bacteria|p__Bacillota|c__Clostridia|o__Lachnospirales|f__Lachnospiraceae	0	0	0	0	0	0	0	0	0	0	0	0	0.000275159936713215	0.000343949920891518	0.000481529889248125	0.00075668982596134	0.000366879915617619	0.000343949920891518	0	4.58599894522024e-05	0	4.58599894522024e-05	0	0	0.000527389878700328	0.000321019926165417	0.000664969847056935	0.000481529889248125	0.000687899841783036	0	0	0	0	0	0	0
k__Bacteria|p__Bacillota|c__Bacilli|o__RF39|f__unclassified_RF39|g__unclassified_RF39|s__unclassified_RF39	9.17199789044048e-05	6.87899841783036e-05	0	0.000298089931439316	0.000229299947261012	0.000229299947261012	2.29299947261012e-05	0	9.17199789044048e-05	0	0	0.000137579968356607	0	0.000137579968356607	9.17199789044048e-05	0.000160509963082709	4.58599894522024e-05	6.87899841783036e-05	6.87899841783036e-05	0.000664969847056935	0.000619109857604733	0.000458599894522024	0.000642039852330834	0.000206369952534911	0	0	0	0	0	0	0	0	0	0	0	0
k__Bacteria|p__Bacillota|c__Clostridia|o__Lachnospirales|f__Lachnospiraceae	0	0	0	0	0	0	0	0	0	0	0	0	0	2.29299947261012e-05	0	0	0	0	0.000343949920891518	0.000550319873426429	0.000275159936713215	0.000412739905069822	0.000435669899795923	0.000343949920891518	0.000550319873426429	0.000481529889248125	0.000366879915617619	0.000389809910343721	0.000435669899795923	0.000321019926165417	0	0	0	0	0	0
k__Bacteria|p__Bacillota|c__Clostridia|o__Lachnospirales|f__Lachnospiraceae|g__GCA-900066575|s__unclassified_GCA-900066575	0.000137579968356607	0	9.17199789044048e-05	0	0	0.000114649973630506	0	4.58599894522024e-05	0	0	0	0	0.000275159936713215	0.000252229941987113	0.000298089931439316	0.000321019926165417	0.000298089931439316	0.000298089931439316	0	0	0	0	0	0	0	0	0	0	0	0	0.000252229941987113	0.00057324986815253	0.000412739905069822	0.000504459883974227	0.000366879915617619	0.000596179862878632
k__Bacteria|p__Bacillota|c__Clostridia|o__Lachnospirales|f__Lachnospiraceae|g__unclassified_Lachnospiraceae	0	0	0	0	0	0	0	0	0	0	0	0	0.000871339799591846	0.00075668982596134	0.000687899841783036	0.00057324986815253	0.000848409804865745	0.000802549815413542	0	0	0	0	0	0	0	0	0	0	0	0	6.87899841783036e-05	9.17199789044048e-05	0	0.000137579968356607	0	0
k__Bacteria|p__Bacillota|c__Bacilli|o__RF39|f__unclassified_RF39|g__unclassified_RF39|s__unclassified_RF39	0.00018343995780881	0	4.58599894522024e-05	0	0.000321019926165417	0.000321019926165417	0.000298089931439316	0.000458599894522024	0.000596179862878632	0.000298089931439316	0.000458599894522024	0.00128407970466167	0	2.29299947261012e-05	2.29299947261012e-05	4.58599894522024e-05	0	0	0	0	0	0	0	0	4.58599894522024e-05	0	0	0	0	0	0	0	0	0	0	0
k__Bacteria|p__Bacillota|c__Clostridia|o__Oscillospirales|f__Oscillospiraceae|g__Oscillibacter|s__unclassified_Oscillibacter	0	0	0	0	0	0	0	0	0	0	0	0	0.000596179862878632	0.000389809910343721	0.000481529889248125	0.000894269794317947	0.000642039852330834	0.000481529889248125	0	0	0	0	0	0	0.000160509963082709	0.000206369952534911	0.000275159936713215	0.00018343995780881	0.000298089931439316	0.000504459883974227	0	0	0	0	0	0
k__Bacteria|p__Bacillota|c__Bacilli|o__Erysipelotrichales|f__Erysipelotrichaceae|g__unclassified_Erysipelotrichaceae|s__unclassified_Erysipelotrichaceae	0	0	0	0	0	0	0	0	0	0	0	0	0.000275159936713215	0.000114649973630506	0.000114649973630506	9.17199789044048e-05	0.000206369952534911	0.000114649973630506	0	0	0	0	0	0	0	0	0	0	0	0	0.000779619820687441	0.000596179862878632	0.000527389878700328	0.000389809910343721	0.000435669899795923	0.000710829836509138
k__Bacteria|p__Bacillota|c__Clostridia|o__Oscillospirales|f__Ruminococcaceae|g__Acutalibacter|s__unclassified_Acutalibacter	0.000619109857604733	0.000275159936713215	0.000321019926165417	0.000596179862878632	0.000504459883974227	0.000504459883974227	0	0	0	0	0	0	0	0	0	0	0	0	0	0	0	0	0	0	0	0.000137579968356607	6.87899841783036e-05	0.00018343995780881	0	0.00018343995780881	0.00018343995780881	0.000137579968356607	0	0.000229299947261012	0.000114649973630506	4.58599894522024e-05
k__Bacteria|p__Bacillota|c__Clostridia|o__Lachnospirales|f__Lachnospiraceae	9.17199789044048e-05	2.29299947261012e-05	0	2.29299947261012e-05	2.29299947261012e-05	0	0	0	9.17199789044048e-05	0	2.29299947261012e-05	2.29299947261012e-05	0	0	0	0	0	0	0.000229299947261012	0.000137579968356607	0.000137579968356607	0.000160509963082709	6.87899841783036e-05	0.000114649973630506	0	0	0	0	0	0	0.000619109857604733	0.000321019926165417	0.000366879915617619	0.000687899841783036	0.000298089931439316	0.000458599894522024
k__Bacteria|p__Bacillota|c__Clostridia|o__Peptostreptococcales-Tissierellales|f__Anaerovoracaceae|g__unclassified_Anaerovoracaceae|s__unclassified_Anaerovoracaceae	0.00075668982596134	0.000550319873426429	0.000458599894522024	0.000825479810139644	0.000687899841783036	0.000710829836509138	0	0	0	0	0	0	0	0	0	0	0	0	0	0	0	0	0	0	0	0	0	0	0	0	0	0	0	0	0	0
k__Bacteria|p__Bacillota|c__Clostridia|o__Clostridia_UCG-014|f__unclassified_Clostridia_UCG-014|g__unclassified_Clostridia_UCG-014|s__unclassified_Clostridia_UCG-014	4.58599894522024e-05	9.17199789044048e-05	0.000160509963082709	9.17199789044048e-05	0.00018343995780881	0.000114649973630506	0.000664969847056935	0.000687899841783036	0.000389809910343721	0.000550319873426429	0.00075668982596134	0.000642039852330834	0	0	0	0	0	0	0	0	0	0	2.29299947261012e-05	0	0	0	0	0	0	0	0	0	0	0	0	0
k__Bacteria|p__Bacillota|c__Clostridia	0.00075668982596134	0.000252229941987113	0.000229299947261012	0.000619109857604733	0.000550319873426429	0.000642039852330834	0	0	0	0	0	0	6.87899841783036e-05	6.87899841783036e-05	6.87899841783036e-05	4.58599894522024e-05	9.17199789044048e-05	4.58599894522024e-05	0	2.29299947261012e-05	0	0	6.87899841783036e-05	0	0	0	0	0	0	0	0.000114649973630506	0	0.000160509963082709	4.58599894522024e-05	4.58599894522024e-05	4.58599894522024e-05
k__Bacteria|p__Bacteroidota|c__Bacteroidia|o__Bacteroidales|f__Rikenellaceae|g__Alistipes|s__Alistipes_shahii	0	0	0	0	0	0	0	0	0	0	0	0	0.000298089931439316	0.000229299947261012	0.000160509963082709	0.000137579968356607	0.00018343995780881	0.000298089931439316	0	0	0	0	0	0	0	0	0	0	0	0	0.000596179862878632	0.000481529889248125	0.000481529889248125	0.000619109857604733	0.000481529889248125	0.000298089931439316
k__Bacteria|p__Bacillota|c__Clostridia|o__Lachnospirales|f__Lachnospiraceae|g__unclassified_Lachnospiraceae|s__Clostridium_sp._Clone-47	0	9.17199789044048e-05	0	0	0	0	0	0	0	0	0	0	0.000412739905069822	0.000687899841783036	0.000664969847056935	0.000733759831235239	0.000458599894522024	0.000504459883974227	0	0	0.000137579968356607	0	2.29299947261012e-05	9.17199789044048e-05	9.17199789044048e-05	0	0.000114649973630506	0.000206369952534911	0.000137579968356607	0.00018343995780881	0	0	0	0	0	0
k__Bacteria|p__Bacillota|c__Clostridia|o__Lachnospirales|f__Lachnospiraceae	0.00057324986815253	0.000619109857604733	0.000710829836509138	0.000596179862878632	0.000687899841783036	0.000733759831235239	0	0	0	0	0	0	0	0	0	0	0	0	0	0	0	0	0	0	0	0	0	0	0	0	0	0	0	0	0	0
k__Bacteria|p__Bacillota|c__Clostridia|o__Oscillospirales|f__Oscillospiraceae	0	0.000137579968356607	0	0.000114649973630506	0.000160509963082709	9.17199789044048e-05	0	0	0	0	0	4.58599894522024e-05	0.000206369952534911	0.00018343995780881	0.000252229941987113	0.000137579968356607	0.000206369952534911	0.000160509963082709	0	0	0	0	0	0	0.000275159936713215	0.000229299947261012	0.000229299947261012	0.00018343995780881	2.29299947261012e-05	0.000206369952534911	0.000343949920891518	0.000160509963082709	0.00018343995780881	0.000298089931439316	0.000343949920891518	0.000206369952534911
k__Bacteria|p__Bacillota|c__Clostridia|o__Clostridia_vadinBB60_group|f__unclassified_Clostridia_vadinBB60_group|g__unclassified_Clostridia_vadinBB60_group|s__unclassified_Clostridia_vadinBB60_group	0	0	0	0	0	0	0	0	0	0	0	0	0	0	0	0	0	0	0.000206369952534911	0.00057324986815253	0.00057324986815253	0.000481529889248125	0.000504459883974227	0.00018343995780881	0	0.000137579968356607	0	0.00018343995780881	0.000114649973630506	0.000206369952534911	0.000252229941987113	9.17199789044048e-05	0.000160509963082709	0.000229299947261012	0	4.58599894522024e-05
k__Bacteria|p__Bacillota|c__Clostridia|o__Lachnospirales|f__Lachnospiraceae	6.87899841783036e-05	0.000160509963082709	0	0	0	0	0	0	0	0	0	0	0	0	0	0	0	0	0.000527389878700328	0.000527389878700328	0.000481529889248125	0.000435669899795923	0.000664969847056935	0.000596179862878632	0	9.17199789044048e-05	0	0	0	0	6.87899841783036e-05	0	0	0	0.000137579968356607	0
k__Bacteria|p__Thermodesulfobacteriota|c__Desulfovibrionia|o__Desulfovibrionales|f__Desulfovibrionaceae|g__unclassified_Desulfovibrionaceae|s__unclassified_Desulfovibrionaceae	0.000160509963082709	0	6.87899841783036e-05	0.000114649973630506	4.58599894522024e-05	0.000137579968356607	6.87899841783036e-05	0	0	4.58599894522024e-05	4.58599894522024e-05	6.87899841783036e-05	0.000160509963082709	0.000206369952534911	0.000160509963082709	0.000412739905069822	0.000252229941987113	0.000412739905069822	0.000229299947261012	6.87899841783036e-05	0.000229299947261012	0.000137579968356607	0.000114649973630506	9.17199789044048e-05	0.000114649973630506	0.000206369952534911	0	0.000206369952534911	0.000137579968356607	0.00018343995780881	0	4.58599894522024e-05	0	0.000137579968356607	4.58599894522024e-05	0.000114649973630506
k__Bacteria|p__Bacillota|c__Clostridia|o__Lachnospirales|f__Lachnospiraceae|g__Acetatifactor|s__unclassified_Acetatifactor	0	0	0	0	0	0	0	4.58599894522024e-05	0	0.000114649973630506	6.87899841783036e-05	0	0.000412739905069822	0.000160509963082709	0.000160509963082709	0.000229299947261012	0.000343949920891518	0.000343949920891518	0	0	0	0	0	0	0.000366879915617619	0.000687899841783036	0.000619109857604733	0.000412739905069822	0.00057324986815253	0.000481529889248125	0	4.58599894522024e-05	0	0	0	4.58599894522024e-05
k__Bacteria|p__Actinomycetota|c__Coriobacteriia|o__Coriobacteriales|f__Atopobiaceae|g__Coriobacteriaceae_UCG-002|s__unclassified_Coriobacteriaceae_UCG-002	0.000229299947261012	0.000321019926165417	0.000137579968356607	0.000458599894522024	0.000687899841783036	0.000527389878700328	2.29299947261012e-05	0.000137579968356607	2.29299947261012e-05	0.000229299947261012	9.17199789044048e-05	0.000137579968356607	0.00018343995780881	2.29299947261012e-05	0	4.58599894522024e-05	0.000137579968356607	0.00018343995780881	0	0.000114649973630506	0	2.29299947261012e-05	0	4.58599894522024e-05	0	2.29299947261012e-05	0	4.58599894522024e-05	6.87899841783036e-05	0	6.87899841783036e-05	0	0	9.17199789044048e-05	0	0
k__Bacteria|p__Bacillota|c__Clostridia|o__Lachnospirales|f__Lachnospiraceae	0.000321019926165417	0.000114649973630506	0.000229299947261012	0.000275159936713215	0.000275159936713215	0.000229299947261012	0	0	0	0	0	0	0	9.17199789044048e-05	0.000137579968356607	0.000114649973630506	0.000137579968356607	0	0.000275159936713215	0.000229299947261012	0.000275159936713215	0.000389809910343721	0.000435669899795923	0.000229299947261012	0	0	0	0	0	0	0	0	0	0	0	0
k__Bacteria|p__Bacteroidota|c__Bacteroidia|o__Bacteroidales|f__Muribaculaceae|g__unclassified_Muribaculaceae|s__unclassified_Muribaculaceae	0	0	0	0	0	0	0	0	0	0	0	0	0	0	0	0	0	0	0	0	0	0	0	0	0	0	0	0	0	0	0.000664969847056935	0.000619109857604733	0.00100891976794845	0.000550319873426429	0.000642039852330834	0.000710829836509138
k__Bacteria|p__Bacillota|c__Clostridia|o__Oscillospirales|f__Oscillospiraceae	0	0	0	0	0	9.17199789044048e-05	0	0	0	0	0	0	0	0	0	0	0	0	0	0	0	0	0	0	0.000894269794317947	0.000527389878700328	0.000825479810139644	0.000687899841783036	0.000619109857604733	0.000825479810139644	0.000137579968356607	0	0.000137579968356607	0.000137579968356607	0.00018343995780881	0
k__Bacteria|p__Bacillota|c__Clostridia|o__Oscillospirales|f__Oscillospiraceae|g__Intestinimonas	0.000298089931439316	0.000160509963082709	0.000206369952534911	0.000275159936713215	0.000298089931439316	0.00018343995780881	9.17199789044048e-05	0	6.87899841783036e-05	0.000137579968356607	0.000137579968356607	0.000206369952534911	0	0.000229299947261012	0.000206369952534911	0.000298089931439316	6.87899841783036e-05	0.000114649973630506	0	0	0	0	0	0	0	9.17199789044048e-05	0.00018343995780881	9.17199789044048e-05	0.000252229941987113	0.00018343995780881	0	0	0.000137579968356607	6.87899841783036e-05	0	0.000137579968356607
k__Bacteria|p__Bacillota|c__Clostridia|o__Oscillospirales|f__Butyricicoccaceae|g__UCG-009	0	0	0	0	0	0	0	0	0	0	0	0	0.000458599894522024	0.000275159936713215	0.000802549815413542	0.000642039852330834	0.000481529889248125	0.000435669899795923	0	0	0	0	0	0	0	0	0	0	0	0	0.00018343995780881	0.000160509963082709	0.000160509963082709	0.000252229941987113	0.000160509963082709	6.87899841783036e-05
k__Bacteria|p__Bacteroidota|c__Bacteroidia|o__Bacteroidales|f__Bacteroidaceae|g__Bacteroides	0.000802549815413542	0.000504459883974227	0.000504459883974227	0.000481529889248125	0.00057324986815253	0.00075668982596134	0	0	0	0	0	0	0	0	0	0	0	0	0	0	0	0	0	0	0	0	0	0	0	9.17199789044048e-05	0	0	0	0	0	0
k__Bacteria|p__Bacillota|c__Clostridia|o__Oscillospirales|f__Oscillospiraceae	0	0	0.000206369952534911	0	0.000252229941987113	0.000114649973630506	0	0	0	0	0	9.17199789044048e-05	0	0.000275159936713215	0	0.000412739905069822	0.00018343995780881	0.000321019926165417	0	0	0	0	0	0	0	0	0	0	0	0	0.000412739905069822	0.000412739905069822	0.000275159936713215	0.000412739905069822	0.000298089931439316	0.000229299947261012
k__Bacteria|p__Bacillota|c__Clostridia|o__Lachnospirales|f__Lachnospiraceae|g__A2|s__unclassified_A2	0	0.000160509963082709	0	0	0	0	0	0	0	0	0	0	0	0	0	0	0	0	0	0	6.87899841783036e-05	0	0	0	0.00057324986815253	0.000596179862878632	0.00128407970466167	0.000802549815413542	0.000985989773222352	0.000779619820687441	0	0	0	0	0	0
k__Bacteria|p__Bacillota|c__Bacilli|o__RF39|f__unclassified_RF39|g__unclassified_RF39|s__unclassified_RF39	0	0	0	0	0	0	0	0	0	0	0	0	0	0	0	0	0	0	0	0	0	0	0	0	0	0	0	0	0	0	0.000917199789044048	0.000389809910343721	0.000481529889248125	0.00100891976794845	0.000160509963082709	0.000343949920891518
k__Bacteria|p__Bacillota|c__Clostridia|o__Clostridia_UCG-014|f__unclassified_Clostridia_UCG-014|g__unclassified_Clostridia_UCG-014|s__unclassified_Clostridia_UCG-014	0.000275159936713215	0.000229299947261012	0.000252229941987113	0.000137579968356607	0.000206369952534911	0.000229299947261012	0.000343949920891518	0.000298089931439316	0.000435669899795923	0.000550319873426429	0.000321019926165417	0.000229299947261012	0	0.000114649973630506	0.000114649973630506	0	0.000114649973630506	0	0	0	0	0	0	0	0	0	0	0	0	0	9.17199789044048e-05	0	0	0	0	0
k__Bacteria|p__Bacillota|c__Clostridia|o__Christensenellales|f__Christensenellaceae|g__unclassified_Christensenellaceae|s__unclassified_Christensenellaceae	0.000321019926165417	0.000275159936713215	0.00018343995780881	0.000321019926165417	0.000458599894522024	0.000321019926165417	0	0	0	0	0	0	2.29299947261012e-05	6.87899841783036e-05	2.29299947261012e-05	2.29299947261012e-05	6.87899841783036e-05	0	0.000137579968356607	4.58599894522024e-05	0.000114649973630506	4.58599894522024e-05	0.000114649973630506	4.58599894522024e-05	2.29299947261012e-05	0	0	0	2.29299947261012e-05	0	0.000160509963082709	0	9.17199789044048e-05	0.000298089931439316	9.17199789044048e-05	0.000114649973630506
k__Bacteria|p__Bacillota|c__Clostridia|o__Peptostreptococcales-Tissierellales|f__Anaerovoracaceae	0	0	0	0	0	0	0	0	0	0	0	0	0	0	0	0	0	0	0	0	0	0	0	0	0	0	0	0	0	0	0.000825479810139644	0.000504459883974227	0.000366879915617619	0.000963059778496251	0.000343949920891518	0.000343949920891518
k__Bacteria|p__Bacteroidota|c__Bacteroidia|o__Bacteroidales|f__Tannerellaceae|g__Parabacteroides	0	0	0	0	0	0	0	0	0	0	0	0	0	0	0	0	0	0	0	0	0	0	0	0	0	0	0	0	0	0	0.000802549815413542	0.000298089931439316	0.000435669899795923	0.000596179862878632	0.000527389878700328	0.00075668982596134
k__Bacteria|p__Bacillota|c__Clostridia|o__Lachnospirales|f__Lachnospiraceae	0	0	0	0	0	0	0	0.00018343995780881	0.000298089931439316	0	0	0	0	0	0	0	0	0	0.000458599894522024	0.000458599894522024	0.000435669899795923	0.000435669899795923	0.000504459883974227	0.000366879915617619	0	0	0.00057324986815253	0	0	0	0	0	0	0	0	0
k__Bacteria|p__Bacillota|c__Clostridia|o__Oscillospirales|f__Oscillospiraceae	0.000275159936713215	0.000229299947261012	0.000412739905069822	0.000298089931439316	0.000206369952534911	0.000275159936713215	0	0	0.000137579968356607	0	2.29299947261012e-05	6.87899841783036e-05	4.58599894522024e-05	0	4.58599894522024e-05	0	4.58599894522024e-05	0.000137579968356607	6.87899841783036e-05	2.29299947261012e-05	2.29299947261012e-05	0	4.58599894522024e-05	0	0	0.000160509963082709	0	0	0	9.17199789044048e-05	0	0	0.000160509963082709	0.000343949920891518	0.000252229941987113	0.000252229941987113
k__Bacteria|p__Bacillota|c__Clostridia|o__Peptostreptococcales-Tissierellales|f__Anaerovoracaceae	0.000343949920891518	0.000389809910343721	9.17199789044048e-05	0.00057324986815253	0.000412739905069822	0.000687899841783036	9.17199789044048e-05	0	0	6.87899841783036e-05	0	0.000114649973630506	0	0	0	0	0	0	0	0	0	0	0	0	0	0	0	0	0	0	0.00018343995780881	4.58599894522024e-05	9.17199789044048e-05	0.000137579968356607	2.29299947261012e-05	0.000114649973630506
k__Bacteria|p__Bacillota|c__Clostridia|o__Clostridia_vadinBB60_group|f__unclassified_Clostridia_vadinBB60_group|g__unclassified_Clostridia_vadinBB60_group|s__unclassified_Clostridia_vadinBB60_group	6.87899841783036e-05	6.87899841783036e-05	2.29299947261012e-05	2.29299947261012e-05	4.58599894522024e-05	2.29299947261012e-05	2.29299947261012e-05	6.87899841783036e-05	0	0.00018343995780881	0.000114649973630506	0.000252229941987113	0	4.58599894522024e-05	4.58599894522024e-05	4.58599894522024e-05	9.17199789044048e-05	0	9.17199789044048e-05	0.000527389878700328	0.000343949920891518	0.000527389878700328	0.000435669899795923	0.000229299947261012	6.87899841783036e-05	0	2.29299947261012e-05	6.87899841783036e-05	4.58599894522024e-05	9.17199789044048e-05	4.58599894522024e-05	0	0	0	0	0
k__Bacteria|p__Bacillota|c__Clostridia|o__Oscillospirales|f__Oscillospiraceae|g__Flavonifractor	0	0	0	0	0	0	0	0	0	0	2.29299947261012e-05	4.58599894522024e-05	0.000366879915617619	0.000206369952534911	0.000229299947261012	0.000252229941987113	0.000114649973630506	0.000321019926165417	0.000206369952534911	0.000389809910343721	0.000389809910343721	0.000298089931439316	0.000435669899795923	0.000229299947261012	0	0	0	0.000114649973630506	0	0	0	0	0	0	0	0
k__Bacteria|p__Bacillota|c__Clostridia|o__Clostridia_UCG-014|f__unclassified_Clostridia_UCG-014|g__unclassified_Clostridia_UCG-014|s__unclassified_Clostridia_UCG-014	0.000321019926165417	0.000275159936713215	0.000229299947261012	0.000642039852330834	0.000481529889248125	0.000550319873426429	0	0	0	0	0	0	0	0.000114649973630506	0.000137579968356607	9.17199789044048e-05	9.17199789044048e-05	9.17199789044048e-05	0	0	0	0	0	0	0	0	0	0	0	0	6.87899841783036e-05	0.000114649973630506	0	0	0	6.87899841783036e-05
k__Bacteria|p__Bacillota|c__Clostridia|o__Lachnospirales|f__Lachnospiraceae	0	0	0	0	0	0	4.58599894522024e-05	0	0	0	0	0	0	0.000321019926165417	0	0	0.000229299947261012	0	0	6.87899841783036e-05	0	4.58599894522024e-05	0	0	0.000596179862878632	0.000848409804865745	0.000871339799591846	0.00057324986815253	0	0.000596179862878632	6.87899841783036e-05	0	0	0	0	0
k__Bacteria|p__Actinomycetota|c__Coriobacteriia|o__Coriobacteriales|f__Eggerthellaceae|g__Adlercreutzia|s__unclassified_Adlercreutzia	0	0.000389809910343721	0.000343949920891518	0.000389809910343721	0.000527389878700328	0.000481529889248125	0	9.17199789044048e-05	0	0.000389809910343721	6.87899841783036e-05	0.000619109857604733	0	0	0	0	4.58599894522024e-05	0	0	0	0	0	0	0	0	0	0	0	0	0	0	0	0	0	0	0
k__Bacteria|p__Bacillota|c__Clostridia|o__Lachnospirales|f__Lachnospiraceae|g__Acetatifactor|s__Acetatifactor_muris	0	0	0	0	0	0	0	0	0	0	0	0	0	0.000114649973630506	0.00018343995780881	0.000160509963082709	0.000137579968356607	0.000137579968356607	0	6.87899841783036e-05	0.000114649973630506	4.58599894522024e-05	6.87899841783036e-05	4.58599894522024e-05	0.000366879915617619	0.000389809910343721	0.000412739905069822	0.000412739905069822	0.000664969847056935	0.000642039852330834	0	0	0	0	0	0
k__Bacteria|p__Bacteroidota|c__Bacteroidia|o__Bacteroidales|f__Muribaculaceae|g__unclassified_Muribaculaceae|s__unclassified_Muribaculaceae	0	0	0	0	0	0	0	0	0	0	0	0	0	0	0	0	0	0	0	0	0	0	0	0	0.000710829836509138	0.000550319873426429	0.00103184976267455	0.000642039852330834	0.000802549815413542	0.000871339799591846	0	0	0	0	0	0
k__Bacteria|p__Bacillota|c__Clostridia|o__Oscillospirales|f__Oscillospiraceae|g__UCG-005|s__unclassified_UCG-005	6.87899841783036e-05	6.87899841783036e-05	6.87899841783036e-05	9.17199789044048e-05	4.58599894522024e-05	0.000160509963082709	9.17199789044048e-05	0	0	0	4.58599894522024e-05	6.87899841783036e-05	0	4.58599894522024e-05	0	2.29299947261012e-05	0	0	0	0	0	0	0	0	0	0	0	0	0	0	0.000504459883974227	0.000343949920891518	0.000504459883974227	0.000343949920891518	0.000321019926165417	0.000481529889248125
k__Bacteria|p__Actinomycetota|c__Coriobacteriia|o__Coriobacteriales|f__Eggerthellaceae	9.17199789044048e-05	6.87899841783036e-05	0.000160509963082709	0.000137579968356607	0.000229299947261012	0.000229299947261012	0	0.000114649973630506	0	0.000137579968356607	0.000160509963082709	0.000252229941987113	0.000343949920891518	0.000229299947261012	0	4.58599894522024e-05	0.000229299947261012	0.000114649973630506	4.58599894522024e-05	0.000206369952534911	0.00018343995780881	0.000114649973630506	0.000160509963082709	0.000114649973630506	0	0	0	0	0	0	0	0	0	0	0	0
k__Bacteria|p__Bacillota|c__Bacilli|o__RF39|f__unclassified_RF39|g__unclassified_RF39|s__unclassified_RF39	0.00075668982596134	0.000298089931439316	0.000435669899795923	0.000596179862878632	0.000481529889248125	0.000596179862878632	0	0	0	0	0	0	0	0	0	0	0	0	0	0	0	0	0	0	0	0	0	0	0	0	0	0	0	0	0	0
k__Bacteria|p__Verrucomicrobiota|c__Verrucomicrobiia|o__Verrucomicrobiales|f__Akkermansiaceae|g__Akkermansia	0	0	0	0	0	0	0	0	0	0	0	0	0	0	0	0	0.00272866937240604	0.00057324986815253	0	0	0	0	0	0	0	0	0	0	0	0	0	0	0	0	0	0
k__Bacteria|p__Bacillota|c__Clostridia|o__Oscillospirales|f__Ruminococcaceae|g__Acutalibacter|s__unclassified_Acutalibacter	0	0.000114649973630506	0	0	0	0	0	0	0	0	0	0	0	0	0	0.000114649973630506	0	0	0	0	0	0.000114649973630506	0.000137579968356607	0.000160509963082709	0.000550319873426429	0.000481529889248125	0.000687899841783036	0.000481529889248125	0.00057324986815253	0.000710829836509138	0	0	0	0	0	0
k__Bacteria|p__Bacillota|c__Bacilli|o__Erysipelotrichales|f__Erysipelotrichaceae|g__[Clostridium]_innocuum_group	4.58599894522024e-05	0	4.58599894522024e-05	4.58599894522024e-05	2.29299947261012e-05	6.87899841783036e-05	0	0	0	0	2.29299947261012e-05	2.29299947261012e-05	0	0	0	0	0	0	0	4.58599894522024e-05	0	2.29299947261012e-05	4.58599894522024e-05	0	0.000137579968356607	0.000252229941987113	0.000298089931439316	0.000229299947261012	6.87899841783036e-05	0.000206369952534911	0.000366879915617619	0.000275159936713215	0.000458599894522024	0.000321019926165417	0.000275159936713215	0.000206369952534911
k__Bacteria|p__Bacteroidota|c__Bacteroidia|o__Bacteroidales|f__Marinifilaceae|g__Butyricimonas|s__Butyricimonas_synergistica	0.000206369952534911	0.000137579968356607	4.58599894522024e-05	0.000137579968356607	0.000321019926165417	0.000206369952534911	0	0	0	0	0	0	0	0	0	0	0	0	0	0	0	0	0	0	4.58599894522024e-05	4.58599894522024e-05	6.87899841783036e-05	0.000160509963082709	2.29299947261012e-05	0	0.000412739905069822	0.000343949920891518	0.000137579968356607	0.000275159936713215	0.00018343995780881	0.000252229941987113
k__Bacteria|p__Bacillota|c__Clostridia	0.000298089931439316	0.000160509963082709	0.000114649973630506	0.000114649973630506	0.00018343995780881	0.000206369952534911	0	0	0	4.58599894522024e-05	0	4.58599894522024e-05	0	9.17199789044048e-05	0.000114649973630506	4.58599894522024e-05	4.58599894522024e-05	0	0	0	0	0	0	0	0	6.87899841783036e-05	6.87899841783036e-05	4.58599894522024e-05	2.29299947261012e-05	0	0.000458599894522024	6.87899841783036e-05	0.000229299947261012	0.000275159936713215	9.17199789044048e-05	0.000206369952534911
k__Bacteria|p__Bacillota|c__Clostridia|o__Lachnospirales|f__Lachnospiraceae	0	0	0	0	0	0	0.000206369952534911	0	0.000527389878700328	0	0.000229299947261012	0.000252229941987113	0	0	0	0	0	0	0	0	0	0	0	0	0	0	0	0	0	0	0.000481529889248125	0.000389809910343721	0.000366879915617619	0.000321019926165417	0.000275159936713215	0.000321019926165417
k__Bacteria|p__Bacillota|c__Clostridia|o__Lachnospirales|f__Lachnospiraceae|g__Blautia	0	0	0	0	0	0	0	0	0	0	4.58599894522024e-05	0	0	0	0	0	0	0	6.87899841783036e-05	9.17199789044048e-05	0	9.17199789044048e-05	0.000114649973630506	4.58599894522024e-05	0.000435669899795923	0.00018343995780881	0.000275159936713215	0.000298089931439316	0.000321019926165417	0.000504459883974227	0.00018343995780881	0.000321019926165417	0.000160509963082709	0.000160509963082709	0.000366879915617619	0.000160509963082709
k__Bacteria|p__Bacteroidota|c__Bacteroidia|o__Bacteroidales|f__Rikenellaceae|g__Alistipes|s__Alistipes_indistinctus	9.17199789044048e-05	0.000114649973630506	2.29299947261012e-05	0.000160509963082709	6.87899841783036e-05	2.29299947261012e-05	0	0	0	0	0	0	4.58599894522024e-05	6.87899841783036e-05	4.58599894522024e-05	2.29299947261012e-05	4.58599894522024e-05	0	0	0	0	0	0	0	2.29299947261012e-05	9.17199789044048e-05	0.000137579968356607	6.87899841783036e-05	9.17199789044048e-05	0.000114649973630506	0.000412739905069822	0.000206369952534911	0.000252229941987113	0.000550319873426429	0.000321019926165417	0.000160509963082709
k__Bacteria|p__Bacillota|c__Clostridia|o__Oscillospirales|f__Oscillospiraceae	0	0	0	0	0	0	0	0	0	0	0	0	0	0	0	0	0	0	0.000252229941987113	0.00057324986815253	0.000550319873426429	0.000596179862878632	0.000710829836509138	0.000252229941987113	0	0	0	0	0	0	0	0	0	0	0	0
k__Bacteria|p__Bacillota|c__Clostridia|o__Clostridia_UCG-014|f__unclassified_Clostridia_UCG-014|g__unclassified_Clostridia_UCG-014|s__unclassified_Clostridia_UCG-014	0.000114649973630506	0.000206369952534911	0.000252229941987113	0.000298089931439316	0.000343949920891518	0.000481529889248125	0	0	0	0	0	0	0	0	0	0	0	0	0	0	0	0	0	0	0	0	0	0	0	0	0.000275159936713215	0.000160509963082709	0.000160509963082709	0.000343949920891518	0.00018343995780881	0.000114649973630506
k__Bacteria|p__Bacillota|c__Clostridia|o__Lachnospirales|f__Lachnospiraceae	9.17199789044048e-05	6.87899841783036e-05	0	0	9.17199789044048e-05	9.17199789044048e-05	4.58599894522024e-05	0	0	0	0	0	0	0	0	0	0	0	0	0	0	0	0	0	0	0	0	0	0	0	0.000550319873426429	0.000435669899795923	0.000389809910343721	0.000504459883974227	0.000298089931439316	0.000481529889248125
k__Bacteria|p__Verrucomicrobiota|c__Verrucomicrobiia|o__Verrucomicrobiales|f__Akkermansiaceae|g__Akkermansia	0	0	0	0	0	0	0	0	0	0	0	0	0	0	0	0	0	0	0	0	0	0.000412739905069822	0	0	0	0	0	0	0	0	0	0	0	0.00110063974685286	0	0.00132993969411387
k__Bacteria|p__Bacillota|c__Clostridia|o__Lachnospirales|f__Lachnospiraceae|g__GCA-900066575|s__unclassified_GCA-900066575	2.29299947261012e-05	0	0	0	0	0	0.000619109857604733	0.00057324986815253	0.000642039852330834	0.000366879915617619	0.000481529889248125	0.000642039852330834	0	0	0	9.17199789044048e-05	0	0	0	0	0	0	0	0	0	0	0	0	0	0	0	0	0	0	0	0
k__Bacteria|p__Bacillota|c__Clostridia|o__Oscillospirales|f__Ruminococcaceae	9.17199789044048e-05	0	0	0	0	0.000160509963082709	0	0	0	0	0	0.000206369952534911	0.000298089931439316	0	0	0	0.000114649973630506	0	0.000160509963082709	0.000229299947261012	0	0.000206369952534911	0.000275159936713215	0.000206369952534911	0.000298089931439316	0.000275159936713215	0	0.000343949920891518	0.000252229941987113	0	0	0	0	0	0	0
k__Bacteria|p__Bacteroidota|c__Bacteroidia|o__Bacteroidales|f__Muribaculaceae	0	0	0	0	0	0	0	0	0	0	0	0	0	0	0	0	0	0	0	0	0	0	0	0	0.00325605925110637	0	0	0	0	0	9.17199789044048e-05	0	0	0	0.00018343995780881	0
k__Bacteria|p__Bacillota|c__Clostridia|o__Oscillospirales|f__Ruminococcaceae|g__Acutalibacter|s__unclassified_Acutalibacter	0.000206369952534911	0.000252229941987113	0.000252229941987113	0.000504459883974227	0.000389809910343721	0.000458599894522024	4.58599894522024e-05	0.000114649973630506	0	9.17199789044048e-05	4.58599894522024e-05	0.000137579968356607	0	0	0	0	0	0	0	6.87899841783036e-05	9.17199789044048e-05	9.17199789044048e-05	6.87899841783036e-05	0	0	0	0	0	0	0	0	0	0	0	0	0
k__Bacteria|p__Bacillota|c__Clostridia|o__Lachnospirales|f__Lachnospiraceae	0.000412739905069822	0.000298089931439316	0.000252229941987113	0.000252229941987113	0.000412739905069822	0.000458599894522024	0	0	0	0	0	0	0	0.000160509963082709	0.000229299947261012	0.000114649973630506	0.000160509963082709	6.87899841783036e-05	0	0	0	0	0	0	0	0	0	0	0	0	0	0	0	0	0	0
k__Bacteria|p__Bacteroidota|c__Bacteroidia|o__Bacteroidales|f__Muribaculaceae|g__unclassified_Muribaculaceae|s__unclassified_Muribaculaceae	0	0	0	0	0	0	0	0	0	0	0	0	0.000412739905069822	0.000550319873426429	0.000481529889248125	0.000825479810139644	0.000389809910343721	0.000412739905069822	0	0	0	0	0	0	0	0	0	0	0	0	0	0	0	0	0	0
k__Bacteria|p__Bacteroidota|c__Bacteroidia|o__Bacteroidales|f__Muribaculaceae|g__unclassified_Muribaculaceae|s__unclassified_Muribaculaceae	0	0.000435669899795923	0.000642039852330834	0.000504459883974227	0.000825479810139644	0.000366879915617619	0	0	0	0	0	0	0	0	0	0	0	0	0	0	0	0	0	0	0	0	0	0	0	0	0	0	0	0	0	0
k__Bacteria|p__Bacillota|c__Clostridia|o__Lachnospirales|f__Lachnospiraceae|g__Butyribacter|s__unclassified_Butyribacter	0	0	0	0	0	0	0	0	0	0	0	0	0	0	0	0	0	0	0.00057324986815253	0.000389809910343721	0.000664969847056935	0	0.000596179862878632	0.000481529889248125	0	0	0	0	0	0	0	0	0	0	0	0
k__Bacteria|p__Bacillota|c__Clostridia|o__Lachnospirales|f__Lachnospiraceae	0	0	0	0	0	6.87899841783036e-05	0	0	0	0	0	0	0	0.000366879915617619	0.000229299947261012	0.000206369952534911	0.000298089931439316	0.000206369952534911	0	0	0	0	0	0	0	0	0	0	0	0	0.000252229941987113	0.000343949920891518	0.000160509963082709	0.000275159936713215	0.000343949920891518	0.000137579968356607
k__Bacteria|p__Bacillota|c__Clostridia|o__Peptostreptococcales-Tissierellales|f__Peptostreptococcaceae|g__Romboutsia|s__Romboutsia_sp._DR1	0	0	0	0	0	2.29299947261012e-05	0.000321019926165417	0.000435669899795923	0	0.000504459883974227	0.000458599894522024	0.00116942973103116	0	0	0	0	0	0	0	0	0	0	0	0	0	0	0	0	0	0	0	0	0	0	0	0
k__Bacteria|p__Bacillota|c__Clostridia|o__Oscillospirales|f__Ruminococcaceae|g__Ruminococcus	6.87899841783036e-05	0	4.58599894522024e-05	6.87899841783036e-05	6.87899841783036e-05	4.58599894522024e-05	0	0	0	0	0	0	0	0	0	0	0	0	0	0	0	0	0	0	0	0	0	0	0	0	0.000458599894522024	0.000412739905069822	0.000321019926165417	0.000642039852330834	0.000321019926165417	0.00018343995780881
k__Bacteria|p__Bacteroidota|c__Bacteroidia|o__Bacteroidales|f__Muribaculaceae|g__unclassified_Muribaculaceae|s__unclassified_Muribaculaceae	0	0	0	0	0	0	0.000550319873426429	0.000366879915617619	0.000458599894522024	0	0.000298089931439316	0.000206369952534911	0	4.58599894522024e-05	0.000114649973630506	0	0	0.000229299947261012	0	0	0	0	0.000206369952534911	0	0.000137579968356607	0.000114649973630506	0	6.87899841783036e-05	0.000389809910343721	0	0	0	0	0	0	0
k__Bacteria|p__Bacillota|c__Bacilli|o__RF39|f__unclassified_RF39|g__unclassified_RF39	0.000298089931439316	0.000114649973630506	0.000160509963082709	0.000412739905069822	0.000412739905069822	0.000389809910343721	6.87899841783036e-05	9.17199789044048e-05	0.000114649973630506	0	0.000114649973630506	0.000321019926165417	0	0	0	0	0	0	0	0	0	0	0	0	0	0	0.000114649973630506	0.000114649973630506	0	0.000160509963082709	0	0	0	0	0	0
k__Bacteria|p__Bacillota|c__Clostridia|o__Lachnospirales|f__Lachnospiraceae	0.000206369952534911	0.00018343995780881	9.17199789044048e-05	6.87899841783036e-05	0.000137579968356607	0.000114649973630506	0	0	0	0	0	0	0.000137579968356607	0.000252229941987113	0.000321019926165417	0.000275159936713215	0.000275159936713215	0.000321019926165417	0	0	0	0	0	0	0	0	0	0	0	0	0.000114649973630506	6.87899841783036e-05	0.000160509963082709	2.29299947261012e-05	6.87899841783036e-05	9.17199789044048e-05
k__Bacteria|p__Bacillota|c__Clostridia|o__Lachnospirales|f__Lachnospiraceae|g__Lachnoclostridium	6.87899841783036e-05	0	0	0	0	0	0	0	0	0	0	0	0	0.000114649973630506	4.58599894522024e-05	6.87899841783036e-05	0.000114649973630506	4.58599894522024e-05	0	0	0	0	0	0	0.000550319873426429	0.000458599894522024	0.000504459883974227	0.000321019926165417	0.000504459883974227	0.000917199789044048	0	0	0	2.29299947261012e-05	0	0
k__Bacteria|p__Bacteroidota|c__Bacteroidia|o__Bacteroidales|f__Muribaculaceae|g__unclassified_Muribaculaceae|s__unclassified_Muribaculaceae	0	0.000229299947261012	0	0	0.000137579968356607	0	0	0	0	0	0	0	0	0	0	0	9.17199789044048e-05	0	0.000458599894522024	0.000229299947261012	0.000206369952534911	0.000343949920891518	0.000321019926165417	0.000481529889248125	0	0	0.000252229941987113	0	0	0	0	0	0	0	0	0
k__Bacteria|p__Bacillota|c__Clostridia|o__Lachnospirales|f__Lachnospiraceae|g__GCA-900066575|s__unclassified_GCA-900066575	0.000114649973630506	0.000160509963082709	0.000298089931439316	0.000206369952534911	0.000229299947261012	0.000229299947261012	6.87899841783036e-05	0	0	9.17199789044048e-05	6.87899841783036e-05	6.87899841783036e-05	9.17199789044048e-05	0.000229299947261012	0.00018343995780881	0	0	0	0	0	0	0	0	0	0	0	0	0	0	0	0.000137579968356607	0.000137579968356607	0.000160509963082709	6.87899841783036e-05	0.00018343995780881	0.000114649973630506
k__Bacteria|p__Bacillota|c__Clostridia|o__Oscillospirales|f__Ruminococcaceae|g__Anaerotruncus|s__unclassified_Anaerotruncus	0.000114649973630506	0.000229299947261012	0.000114649973630506	0.000366879915617619	0.000229299947261012	0.000229299947261012	4.58599894522024e-05	0	0	0.000137579968356607	9.17199789044048e-05	0	0	4.58599894522024e-05	0.000114649973630506	9.17199789044048e-05	6.87899841783036e-05	0	0	0	0	0	0	0	0	0	0	0.000137579968356607	4.58599894522024e-05	9.17199789044048e-05	0.000160509963082709	6.87899841783036e-05	0.000160509963082709	0.000137579968356607	0.000114649973630506	0
k__Bacteria|p__Bacillota|c__Clostridia|o__Lachnospirales|f__Lachnospiraceae	0	0	0	6.87899841783036e-05	0	0	0.000298089931439316	0.000458599894522024	0	0	0	0.000435669899795923	0	0	2.29299947261012e-05	0	0	0	0.000275159936713215	0	0.000229299947261012	0.000343949920891518	0.000275159936713215	0	0	0.00018343995780881	0	0	0	0.000206369952534911	0	0	0	0	0	0
k__Bacteria|p__Bacillota|c__Clostridia|o__Lachnospirales|f__Lachnospiraceae	0	4.58599894522024e-05	0	0	4.58599894522024e-05	0	0.000596179862878632	0.000343949920891518	0.000481529889248125	0.000412739905069822	0.000481529889248125	0.00057324986815253	0	0	0	0	0	0	0	0	0	0	0	0	0	0	0	0	0	0	0	0	0	0	0	0
k__Bacteria|p__Bacillota|c__Clostridia|o__Lachnospirales|f__Lachnospiraceae	0	0	0	0	6.87899841783036e-05	0	0	0	0.000389809910343721	0.000321019926165417	0.000458599894522024	0.000298089931439316	0	4.58599894522024e-05	0	6.87899841783036e-05	0.000114649973630506	0	0	0.000298089931439316	0	0	0	0.000252229941987113	0.00018343995780881	0	0.000298089931439316	0.000275159936713215	9.17199789044048e-05	0	0	0	0	0	0	0
k__Bacteria|p__Bacteroidota|c__Bacteroidia|o__Bacteroidales|f__Rikenellaceae|g__Alistipes|s__unclassified_Alistipes	0.000504459883974227	0.000321019926165417	0.00018343995780881	0.00057324986815253	0.00057324986815253	0.000412739905069822	0	0	0	0	0	0	0	0	0	0	0	0	0	0	0	0	0	0	0	0	0	0	0	0	0	0	0	0	0	0
k__Bacteria|p__Bacillota|c__Clostridia|o__Lachnospirales|f__Lachnospiraceae	0.000275159936713215	0.000137579968356607	0.000114649973630506	9.17199789044048e-05	0.000137579968356607	0.000160509963082709	0	0	0	0	0	0	0.000412739905069822	0.000275159936713215	0.000435669899795923	0.000275159936713215	0.000298089931439316	0.000366879915617619	0	0	0	0	0	0	0	0	0	0	0	0	0	0	0	0	0	0
k__Bacteria|p__Bacteroidota|c__Bacteroidia|o__Bacteroidales|f__Muribaculaceae|g__unclassified_Muribaculaceae|s__unclassified_Muribaculaceae	0.000343949920891518	0.000389809910343721	0.000366879915617619	0.000275159936713215	0.000458599894522024	0.000252229941987113	0	0	0	0	0	0	0	0	0	0	0	0	0	0	0	0	0	0	0	0	0	0	0	0	9.17199789044048e-05	0	0	9.17199789044048e-05	0.00018343995780881	0.000137579968356607
k__Bacteria|p__Bacillota|c__Clostridia|o__Lachnospirales|f__Lachnospiraceae|g__unclassified_Lachnospiraceae|s__unclassified_Lachnospiraceae	0	0	0	0	0	0	0	0	0	0	0	9.17199789044048e-05	0.000160509963082709	0.00018343995780881	0.00018343995780881	0.000160509963082709	0.000137579968356607	0.00018343995780881	0.000275159936713215	0.000114649973630506	0.00018343995780881	0.000137579968356607	0.000206369952534911	0.000321019926165417	9.17199789044048e-05	4.58599894522024e-05	0	0	0.000160509963082709	0	0	0	0	0	0	0
k__Bacteria|p__Bacillota|c__Clostridia|o__Lachnospirales|f__Lachnospiraceae	0	0	0	0	0	0	0	0	0	0	0	0	0	0	0	0	0	0	0	0	0	0	0	0	0.000458599894522024	0.000481529889248125	0.000779619820687441	0.000825479810139644	0.000481529889248125	0.000619109857604733	0	0	0	0	0	0
k__Bacteria|p__Bacillota|c__Clostridia|o__Peptostreptococcales-Tissierellales	6.87899841783036e-05	9.17199789044048e-05	0.000160509963082709	0	0.000137579968356607	6.87899841783036e-05	0	0	0	0	0	0	9.17199789044048e-05	0	6.87899841783036e-05	4.58599894522024e-05	4.58599894522024e-05	0	0.000137579968356607	0.000298089931439316	0.000389809910343721	0.000137579968356607	0.000160509963082709	0.000137579968356607	0	0	0	0	0	0	0.00018343995780881	9.17199789044048e-05	9.17199789044048e-05	0.000137579968356607	0.000114649973630506	2.29299947261012e-05
k__Bacteria|p__Bacillota|c__Clostridia|o__Clostridia_UCG-014|f__unclassified_Clostridia_UCG-014|g__unclassified_Clostridia_UCG-014|s__unclassified_Clostridia_UCG-014	0.000664969847056935	0.000298089931439316	0.000321019926165417	0.000435669899795923	0.000412739905069822	0.000389809910343721	0	0	0	0	0	0	0	0	0	0	0	0	0	0	0	0	0	0	0	0	0	0	0	0	0	0	0	0	0	0
k__Bacteria|p__Bacillota|c__Clostridia|o__Lachnospirales|f__Lachnospiraceae	0.000458599894522024	0.000412739905069822	0.000366879915617619	0.000458599894522024	0.000252229941987113	0.000481529889248125	0	0	0	0	0	0	0	0	0	0	0	0.000229299947261012	0	0	0	0	0	0	0	0	0	0	0	0	0	0	0	0	0	0
k__Bacteria|p__Bacillota|c__Clostridia|o__Oscillospirales|f__Oscillospiraceae	0.000160509963082709	0.000206369952534911	0.000321019926165417	0.000321019926165417	0.000229299947261012	0.00018343995780881	0	0	0	0	0	0	0	0	0	0	0	0	0	0	0	0	0	0	0	0	0	0	0	0	0.000298089931439316	0.000137579968356607	0.000160509963082709	0.000206369952534911	0.000114649973630506	0.000252229941987113
k__Bacteria|p__Bacillota|c__Clostridia|o__Lachnospirales|f__Lachnospiraceae	0	0	0	0	0	0	0	0	0	0	0	0	0	0	0	0	0	0	0	0	0	0	0	0	0	0	0	0	0	0	0.00057324986815253	0.000412739905069822	0.000642039852330834	0.000298089931439316	0.000366879915617619	0.000412739905069822
k__Bacteria|p__Bacillota|c__Clostridia|o__Clostridia_vadinBB60_group|f__unclassified_Clostridia_vadinBB60_group|g__unclassified_Clostridia_vadinBB60_group|s__unclassified_Clostridia_vadinBB60_group	9.17199789044048e-05	4.58599894522024e-05	0	0.000114649973630506	0.000137579968356607	4.58599894522024e-05	2.29299947261012e-05	4.58599894522024e-05	4.58599894522024e-05	0	2.29299947261012e-05	0	0.000137579968356607	4.58599894522024e-05	0.000137579968356607	0.000114649973630506	0.000137579968356607	0.000160509963082709	0	4.58599894522024e-05	4.58599894522024e-05	2.29299947261012e-05	4.58599894522024e-05	2.29299947261012e-05	0	0	0	0	0	0	0.000321019926165417	0.000114649973630506	0.000114649973630506	0.000275159936713215	0.000114649973630506	0.000206369952534911
k__Bacteria|p__Bacillota|c__Clostridia|o__Clostridia_UCG-014|f__unclassified_Clostridia_UCG-014|g__unclassified_Clostridia_UCG-014|s__unclassified_Clostridia_UCG-014	0.000343949920891518	0	0.000550319873426429	0.000252229941987113	0	0.000275159936713215	0.000321019926165417	0.00018343995780881	0	0.000229299947261012	9.17199789044048e-05	0.000389809910343721	9.17199789044048e-05	0	0	0	0	0	0	0	0	0	0	0	0	0	0	0	0	0	0	0	0	0	0	0
k__Bacteria|p__Bacillota|c__Clostridia|o__Lachnospirales|f__Lachnospiraceae	0	0	0	0	0	0	0	0	0	0	0	0	0	0	0	0	0	0	0	0	0	0	0	0	0.00018343995780881	9.17199789044048e-05	0.000160509963082709	0.000275159936713215	0.000504459883974227	0.000275159936713215	0.000321019926165417	0.000206369952534911	0.000366879915617619	0.000321019926165417	0.00018343995780881	0.000206369952534911
k__Bacteria|p__Bacillota|c__Clostridia|o__Oscillospirales|f__Ruminococcaceae|g__Ruthenibacterium|s__unclassified_Ruthenibacterium	4.58599894522024e-05	0.000114649973630506	9.17199789044048e-05	0.00018343995780881	0.00018343995780881	0.000160509963082709	0	0	0	0	0	0	0	0	0	0	0	0	0	0	0	0	0	0	0	0	0	0	0	0	0.000664969847056935	4.58599894522024e-05	0.000229299947261012	0.000343949920891518	9.17199789044048e-05	9.17199789044048e-05
k__Bacteria|p__Actinomycetota|c__Coriobacteriia|o__Coriobacteriales|f__Eggerthellaceae|g__Adlercreutzia|s__unclassified_Adlercreutzia	9.17199789044048e-05	0.000160509963082709	6.87899841783036e-05	0.000298089931439316	9.17199789044048e-05	0.00018343995780881	0	0	0	0	0	0	0.000114649973630506	0	0	4.58599894522024e-05	0.00018343995780881	6.87899841783036e-05	0	0	0	0	0	0	0	0	0	0	0	0	0.000298089931439316	0.000137579968356607	0.000114649973630506	0.000366879915617619	0.000160509963082709	0.000206369952534911
k__Bacteria|p__Bacillota|c__Clostridia|o__Oscillospirales|f__Ruminococcaceae	0.000435669899795923	0.000343949920891518	0.000275159936713215	0.00057324986815253	0.000458599894522024	0.000321019926165417	0	0	0	0	0	0	0	0	0	0	0	0	0	0	0	0	0	0	0	0	0	0	0	0	0	0	0	0	0	0
k__Bacteria|p__Actinomycetota|c__Coriobacteriia|o__Coriobacteriales|f__Eggerthellaceae	0	0	0	0	0	0	0	0	0	0	0	0	0	0	0	0	0	0	0	0	0	0	0	0	0	0	0	0	0	0	0.000321019926165417	0.000321019926165417	0.000252229941987113	0.000710829836509138	0.000481529889248125	0.000412739905069822
k__Bacteria|p__Bacillota|c__Clostridia|o__Lachnospirales|f__Lachnospiraceae|g__unclassified_Lachnospiraceae	0	0	0	0	0	0	0	0	0	0	0	0	0.000458599894522024	0.000481529889248125	0.00057324986815253	0.000504459883974227	0.000458599894522024	0	0	0	0	0	0	0	0	0	0	0	0	0	0	0	0	0.000114649973630506	0	0.000114649973630506
k__Bacteria|p__Bacillota|c__Clostridia|o__Lachnospirales|f__Lachnospiraceae|g__Roseburia	2.29299947261012e-05	2.29299947261012e-05	0	0	4.58599894522024e-05	0	0	0	0	0	0	0	0	0.000114649973630506	9.17199789044048e-05	0.000114649973630506	6.87899841783036e-05	4.58599894522024e-05	0.000321019926165417	0.000229299947261012	0.000206369952534911	0.000527389878700328	0.000389809910343721	0.000252229941987113	0	0	0	0	0	0	0	0	0	0	0	0
k__Bacteria|p__Bacteroidota|c__Bacteroidia|o__Bacteroidales|f__Muribaculaceae|g__unclassified_Muribaculaceae|s__unclassified_Muribaculaceae	4.58599894522024e-05	0.00018343995780881	9.17199789044048e-05	0.000160509963082709	4.58599894522024e-05	6.87899841783036e-05	0	0	0	0	0	0	0.000252229941987113	0.000252229941987113	0.000275159936713215	0.000321019926165417	0.000458599894522024	0.000596179862878632	0	0	0	0	0	0	0	6.87899841783036e-05	0	0	0	0	0	0	0	0	0	0
k__Bacteria|p__Bacillota|c__Clostridia|o__Lachnospirales|f__Lachnospiraceae|g__Acetatifactor	0.000343949920891518	0.000504459883974227	0.000343949920891518	0.000435669899795923	0.000435669899795923	0.000435669899795923	0	0	0	0	0	0	0	0	0	0	0	0	0	0	0	0	0	0	0	0	0	0	0	0	0	0	0	0	0	0
k__Bacteria|p__Bacillota|c__Bacilli|o__Lactobacillales|f__Aerococcaceae|g__Aerococcus	0	0	0	0	2.29299947261012e-05	6.87899841783036e-05	0.000252229941987113	0.000458599894522024	0.000366879915617619	0.000321019926165417	0.000458599894522024	0.00057324986815253	0.000137579968356607	4.58599894522024e-05	0	6.87899841783036e-05	0	0	0	0	0	0	0	0	0	0	0	0	0	0	0	0	0	0	0	0
k__Bacteria|p__Bacteroidota|c__Bacteroidia|o__Bacteroidales|f__Muribaculaceae|g__unclassified_Muribaculaceae|s__unclassified_Muribaculaceae	0	0	0	0	0	0	0	0	0	0	0	0	0.000458599894522024	0.000550319873426429	0.000550319873426429	0.000298089931439316	0.000458599894522024	0.000458599894522024	0	0	0	0	0	0	0	0	0	0	0	0	0	0	0	0	0	0
k__Bacteria|p__Bacillota|c__Clostridia|o__Lachnospirales|f__Defluviitaleaceae	0.000252229941987113	0.000389809910343721	0.000366879915617619	0.000458599894522024	0.000458599894522024	0.000458599894522024	0	0	0	0	0	0	0	0	0	0	0	0	0	0	0	0	0	0	0	0	0	0	0	0	0	0	0	0	0	0
k__Bacteria|p__Bacillota|c__Clostridia|o__Lachnospirales|f__Lachnospiraceae	9.17199789044048e-05	4.58599894522024e-05	9.17199789044048e-05	0	9.17199789044048e-05	0.000137579968356607	0	0	0	0	0	0	0.000596179862878632	0.000298089931439316	0.000321019926165417	0.000412739905069822	0.000366879915617619	0.000389809910343721	0	0	0	0	0	0	0	0	0	0	0	0	0	0	0	0	0	0
k__Bacteria|p__Bacillota|c__Clostridia|o__Lachnospirales|f__Lachnospiraceae|g__ASF356|s__unclassified_ASF356	0	0	0	0	0	0	0	0	0	0	0	0	0.000229299947261012	0.000137579968356607	0.000114649973630506	0	0	9.17199789044048e-05	0.000206369952534911	0.00018343995780881	0.000252229941987113	0.000252229941987113	0.000366879915617619	0.000229299947261012	0	0	0	0.000206369952534911	0.000527389878700328	0	0	0	0	0	0	0
k__Bacteria|p__Bacillota|c__Clostridia|o__Lachnospirales|f__Lachnospiraceae	0.000298089931439316	0.000389809910343721	0.000366879915617619	0.000412739905069822	0.000664969847056935	0	0	0	0	0	0	0	0	0	0	0	0	0	0	0	0	0	0	0	0	0	0	0.000137579968356607	6.87899841783036e-05	0	0	0	0	0	0	0
k__Bacteria|p__Bacillota|c__Clostridia|o__Lachnospirales|f__Lachnospiraceae	0.000137579968356607	9.17199789044048e-05	0.000160509963082709	0.000160509963082709	0.000137579968356607	0.000114649973630506	0	0	0	0	0	0	0	0	0	0	0	0	0.000252229941987113	0.000137579968356607	0.000321019926165417	0.000229299947261012	0.000229299947261012	0.000389809910343721	0	0	0	0	0	0	0	0	0	0	0	0
k__Bacteria|p__Actinomycetota|c__Coriobacteriia|o__Coriobacteriales|f__Eggerthellaceae|g__Adlercreutzia|s__unclassified_Adlercreutzia	0	0	0	4.58599894522024e-05	0	6.87899841783036e-05	0	6.87899841783036e-05	0	4.58599894522024e-05	0	6.87899841783036e-05	0.000114649973630506	0	0	0	0	0	9.17199789044048e-05	0.000114649973630506	4.58599894522024e-05	9.17199789044048e-05	0.00018343995780881	0	9.17199789044048e-05	0.00018343995780881	0.000298089931439316	0.000160509963082709	9.17199789044048e-05	9.17199789044048e-05	9.17199789044048e-05	9.17199789044048e-05	0.000114649973630506	0.000298089931439316	0.000160509963082709	0.000137579968356607
k__Bacteria|p__Bacillota|c__Clostridia|o__Clostridia_vadinBB60_group|f__unclassified_Clostridia_vadinBB60_group|g__unclassified_Clostridia_vadinBB60_group|s__unclassified_Clostridia_vadinBB60_group	0	0.00018343995780881	0	0	6.87899841783036e-05	0.000137579968356607	0	0	0	0	0	0	0	0	0	0	0	0	0	0	0	0	0	0	0	0	0	0	0	0	0.000619109857604733	0.000321019926165417	9.17199789044048e-05	0.000389809910343721	0.00018343995780881	0.000275159936713215
k__Bacteria|p__Bacteroidota|c__Bacteroidia|o__Bacteroidales|f__Muribaculaceae	0	0	0	0	0	0	0	0	0	0	0.00176560959390979	0	0.00112356974157896	0	0	0	0	0	0	0	0	0	0	0	0	0	0	0	0	0	0	0	0	0	0	0
k__Bacteria|p__Bacillota|c__Clostridia|o__Oscillospirales|f__Ruminococcaceae	0	0	0	0	0	0	0	0	0	0	0	0	0	0	0	0	0	0	0.000160509963082709	0.000435669899795923	0.000366879915617619	0.000389809910343721	0.000366879915617619	0.000229299947261012	0.000114649973630506	0	0.000137579968356607	0.000137579968356607	9.17199789044048e-05	0	0	0	0	0	0	0
k__Bacteria|p__Bacillota|c__Clostridia|o__Lachnospirales|f__Lachnospiraceae	0.000321019926165417	0.000389809910343721	0.000321019926165417	0.000389809910343721	0.000321019926165417	0.000298089931439316	0	0	0	0	2.29299947261012e-05	6.87899841783036e-05	0	4.58599894522024e-05	0	6.87899841783036e-05	0	9.17199789044048e-05	0	0	0	0	0	0	0	0	0	0	0	0	0	0	0	0	0	0
k__Bacteria|p__Bacillota|c__Clostridia|o__Lachnospirales|f__Lachnospiraceae|g__A2|s__unclassified_A2	0	0	0	0	0	0	0.000114649973630506	0.000137579968356607	6.87899841783036e-05	0	4.58599894522024e-05	0.000114649973630506	0	0.000321019926165417	0.000206369952534911	0.000160509963082709	0.000206369952534911	0.000206369952534911	0	0	0	0	0	0	0	0	0	0	0	0	0.000114649973630506	0.000229299947261012	0	0.000229299947261012	0.000252229941987113	0.000160509963082709
k__Bacteria|p__Bacillota|c__Clostridia|o__Oscillospirales|f__Oscillospiraceae|g__Colidextribacter	0	0	0	0.000275159936713215	0	0	0	0	0	0	0	0	0	0	0.000321019926165417	0	0	0	0	0.000275159936713215	0.00057324986815253	0	0.000298089931439316	0.000343949920891518	0	0	0	0	0	0	0	0	0	0.000160509963082709	0	0
k__Bacteria|p__Bacillota|c__Clostridia|o__Oscillospirales|f__Oscillospiraceae|g__NK4A214_group|s__unclassified_NK4A214_group	0.00018343995780881	0.000137579968356607	0.000275159936713215	0.000252229941987113	0.000137579968356607	0.00018343995780881	0	0	0	0	0	0	6.87899841783036e-05	0.000114649973630506	0.000137579968356607	0.000137579968356607	0.000114649973630506	0.000114649973630506	0	0	0	0	0	0	0	0	4.58599894522024e-05	9.17199789044048e-05	4.58599894522024e-05	6.87899841783036e-05	9.17199789044048e-05	0.000114649973630506	9.17199789044048e-05	4.58599894522024e-05	0.000160509963082709	2.29299947261012e-05
k__Bacteria|p__Bacillota|c__Clostridia|o__Lachnospirales|f__Lachnospiraceae|g__[Eubacterium]_ventriosum_group|s__unclassified_[Eubacterium]_ventriosum_group	0.000412739905069822	0.000275159936713215	0.000412739905069822	0.000412739905069822	0.000389809910343721	0.000321019926165417	0	0	0	0	0	0	0	0	2.29299947261012e-05	0	0	0	0	0	0	0	0	0	0	0	0	0	0	0	0	0	0	0	0	0
k__Bacteria|p__Bacillota|c__Clostridia|o__Lachnospirales|f__Lachnospiraceae	0	0	0	0	0	0	0.000252229941987113	0.000275159936713215	0.000504459883974227	0.000550319873426429	0.000343949920891518	0.000664969847056935	0	0	0	0	0	0	0	0	0	0	0	0	0.000114649973630506	0	0	0	0	0	0	0	0	0	0	0
k__Bacteria|p__Bacillota|c__Clostridia|o__Lachnospirales|f__Lachnospiraceae	0.00018343995780881	0.000321019926165417	0	0.000229299947261012	0.000229299947261012	0.000252229941987113	0.000114649973630506	0	6.87899841783036e-05	0.000160509963082709	0.000160509963082709	9.17199789044048e-05	0	9.17199789044048e-05	0	9.17199789044048e-05	0	0	9.17199789044048e-05	0	0	0	0.000137579968356607	0	0	0	0	6.87899841783036e-05	6.87899841783036e-05	0	0	0	0	0	0	0
k__Bacteria|p__Bacillota|c__Bacilli	0	0	0	0	0	0	0	0	0	0	0	0	0.000825479810139644	0.000481529889248125	0.000321019926165417	0.00057324986815253	0.000343949920891518	0	0	0	0	0	0	0	0	0	0	0	0	0	0	0	0	0	0	0
k__Bacteria|p__Bacteroidota|c__Bacteroidia|o__Bacteroidales|f__Bacteroidaceae|g__Bacteroides	0	0	0	0	0	0	0.000366879915617619	0.000114649973630506	0	0.000206369952534911	0.000275159936713215	0.000298089931439316	0.000275159936713215	0.00018343995780881	0.000114649973630506	0.000298089931439316	0.000160509963082709	0.000206369952534911	0	0	0	0	0	0	0	0	0	0	0	0	0	0	0	0	0	0
k__Bacteria|p__Bacteroidota|c__Bacteroidia|o__Bacteroidales|f__Tannerellaceae|g__Parabacteroides	0	0	0	0	0	0	0	0	0	0	0	0	0.000710829836509138	0.000435669899795923	0.000389809910343721	0.000343949920891518	0.000481529889248125	0.000321019926165417	0	0	0	0	0	0	0	0	0	0	0	0	0	0	0	0	0	0
k__Bacteria|p__Bacillota|c__Clostridia|o__Lachnospirales|f__Lachnospiraceae	0	0	0	0	0	0	0	0	0	0	0	0	0	0	0	0	0	0	0.000298089931439316	0.000252229941987113	0.000206369952534911	0.000137579968356607	0.000275159936713215	0.000137579968356607	0.000160509963082709	0.000114649973630506	0.000298089931439316	0.000160509963082709	0.000252229941987113	0.000206369952534911	0	0	0	0	0	0
k__Bacteria|p__Bacillota|c__Clostridia|o__Oscillospirales|f__Oscillospiraceae|g__Colidextribacter	0	0	0	0	0	0	0	0	0	0	0	0	0.00018343995780881	0	0	0.000137579968356607	0.00018343995780881	0	0	0	0	0	0	0	0	0	0	0	0	0	0.000343949920891518	0	0.000229299947261012	0.000412739905069822	0.000298089931439316	0.000321019926165417
k__Bacteria|p__Bacillota|c__Clostridia|o__Lachnospirales|f__Lachnospiraceae	0.000137579968356607	0	0.00018343995780881	0.000275159936713215	0.000343949920891518	0.000114649973630506	0	0	0	0	0.000114649973630506	0	0	0	0	0	0	0	0	0	0	0	0	0	0.000229299947261012	0	0.000458599894522024	0.000252229941987113	0.000298089931439316	0.000298089931439316	0	0	0	0	0	0
k__Bacteria|p__Bacillota|c__Clostridia	0	0	0	0	0	0	0.000481529889248125	0.000321019926165417	0.000252229941987113	0.000481529889248125	0.000343949920891518	0.000527389878700328	0	0	0	0	0	0	0	0	0	0	0	0	0	0	0	0	0	0	0	0	0	0	0	0
k__Bacteria|p__Bacillota|c__Clostridia|o__Lachnospirales|f__Lachnospiraceae	0	0.000389809910343721	0.000458599894522024	0.000435669899795923	0.000412739905069822	0.000412739905069822	0	0	0	0	0	0	0	0	0	0	0	0	0	0	0	0	0	0	0	0	0	0	0	0	0	0	0	0	0	0
k__Bacteria|p__Bacillota|c__Clostridia|o__Oscillospirales|f__Ruminococcaceae	0	6.87899841783036e-05	0	0	4.58599894522024e-05	4.58599894522024e-05	0	0	0	0	0	0	0.000206369952534911	0	0.000206369952534911	0.000160509963082709	0.00018343995780881	0.000160509963082709	0.000137579968356607	6.87899841783036e-05	6.87899841783036e-05	0.00018343995780881	9.17199789044048e-05	0	0	0	0	4.58599894522024e-05	0	0	0.00018343995780881	0	6.87899841783036e-05	0.000137579968356607	0	0
k__Bacteria|p__Bacillota|c__Clostridia|o__Clostridia_vadinBB60_group|f__unclassified_Clostridia_vadinBB60_group|g__unclassified_Clostridia_vadinBB60_group|s__unclassified_Clostridia_vadinBB60_group	0.000252229941987113	0	0	0	0	0	0	0	0	0	2.29299947261012e-05	0	0	0	0	0	0	0	0	0	0	0	0	0	0	0	0	0	0	0	0.000435669899795923	0.000298089931439316	0.000206369952534911	0.000435669899795923	0.000252229941987113	0.000206369952534911
k__Bacteria|p__Bacillota|c__Clostridia|o__Lachnospirales|f__Lachnospiraceae	0	0	0	0	4.58599894522024e-05	0	0	4.58599894522024e-05	6.87899841783036e-05	0	4.58599894522024e-05	6.87899841783036e-05	0.000206369952534911	9.17199789044048e-05	0.000114649973630506	9.17199789044048e-05	0.00018343995780881	0.000160509963082709	0.000137579968356607	0.000160509963082709	0.000137579968356607	6.87899841783036e-05	0.000275159936713215	0.000206369952534911	4.58599894522024e-05	0	0	4.58599894522024e-05	2.29299947261012e-05	0	0	0	0	0	2.29299947261012e-05	0
k__Bacteria|p__Bacillota|c__Clostridia|o__Clostridia_UCG-014|f__unclassified_Clostridia_UCG-014|g__unclassified_Clostridia_UCG-014|s__unclassified_Clostridia_UCG-014	0.000275159936713215	0.000481529889248125	0	0.000321019926165417	0.000435669899795923	0.000389809910343721	0	0	0	0	0	0	0	0	0	4.58599894522024e-05	0	0	0	0	0	0	0	0	0	0	0	2.29299947261012e-05	0	0	0	0	0	0	0	0
k__Bacteria|p__Bacillota|c__Clostridia|o__Oscillospirales|f__Ruminococcaceae|g__Pygmaiobacter|s__unclassified_Pygmaiobacter	0.000160509963082709	0.000343949920891518	0.000252229941987113	0.000412739905069822	0.000458599894522024	0.000366879915617619	0	0	0	0	0	0	0	0	0	0	0	0	0	0	0	0	0	0	0	0	0	0	0	0	0	0	0	0	0	0
k__Bacteria|p__Bacillota|c__Clostridia|o__Oscillospirales|f__Butyricicoccaceae|g__UCG-009|s__unclassified_UCG-009	0	0	0	0	0	0	0	0	0	0	0	0	0	0	0	0	0	0	0	0	0	0	0	0	0	0	0	0	0	0	0.000366879915617619	0.000206369952534911	0.000321019926165417	0.000550319873426429	0.000343949920891518	0.000206369952534911
k__Bacteria|p__Bacillota|c__Clostridia|o__Lachnospirales|f__Lachnospiraceae	0	0	0	0	0	0	0	0	0	0	0	0	0.000137579968356607	0.000321019926165417	0.000366879915617619	0.000114649973630506	0	0.000366879915617619	0	0	0.000298089931439316	0	0	0	0	0	0	0	0	0	0.000114649973630506	9.17199789044048e-05	0	9.17199789044048e-05	0.000160509963082709	0.000137579968356607
k__Bacteria|p__Bacillota|c__Clostridia|o__Lachnospirales|f__Lachnospiraceae|g__Enterocloster	0	0	0	0	0	0	0	0	0	0	0	0	9.17199789044048e-05	0	0	0	0	0	0	0	0	0	0	0.000114649973630506	0.000275159936713215	0.000458599894522024	0.00057324986815253	0.00057324986815253	0.000321019926165417	0.000458599894522024	0	0	0	0	0	0
k__Bacteria|p__Bacillota|c__Clostridia|o__Lachnospirales|f__Lachnospiraceae	0	0	0	0	0	0	0	0	0	0	0	0	0	0	0.000275159936713215	0	0	0.000137579968356607	0	0	0	0	0	0	0.000366879915617619	0	0.000389809910343721	0.000343949920891518	0.00075668982596134	0.000642039852330834	0	0	0	0	0	0
k__Bacteria|p__Bacillota|c__Clostridia|o__Lachnospirales|f__Lachnospiraceae	6.87899841783036e-05	6.87899841783036e-05	0	0	0	0	0	0.000321019926165417	0.000412739905069822	0	0.000229299947261012	0.000321019926165417	0	0.000229299947261012	0	0.000229299947261012	0	0	0	0	0	0	0	0	0	0	0	0	0	0	0.000206369952534911	0	0	0	0	0
k__Bacteria|p__Actinomycetota|c__Coriobacteriia|o__Coriobacteriales|f__Eggerthellaceae|g__Adlercreutzia|s__unclassified_Adlercreutzia	9.17199789044048e-05	0.000389809910343721	0.000160509963082709	0.00057324986815253	0.000137579968356607	0.000206369952534911	0	0	0	0	0	0	0	0	0	0	0	0	0	0	0	0	0	0	6.87899841783036e-05	0.000114649973630506	4.58599894522024e-05	0.000114649973630506	9.17199789044048e-05	0.000114649973630506	0	0	0	0	0	0
k__Bacteria|p__Bacillota|c__Clostridia|o__Lachnospirales|f__Lachnospiraceae|g__Acetatifactor|s__unclassified_Acetatifactor	0.000412739905069822	9.17199789044048e-05	0.000160509963082709	0	0	0.000229299947261012	0	0	0	0	0	0	0	0	0	0	0	0	0	0	0.000137579968356607	9.17199789044048e-05	0	0	0	0	0.000435669899795923	0.000298089931439316	0.000458599894522024	0	0	0	0	0	0	0
k__Bacteria|p__Bacteroidota|c__Bacteroidia|o__Bacteroidales|f__Bacteroidaceae|g__Bacteroides	0	0	0	0	0	0	0	0	0	0	0	0	0	0	0	0	0	0	0.00018343995780881	0.000435669899795923	0.000298089931439316	0.000343949920891518	0.000412739905069822	0.000114649973630506	0	0	0	0	0	0	0	0	0	0	0	0
k__Bacteria|p__Bacteroidota|c__Bacteroidia|o__Bacteroidales|f__Muribaculaceae|g__Muribaculum	0	0	0	0	0	0	0	0	0	0	0	0	0	0	0	0	0.00116942973103116	0	0	0.00075668982596134	0	0	0	0	0	0	0	0	0	0	0	0	0	0	0	0
k__Bacteria|p__Bacillota|c__Clostridia|o__Lachnospirales|f__Lachnospiraceae	0	0	0	0	0	0	0	0	0	0	0	0	0	0	0	0	0	0	0	0	0	0	0	0	0	0	0	0	0	0	0.000435669899795923	0.000435669899795923	0.000229299947261012	0.000366879915617619	0.000229299947261012	0.000206369952534911
k__Bacteria|p__Bacillota|c__Bacilli|o__Erysipelotrichales|f__Erysipelotrichaceae|g__Holdemania|s__unclassified_Holdemania	0	0	0	0	0	0	0	0	0	0	0	0	0	0	0	0	0	0	9.17199789044048e-05	9.17199789044048e-05	0.000206369952534911	0.000252229941987113	0.000275159936713215	0.00018343995780881	0.00018343995780881	0.000343949920891518	6.87899841783036e-05	0.000160509963082709	6.87899841783036e-05	0.00018343995780881	0	0	0	0	0	0
k__Bacteria|p__Verrucomicrobiota|c__Verrucomicrobiia|o__Verrucomicrobiales|f__Akkermansiaceae|g__Akkermansia	0	0	0	0	0	0	0	0	0	0	0	0	0	0	0	0	0	0	0	0	0	0	0	0.00169681960973149	0	0	0	0	0	0	0	0	0	0	0	0
k__Bacteria|p__Bacillota|c__Bacilli|o__RF39|f__unclassified_RF39|g__unclassified_RF39|s__unclassified_RF39	0.000229299947261012	0.000229299947261012	4.58599894522024e-05	0.000412739905069822	0.000481529889248125	0.000435669899795923	0	0	0	0	0	0	0	0	0	0	0	0	0	0	0	0	0	0	0	0	0	0	0	0	0	0	0	0	0	0
k__Bacteria|p__Bacillota|c__Clostridia|o__Lachnospirales|f__Lachnospiraceae|g__Roseburia|s__Eubacterium_sp._14-2	0	0.000137579968356607	0	2.29299947261012e-05	0	9.17199789044048e-05	0	0	0	0	0	0	0.000137579968356607	0.00018343995780881	0.000275159936713215	0.000298089931439316	6.87899841783036e-05	0.000137579968356607	0	0	0	0	0	0	0	0	0	0	0	0	0.000160509963082709	0.000114649973630506	9.17199789044048e-05	0.000137579968356607	4.58599894522024e-05	6.87899841783036e-05
k__Bacteria|p__Bacillota|c__Clostridia|o__Oscillospirales|f__Ruminococcaceae|g__Acutalibacter|s__unclassified_Acutalibacter	0.000114649973630506	0.000206369952534911	9.17199789044048e-05	0.000366879915617619	0.000412739905069822	0.000206369952534911	0	0	0	0	0	0	0	0	0.000114649973630506	0	0	0	0	0	0	0	0	0	0.000114649973630506	6.87899841783036e-05	0	0	9.17199789044048e-05	0.000137579968356607	9.17199789044048e-05	0	0	0	0	0
k__Bacteria|p__Bacillota|c__Clostridia|o__Lachnospirales|f__Lachnospiraceae	0	0	0	0	0	0	0	0	0	0	0	0	0	0	0	0.000321019926165417	0	0	0	0.00018343995780881	0	0	0	0	0.000343949920891518	0.000275159936713215	0.000206369952534911	0.000298089931439316	0.000389809910343721	0.000412739905069822	0	0	0	0	0	0
k__Bacteria|p__Bacillota|c__Bacilli|o__Erysipelotrichales|f__Erysipelotrichaceae|g__unclassified_Erysipelotrichaceae|s__unclassified_Erysipelotrichaceae	0.000343949920891518	0.00018343995780881	0.000252229941987113	0.000298089931439316	0.000275159936713215	0.000343949920891518	0	0	0	0	0	0	0	0	0	0	0	0	0	0	0	0	0	0	0	4.58599894522024e-05	9.17199789044048e-05	0	0	6.87899841783036e-05	0	0	0	0	0	0
k__Bacteria|p__Patescibacteria|c__Saccharimonadia|o__Saccharimonadales|f__Saccharimonadaceae|g__Candidatus_Saccharimonas|s__unclassified_Candidatus_Saccharimonas	0.000252229941987113	0.000458599894522024	0.00057324986815253	0.000206369952534911	0.00018343995780881	0.000298089931439316	0	0	0	0	0	0	0	0	0	0	0	0	0	0	0	0	0	0	0	0	0	0	0	0	0	0	0	0	0	0
k__Bacteria|p__Bacillota|c__Clostridia|o__Lachnospirales|f__Lachnospiraceae	0	0	0	0	0	0	0	0	0	0	0	0	0	0.000275159936713215	0.000321019926165417	0.000366879915617619	0.000343949920891518	0.000435669899795923	0	0	0	0	0	0	0.000298089931439316	0	0	0	0	0	0	0	0	0	0	0
k__Bacteria|p__Bacteroidota|c__Bacteroidia|o__Bacteroidales|f__Muribaculaceae|g__unclassified_Muribaculaceae|s__unclassified_Muribaculaceae	0.000389809910343721	0	0.000733759831235239	0.000275159936713215	0.000252229941987113	0.000275159936713215	0	0	0	0	0	0	0	0	0	0	0	0	0	0	0	0	0	0	0	0	0	0	0	0	0	0	0	0	0	0
k__Bacteria|p__Pseudomonadota|c__Gammaproteobacteria|o__Burkholderiales|f__Sutterellaceae|g__Parasutterella|s__unclassified_Parasutterella	0	0	0	0	0	0	0.000160509963082709	2.29299947261012e-05	0	0.000160509963082709	0.000114649973630506	0.000298089931439316	0.00018343995780881	0.000206369952534911	0.00018343995780881	0.00018343995780881	0.000206369952534911	0.000298089931439316	0	0	0	0	0	0	0	0	0	0	0	0	0	0	0	0	0	0
k__Bacteria|p__Bacteroidota|c__Bacteroidia|o__Bacteroidales|f__Muribaculaceae|g__unclassified_Muribaculaceae|s__unclassified_Muribaculaceae	0	0	0	0	0	0	0	0	0	0	0	0	0	0	0	0	0	0	0	0	0	0.000321019926165417	0	0	0	0.000550319873426429	0	0.000550319873426429	0.000664969847056935	0	0	0	0	0	0	0
k__Bacteria|p__Bacillota|c__Clostridia|o__Oscillospirales|f__Ruminococcaceae|g__Acutalibacter	0	0	0	0	6.87899841783036e-05	0	0	0.000206369952534911	0	0	0.000275159936713215	0.000366879915617619	0	0	0	0	0	0	0	0	0	0	0	0	0.000527389878700328	0	0	0.000229299947261012	0.000321019926165417	0	0	0	0	0	0	0
k__Bacteria|p__Bacteroidota|c__Bacteroidia|o__Bacteroidales|f__Muribaculaceae|g__unclassified_Muribaculaceae|s__unclassified_Muribaculaceae	0	0	0	0	0	0	0	0	0	0	0	0	0	0	0	0	0	0	0	0	0	0	0	0	0	0	0	0	0	0	0	0.000642039852330834	0.000458599894522024	0	0.000619109857604733	0.000527389878700328
k__Bacteria|p__Bacillota|c__Clostridia|o__Oscillospirales|f__Ruminococcaceae|g__Harryflintia|s__unclassified_Harryflintia	0.000206369952534911	0.000252229941987113	6.87899841783036e-05	0.000275159936713215	0.000298089931439316	0.000252229941987113	0	0	0	0	0	0	0	0	0	0	0	0	0	0	0	0	0	0	0	0	0	0	0	0	9.17199789044048e-05	9.17199789044048e-05	4.58599894522024e-05	6.87899841783036e-05	0	6.87899841783036e-05
k__Bacteria|p__Bacillota|c__Clostridia|o__Oscillospirales|f__Oscillospiraceae	0.000206369952534911	0.00018343995780881	0.000435669899795923	0.000298089931439316	0.000321019926165417	0.000321019926165417	0	0	0	0	0	0	0	0	0	0	0	0	0	0	0	0	0	0	0	0	0	0	0	0	0	0	0	0	0	0
k__Bacteria|p__Bacillota|c__Clostridia|o__Lachnospirales|f__Lachnospiraceae	0.000114649973630506	0.000114649973630506	0.000137579968356607	0.000160509963082709	0.000114649973630506	4.58599894522024e-05	0.000137579968356607	6.87899841783036e-05	0	4.58599894522024e-05	0	6.87899841783036e-05	0.000137579968356607	9.17199789044048e-05	0.00018343995780881	9.17199789044048e-05	0.000160509963082709	0.000114649973630506	0	4.58599894522024e-05	0	0	0	0	0	0	0	2.29299947261012e-05	0	0.00018343995780881	0	0	0	0	0	0
k__Bacteria|p__Bacillota|c__Bacilli|o__Lactobacillales|f__Lactobacillaceae|g__Ligilactobacillus	0	0	0	0	0	0	0	0	0	0	0	0	0	0	0	0	0	0	0	0	0	0	0	0	0	0	0	0	0	0	0.000435669899795923	0	0	0.000642039852330834	0.000366879915617619	0
k__Bacteria|p__Bacillota|c__Bacilli	0	0	0	0	0	0	0	0	0	0	0	0	0.000458599894522024	0.000252229941987113	9.17199789044048e-05	0.000550319873426429	0.000252229941987113	0.000458599894522024	0	0	0	0	0	0	0	0	0	0	0	0	0	0	0	0	0	0
k__Bacteria|p__Bacillota|c__Clostridia|o__Oscillospirales|f__Oscillospiraceae|g__Intestinimonas	4.58599894522024e-05	0	0.000114649973630506	0	0.000114649973630506	0	0	0	0	0	0	0	0	0	0	4.58599894522024e-05	0	6.87899841783036e-05	0.000160509963082709	0.000160509963082709	0.000206369952534911	0.000229299947261012	0.000412739905069822	0.000137579968356607	0	0	0	0	0	0	0	0	0	0	0	0
k__Bacteria|p__Cyanobacteriota|c__Vampirivibrionia|o__Gastranaerophilales|f__Gastranaerophilaceae|g__Zag_111|s__unclassified_Zag_111	0	0	0	0	0	0	0	0	0	0	0	0	0	0	0	0	0	0	4.58599894522024e-05	0.000229299947261012	4.58599894522024e-05	0.000229299947261012	0.000137579968356607	0.000206369952534911	0.000206369952534911	0.000550319873426429	0.000206369952534911	0	0.000206369952534911	0	0	0	0	0	0	0
k__Bacteria|p__Bacillota|c__Clostridia|o__Lachnospirales|f__Lachnospiraceae|g__ASF356|s__unclassified_ASF356	0	0	0	0	0	0	0	0	0	0	0	0	0	0	0	0	0	0	0	0.000252229941987113	0.00018343995780881	0.00018343995780881	0.000137579968356607	0	0.000137579968356607	0.000321019926165417	0.000412739905069822	6.87899841783036e-05	0.00018343995780881	0.000321019926165417	0	0	0	0	0	0
k__Bacteria|p__Bacillota|c__Clostridia	0.000298089931439316	0.000298089931439316	0.000160509963082709	0.000389809910343721	0.00018343995780881	0.000389809910343721	0	0	0	0	0	0	0	0	0	0	0	0	0	0	0	0	0	0	0	0	0	0	0	0	0	0	0	0	0	0
k__Bacteria|p__Bacillota|c__Clostridia|o__Lachnospirales|f__Lachnospiraceae	0	0	4.58599894522024e-05	9.17199789044048e-05	4.58599894522024e-05	9.17199789044048e-05	4.58599894522024e-05	9.17199789044048e-05	0	0	6.87899841783036e-05	0.000114649973630506	9.17199789044048e-05	0.00018343995780881	0.000114649973630506	0.000160509963082709	0.000343949920891518	0.000252229941987113	0	0	0	0	0	2.29299947261012e-05	0	0	0	0	0	0	0	0	0	0	0	0
k__Bacteria|p__Verrucomicrobiota|c__Verrucomicrobiia|o__Verrucomicrobiales|f__Akkermansiaceae|g__Akkermansia|s__unclassified_Akkermansia	0	0	0	0	0	0	0	0	0	0	0	0	0	0	0	0	0	0	0	0	0	0	0	0	0	0	0	0	0	0	0.00116942973103116	0	0	0	0	0
k__Bacteria|p__Bacillota|c__Clostridia|o__Lachnospirales|f__Defluviitaleaceae|g__Defluviitaleaceae_UCG-011|s__unclassified_Defluviitaleaceae_UCG-011	0.000389809910343721	0.000298089931439316	6.87899841783036e-05	0.000206369952534911	0.000298089931439316	0.000343949920891518	0	0	0	0	0	0	0	0	0	0	0	0	2.29299947261012e-05	0	0	0	0	0	0	0	0	0	0	0	0	0	0	0	0	0
k__Bacteria|p__Bacillota|c__Clostridia|o__Lachnospirales|f__Lachnospiraceae	9.17199789044048e-05	0.000114649973630506	4.58599894522024e-05	9.17199789044048e-05	4.58599894522024e-05	0	0	0	0	0	0	0	4.58599894522024e-05	0.000229299947261012	6.87899841783036e-05	6.87899841783036e-05	6.87899841783036e-05	6.87899841783036e-05	0	6.87899841783036e-05	0.000137579968356607	6.87899841783036e-05	6.87899841783036e-05	0	0	0	0	0	0	0	4.58599894522024e-05	0	0.000137579968356607	2.29299947261012e-05	6.87899841783036e-05	6.87899841783036e-05
k__Bacteria|p__Verrucomicrobiota|c__Verrucomicrobiia|o__Verrucomicrobiales|f__Akkermansiaceae|g__Akkermansia	0	0	0	0	0	0	0	0	0	0	0	0	0	0	0	0	0	0	0	0	0	0	0	0	0	0	0	0	0	0	0	0	0	0	0.0018343995780881	0
k__Bacteria|p__Bacillota|c__Clostridia|o__Clostridia_vadinBB60_group|f__unclassified_Clostridia_vadinBB60_group|g__unclassified_Clostridia_vadinBB60_group|s__unclassified_Clostridia_vadinBB60_group	0	0	0	9.17199789044048e-05	0	0	0	0	0	0	0	0	0	0	0	6.87899841783036e-05	9.17199789044048e-05	0	0	0.000298089931439316	0.000504459883974227	0.000229299947261012	0.000275159936713215	9.17199789044048e-05	0	0	0	0	0	0	0	0	0	0	0	0
k__Bacteria|p__Bacillota|c__Clostridia|o__Oscillospirales|f__Oscillospiraceae	0	0	0	0	0	0	0	0	0	0	0	0	0	0	0	0	0	0	6.87899841783036e-05	0.000298089931439316	0.000343949920891518	0.000137579968356607	0.000435669899795923	0.000229299947261012	0	0	0	0	0	0	0	0	0	0	0	0
k__Bacteria|p__Bacillota|c__Clostridia|o__Lachnospirales|f__Lachnospiraceae|g__Roseburia	0	2.29299947261012e-05	0	0	0	0	0	0	0	0	0	0	0	0	0	0	0	0	9.17199789044048e-05	6.87899841783036e-05	0.000160509963082709	9.17199789044048e-05	6.87899841783036e-05	0.000114649973630506	0.000137579968356607	0.000160509963082709	0.00018343995780881	0.00018343995780881	0.000412739905069822	0.000389809910343721	0	0	0	0	0	0
k__Bacteria|p__Verrucomicrobiota|c__Verrucomicrobiia|o__Verrucomicrobiales|f__Akkermansiaceae|g__Akkermansia	0	0	0	0	0	0	0	0	0	0	0	0	0	0	0	0	0	0	0	0	0	0	0.000481529889248125	0	0	0	0	0	0	0	0.000412739905069822	0.000825479810139644	0	0	0	0
k__Bacteria|p__Bacillota|c__Bacilli|o__RF39|f__unclassified_RF39|g__unclassified_RF39|s__unclassified_RF39	0	0	0	0	0	0	0	0	0	0	0	0	0.000504459883974227	0.000206369952534911	0.000275159936713215	0.000206369952534911	0.000275159936713215	0.000412739905069822	0	0	0	0	0	0	0	0	0	0	0	0	0	0	0	0	0	0
k__Bacteria|p__Pseudomonadota|c__Alphaproteobacteria|o__Rhodospirillales|f__unclassified_Rhodospirillales|g__unclassified_Rhodospirillales|s__unclassified_Rhodospirillales	0	0	0	0	0	0	0	0	0	0	4.58599894522024e-05	9.17199789044048e-05	0	0	0	0	0	0	0	0	0	0	0	0	0	0	0	0	0	0	0.000321019926165417	0.000206369952534911	0.000343949920891518	0.000137579968356607	9.17199789044048e-05	0.000343949920891518
k__Bacteria|p__Bacillota|c__Clostridia|o__Oscillospirales|f__Ruminococcaceae	0	0.000275159936713215	0	0.000366879915617619	0.000252229941987113	0.000252229941987113	0	0	0	0	0.000114649973630506	0	0.000298089931439316	0	0	0	0	0	0	0	0	0	0	0	0	6.87899841783036e-05	0	0	0	0	0	0	0	0	0	0
k__Bacteria|p__Thermodesulfobacteriota|c__Desulfovibrionia|o__Desulfovibrionales|f__Desulfovibrionaceae|g__unclassified_Desulfovibrionaceae|s__unclassified_Desulfovibrionaceae	0	4.58599894522024e-05	0	0	9.17199789044048e-05	2.29299947261012e-05	0	0	0	0	0	0	0	0	0	0.000114649973630506	6.87899841783036e-05	0.000114649973630506	0	0	0	0	0	0	4.58599894522024e-05	0.000114649973630506	0.000114649973630506	6.87899841783036e-05	0	0.00018343995780881	0.000160509963082709	0	0.000137579968356607	0.00018343995780881	0.000114649973630506	0.000160509963082709
k__Bacteria|p__Bacillota|c__Clostridia|o__Lachnospirales|f__Lachnospiraceae|g__Enterocloster	0	0	0	0	0	0	6.87899841783036e-05	0	0	0	0	0	0	0	0	0	0	0	2.29299947261012e-05	9.17199789044048e-05	0	0.000114649973630506	2.29299947261012e-05	0	0.000275159936713215	0.000229299947261012	0.000458599894522024	0.000160509963082709	0.000252229941987113	0.000389809910343721	0	0	0	0	6.87899841783036e-05	0
k__Bacteria|p__Thermodesulfobacteriota|c__Desulfovibrionia|o__Desulfovibrionales|f__Desulfovibrionaceae|g__unclassified_Desulfovibrionaceae|s__unclassified_Desulfovibrionaceae	0	0	0	0	0	0	0	0	0	0	0	0	0	0	0	0	0	0	0.000366879915617619	0	0.00057324986815253	0.000275159936713215	0	0.000252229941987113	0	0	0	0	0	0	0	0	0	0	0	0
k__Bacteria|p__Bacillota|c__Clostridia|o__Peptococcales|f__Peptococcaceae|g__unclassified_Peptococcaceae|s__unclassified_Peptococcaceae	0.000229299947261012	0.000137579968356607	0.000275159936713215	0.000275159936713215	0.000229299947261012	0.000389809910343721	0	0	0	0	0	0	0	0	0	0	0	0	0	0	0	0	0	0	0	0	0	0	0	0	0	0	0	0	0	0
k__Bacteria|p__Bacteroidota|c__Bacteroidia|o__Bacteroidales|f__Muribaculaceae|g__Muribaculum|s__unclassified_Muribaculum	0	0	0	0	0	0	0	0	0	0	0	0	0	0	0	0	0	0	0	0	0	0	0	0	0	0	0	0	0	0.00318726926692807	0	0	0	0	0	0
k__Bacteria|p__Bacillota|c__Clostridia|o__Clostridia_UCG-014|f__unclassified_Clostridia_UCG-014|g__unclassified_Clostridia_UCG-014|s__unclassified_Clostridia_UCG-014	0	0	0	2.29299947261012e-05	6.87899841783036e-05	4.58599894522024e-05	0.000229299947261012	0.000229299947261012	0.000229299947261012	0.000252229941987113	0.000275159936713215	0.000321019926165417	0	0	0	0	0	0	0	0	0	0	0	0	0	0	0	0	0	0	0	0	0	0	0	0
k__Bacteria|p__Bacillota|c__Clostridia|o__Lachnospirales|f__Lachnospiraceae	0	0	0	0	0	0	0	0	0	0	0	0	0	0	0	0	0	0	0	0	0.000137579968356607	0	0.000137579968356607	0	0.000366879915617619	0	0.000458599894522024	0	0.000550319873426429	0.000619109857604733	0	0	0	0	0	0
k__Bacteria|p__Bacillota|c__Clostridia|o__Lachnospirales|f__Lachnospiraceae	0	9.17199789044048e-05	0	0	6.87899841783036e-05	0	0	4.58599894522024e-05	0	0	0	0	0	0	0	0	0.000252229941987113	0	0.00018343995780881	0.000206369952534911	0	0	0.00018343995780881	0	0.000160509963082709	6.87899841783036e-05	0.000137579968356607	0.000114649973630506	0	0	0	0	0	0	0	0
k__Bacteria|p__Bacillota|c__Clostridia|o__Monoglobales|f__Monoglobaceae|g__Monoglobus	0.000275159936713215	0.000137579968356607	0.000275159936713215	0.00018343995780881	0.000229299947261012	0.000298089931439316	0	0	0	0	0	0	0	0	0	0	0	0	0	0	0	0	0	0	0	0	0	0	0	0	0	0	0	4.58599894522024e-05	0	0
k__Bacteria|p__Bacillota|c__Clostridia|o__Lachnospirales|f__Lachnospiraceae	6.87899841783036e-05	0	0	0	0	0	0	0	0	0	0	0	0.000252229941987113	0.000298089931439316	9.17199789044048e-05	0.000252229941987113	0.00018343995780881	0.000343949920891518	0	0.000114649973630506	0	0	0	0	0	4.58599894522024e-05	0	0	0	0	0	0	0	0	0	0
k__Bacteria|p__Bacillota|c__Clostridia|o__Peptococcales|f__Peptococcaceae|g__unclassified_Peptococcaceae|s__unclassified_Peptococcaceae	0	0	0	0	0	0	0	0	0	0	0	0	0	0	0	0	0	0	0	0	0	0	0	0	0.000275159936713215	0.000412739905069822	0.000206369952534911	0.000229299947261012	0.000389809910343721	0.00057324986815253	0	0	0	0	0	0
k__Bacteria|p__Bacillota|c__Clostridia|o__Oscillospirales|f__Oscillospiraceae|g__Oscillibacter	0	0	0	0	0	0	0	0	0.000321019926165417	0	0	0	0.000458599894522024	0.000275159936713215	0.000435669899795923	0.000298089931439316	0	0	0	0	0	0	0	0	0	0	0	0	0	0	0	0	0	0	0	0
k__Bacteria|p__Bacillota|c__Clostridia|o__Lachnospirales|f__Lachnospiraceae	9.17199789044048e-05	6.87899841783036e-05	9.17199789044048e-05	6.87899841783036e-05	0.000137579968356607	6.87899841783036e-05	0	0	0	0	0	0	0	0	0	0	0	0	0	0	0	0	0	0	0	0	0	0	0	0	6.87899841783036e-05	0.000229299947261012	0.000114649973630506	0.000137579968356607	0.000160509963082709	0.000160509963082709
k__Bacteria|p__Bacillota|c__Clostridia|o__Oscillospirales|f__Butyricicoccaceae	0.00018343995780881	0	0	0.000160509963082709	0.000160509963082709	0.000321019926165417	0	0	0	0.000114649973630506	0.000137579968356607	0.000412739905069822	0	0	0	0	0	0	0	0	0	0	0	0	0	0	0	0	0	0	0	0	0	0	0	0
k__Bacteria|p__Bacillota|c__Clostridia|o__Lachnospirales|f__Lachnospiraceae	0	0	0	0	0	0.000435669899795923	0.000160509963082709	0.000114649973630506	0	0	0.000160509963082709	0.000206369952534911	0.000137579968356607	0	9.17199789044048e-05	9.17199789044048e-05	0	2.29299947261012e-05	0	0	0	0	0	0	0	4.58599894522024e-05	0	0	0	0	0	0	0	0	0	0
k__Bacteria|p__Bacillota|c__Clostridia|o__Oscillospirales|f__UCG-010|g__unclassified_UCG-010|s__unclassified_UCG-010	0.000298089931439316	0.000160509963082709	9.17199789044048e-05	0.000275159936713215	0.000366879915617619	0.000206369952534911	0	0	0	0	0	0	0	0	0	0	0	0	0	0	0	0	0	0	0	0	0	0	0	0	0	0	0	0	0	0
k__Bacteria|p__Bacillota|c__Bacilli|o__Lactobacillales|f__Streptococcaceae|g__Streptococcus|s__Streptococcus_danieliae	2.29299947261012e-05	4.58599894522024e-05	0	0	9.17199789044048e-05	6.87899841783036e-05	0	9.17199789044048e-05	0.000114649973630506	9.17199789044048e-05	0.000114649973630506	0.000114649973630506	6.87899841783036e-05	0	0	9.17199789044048e-05	6.87899841783036e-05	2.29299947261012e-05	6.87899841783036e-05	6.87899841783036e-05	0	6.87899841783036e-05	0	4.58599894522024e-05	0	0	0	2.29299947261012e-05	0	0	6.87899841783036e-05	0	0	9.17199789044048e-05	0	0
k__Bacteria|p__Bacillota|c__Clostridia|o__Oscillospirales|f__UCG-010|g__unclassified_UCG-010|s__unclassified_UCG-010	0.000252229941987113	0.000229299947261012	0.000114649973630506	0.000321019926165417	0.000275159936713215	0.000160509963082709	0	0	0	0	0	0	0	0	0	0	0	0	0	2.29299947261012e-05	0	0	0	0	0	0	0	0	0	0	0	0	0	0	0	0
k__Bacteria|p__Bacillota|c__Clostridia|o__Clostridia_UCG-014|f__unclassified_Clostridia_UCG-014|g__unclassified_Clostridia_UCG-014|s__unclassified_Clostridia_UCG-014	0.000275159936713215	0.000229299947261012	0.000137579968356607	0.000206369952534911	0.000343949920891518	0.000206369952534911	0	0	0	0	0	0	0	0	0	0	0	0	0	0	0	0	0	0	0	0	0	0	0	0	0	0	0	0	0	0
k__Bacteria|p__Bacillota|c__Clostridia|o__Lachnospirales|f__Lachnospiraceae|g__GCA-900066575|s__unclassified_GCA-900066575	9.17199789044048e-05	6.87899841783036e-05	0.000252229941987113	0.000114649973630506	0.000114649973630506	0.000137579968356607	0	0	0	0	0	0	0.000137579968356607	0.000137579968356607	0.000114649973630506	0	0.000114649973630506	9.17199789044048e-05	0	0	0	0	0	0	0	0	0	0	0	0	4.58599894522024e-05	0	0	6.87899841783036e-05	0	0
k__Bacteria|p__Bacteroidota|c__Bacteroidia|o__Bacteroidales|f__Muribaculaceae|g__unclassified_Muribaculaceae|s__unclassified_Muribaculaceae	0.000206369952534911	0	0	0.000252229941987113	0	0	0	0.000321019926165417	0	0	0	0.000252229941987113	0	0	0	0	0	0	0.000389809910343721	0	0	0	0	0	0	0	0	0	0	0	0	0	0	0	0	0
k__Bacteria|p__Bacteroidota|c__Bacteroidia|o__Bacteroidales|f__Prevotellaceae	0	0	0	0	0.000229299947261012	0	0	0	0	0	0	0	0	0	0	0	0	4.58599894522024e-05	0	0.000321019926165417	0.000137579968356607	0.000252229941987113	0.000252229941987113	0	0	9.17199789044048e-05	0	0	0	0	0	0	0	0	0	0
k__Bacteria|p__Bacillota|c__Clostridia|o__Lachnospirales|f__Lachnospiraceae	0	0.00018343995780881	0.000504459883974227	0.000275159936713215	0.00018343995780881	0.000298089931439316	0	0	0	0	0	0	0	0	0	0	0	0	0	0	0	0	0	0	0	0	0	0	0	0	0	0	0	0	0	0
k__Bacteria|p__Bacillota|c__Clostridia|o__Lachnospirales|f__Lachnospiraceae	9.17199789044048e-05	0	0	0	0	0.000114649973630506	0	0	0	0	0	0	0	0	0	0	0	0	0	0	0	9.17199789044048e-05	0	0	0	0	0	0	0	0	0.000275159936713215	0.000160509963082709	0.000160509963082709	0.000160509963082709	0.000137579968356607	0.000160509963082709
k__Bacteria|p__Bacillota|c__Clostridia|o__Oscillospirales|f__Oscillospiraceae|g__Oscillibacter	0	0	0	0	0	0	0	0	0	0	0	0	0	0	0	0	0	0	0	0	0	0	0	0	0.00018343995780881	0	0	0.000160509963082709	0	0	0.000321019926165417	0	0	0.000366879915617619	9.17199789044048e-05	0.000160509963082709
k__Bacteria|p__Bacillota|c__Clostridia|o__Lachnospirales|f__Lachnospiraceae|g__Faecalicatena	0	0	0	0	0	0	0	0.000114649973630506	0	6.87899841783036e-05	4.58599894522024e-05	0	0	0	0	4.58599894522024e-05	0	2.29299947261012e-05	9.17199789044048e-05	9.17199789044048e-05	0.000114649973630506	4.58599894522024e-05	4.58599894522024e-05	9.17199789044048e-05	6.87899841783036e-05	9.17199789044048e-05	0.000114649973630506	0.000137579968356607	0.000114649973630506	0.000160509963082709	2.29299947261012e-05	0	0	4.58599894522024e-05	0	0
k__Bacteria|p__Actinomycetota|c__Coriobacteriia|o__Coriobacteriales|f__Eggerthellaceae|g__Adlercreutzia|s__unclassified_Adlercreutzia	9.17199789044048e-05	0.000137579968356607	0.000137579968356607	0.000275159936713215	0.000275159936713215	0.000298089931439316	0	0	0	0	0	0	0	0	0	0	0	0	0	0	0	0	0	0	0	0	0	0	0	0	0	0	0	0	2.29299947261012e-05	4.58599894522024e-05
k__Bacteria|p__Bacillota|c__Clostridia|o__Lachnospirales|f__Lachnospiraceae|g__Lachnoclostridium	0	0	0	0	0	0	0	0	0	0	0	0	0	0	0	0	0	0	0	0	0	0	0	0	0	0	0	0	0	0	0.000435669899795923	0	0.000321019926165417	0.000435669899795923	0	0
k__Bacteria|p__Bacillota|c__Clostridia|o__Lachnospirales|f__Lachnospiraceae|g__unclassified_Lachnospiraceae	0	0	0	0	0	0	0	0	0	0	0	0	0.000252229941987113	0.000206369952534911	0.000298089931439316	0.000206369952534911	0.000275159936713215	0.000298089931439316	0	0	0	0	0	0	0	0	0	0	0	0	0	0	0	0	0	0
k__Bacteria|p__Bacillota|c__Clostridia|o__Oscillospirales|f__Ruminococcaceae|g__Candidatus_Soleaferrea|s__unclassified_Candidatus_Soleaferrea	0	0	0	0	0	0.000229299947261012	0	6.87899841783036e-05	0	0	0	0	0	0	0	0	0.000252229941987113	0	0	0	0.000343949920891518	0.000275159936713215	0	0	0	9.17199789044048e-05	0	0	0	0	0	0	0	0	0	0
k__Bacteria|p__Bacillota|c__Clostridia|o__Lachnospirales|f__Lachnospiraceae	0	0.000160509963082709	0.000298089931439316	0.000343949920891518	0.000321019926165417	0	9.17199789044048e-05	0	4.58599894522024e-05	0	0	0	0	0	0	0	0	0	0	6.87899841783036e-05	0	0	0	0	0	0	0	0	0	0	0	0	0	0	0	0
k__Bacteria|p__Bacillota|c__Clostridia|o__Oscillospirales|f__Oscillospiraceae	0	0	0	0	0	0	0	0	0	0	0	0	0	0	0	0	0	0	0	0	0	0	0	0	9.17199789044048e-05	0	0	0.000252229941987113	0.000206369952534911	0	0.000298089931439316	0.000275159936713215	0	0.000275159936713215	0	0
k__Bacteria|p__Bacillota|c__Clostridia|o__Oscillospirales|f__Oscillospiraceae|g__Oscillibacter|s__Clostridiales_bacterium_CIEAF_021	0	0	0	0	0	0	0	0	0	0	0	0	0	0	0	0	0	0	0	0	0.000412739905069822	0.000550319873426429	0.000366879915617619	0	0	0	0	0	0	0	0	0	0	0	0	0
k__Bacteria|p__Bacillota|c__Clostridia|o__Lachnospirales|f__Lachnospiraceae	0.000114649973630506	0	4.58599894522024e-05	9.17199789044048e-05	4.58599894522024e-05	2.29299947261012e-05	0	0	0	0	0	0	0.000206369952534911	2.29299947261012e-05	0.000160509963082709	0.000114649973630506	0.000137579968356607	0.000114649973630506	0	0	0	0	0	0	0	0	0	0	0	0	9.17199789044048e-05	6.87899841783036e-05	0	0	6.87899841783036e-05	2.29299947261012e-05
k__Bacteria|p__Bacteroidota|c__Bacteroidia|o__Bacteroidales|f__Muribaculaceae|g__unclassified_Muribaculaceae|s__unclassified_Muribaculaceae	0	0	0	0	0	0	0.000412739905069822	0	0	0.000366879915617619	0.000481529889248125	0	0	0	0	0	0	0	0	0	0.000160509963082709	0	0	0	0	0	0	0	0	0	0	0	0	0	0	0
k__Bacteria|p__Bacillota|c__Clostridia|o__Peptostreptococcales-Tissierellales|f__Anaerovoracaceae|g__[Eubacterium]_brachy_group|s__unclassified_[Eubacterium]_brachy_group	0	0	0	4.58599894522024e-05	0	0	0	0	0	0	0	0	9.17199789044048e-05	6.87899841783036e-05	0	0.000114649973630506	9.17199789044048e-05	0	0	0	0	0	0	0	0	0	0	0	0	0	0.000252229941987113	0.000114649973630506	0.000206369952534911	0.000206369952534911	0	0.000160509963082709
k__Bacteria|p__Bacillota|c__Clostridia|o__Oscillospirales|f__Ruminococcaceae	0	0	0	6.87899841783036e-05	6.87899841783036e-05	0.00018343995780881	0	0	0	9.17199789044048e-05	0	4.58599894522024e-05	0	0	0	6.87899841783036e-05	0	0	0	0	0	0	0	0	0	0	0	0	0	0	0.000229299947261012	0.000114649973630506	0.000114649973630506	6.87899841783036e-05	0.000160509963082709	0
k__Bacteria|p__Bacillota|c__Bacilli|o__Erysipelotrichales|f__Erysipelatoclostridiaceae|g__Massiliomicrobiota|s__unclassified_Massiliomicrobiota	0	9.17199789044048e-05	0	0	0.000137579968356607	0	0	0	4.58599894522024e-05	0	0	0	6.87899841783036e-05	0	2.29299947261012e-05	0	0	0	0	0	0	0	0	0	0.00018343995780881	0.000160509963082709	0	0	0	0	0.000229299947261012	0	0	0.000298089931439316	0	0
k__Bacteria|p__Bacillota|c__Bacilli	0	0	0	0	0	0	0	0	0	0	0	0	0	0	0	0.000343949920891518	0.000664969847056935	0.000435669899795923	0	0	0	0	0	0	0	0	0	0	0	0	0	0	0	0	0	0
k__Bacteria|p__Bacillota|c__Bacilli|o__Erysipelotrichales|f__Erysipelotrichaceae	4.58599894522024e-05	0.000114649973630506	0.000160509963082709	6.87899841783036e-05	9.17199789044048e-05	9.17199789044048e-05	4.58599894522024e-05	0	6.87899841783036e-05	4.58599894522024e-05	0	0	0	0	0	6.87899841783036e-05	0	6.87899841783036e-05	9.17199789044048e-05	4.58599894522024e-05	0	9.17199789044048e-05	4.58599894522024e-05	0.000137579968356607	0	0	0	0	0	0	0	0	0	0	0	0
k__Bacteria|p__Bacillota|c__Clostridia|o__Lachnospirales|f__Lachnospiraceae	0	0	0	0	0	0	0	0	0	0	0	0	0	0	0	0.000206369952534911	0	0	0	0	0	0	0	0	0.000321019926165417	0.000412739905069822	0.000389809910343721	0.000229299947261012	0	0	0	0	0	0	0	0
k__Bacteria|p__Bacillota|c__Clostridia|o__Clostridia_vadinBB60_group|f__unclassified_Clostridia_vadinBB60_group|g__unclassified_Clostridia_vadinBB60_group|s__unclassified_Clostridia_vadinBB60_group	6.87899841783036e-05	6.87899841783036e-05	0	0	0.000137579968356607	6.87899841783036e-05	0	0	0	0	0	0	0	0.000114649973630506	0	0	0	0	0	0	0	0	0	0	0	0	0	0	0	0	0.000137579968356607	0.000137579968356607	9.17199789044048e-05	0.000229299947261012	6.87899841783036e-05	9.17199789044048e-05
k__Bacteria|p__Patescibacteria|c__Saccharimonadia|o__Saccharimonadales|f__Saccharimonadaceae|g__Candidatus_Saccharimonas|s__unclassified_Candidatus_Saccharimonas	0	0.000733759831235239	0.000596179862878632	0	0	0	0	0	0	0	0	0	0	0	0	0	0	0	0	0	0	0	0	0	0	0	0	0	0	0	0	0	0	0	0	0
k__Bacteria|p__Bacillota|c__Clostridia|o__Oscillospirales|f__Ruminococcaceae	0.000114649973630506	0.000114649973630506	0.000229299947261012	0.000160509963082709	0.000275159936713215	0.000321019926165417	0	0	0	0	0	0	0	0	0	0	0	0	0	0	0	0	0	0	0	0	0	0	0	0	0	0	0	0	0	0
k__Bacteria|p__Bacillota|c__Clostridia|o__Lachnospirales|f__Lachnospiraceae	4.58599894522024e-05	0.000160509963082709	0.000229299947261012	0.00018343995780881	0.00018343995780881	0.000160509963082709	0.000137579968356607	2.29299947261012e-05	0	0	0.000114649973630506	4.58599894522024e-05	0	0	0	0	0	0	0	0	0	0	0	0	0	0	0	0	0	0	0	0	0	0	0	0
k__Bacteria|p__Bacillota|c__Clostridia|o__Lachnospirales|f__Lachnospiraceae|g__Dorea	0	0	0	0	0	0	0.000321019926165417	0.000389809910343721	0.000412739905069822	0	0	0.000252229941987113	0	0	0	0	0	0	0	0	0	0	0	0	0	0	0	0	0	0	0	0	0	0	0	0
k__Bacteria|p__Bacillota|c__Clostridia|o__Oscillospirales|f__Butyricicoccaceae|g__Agathobaculum	4.58599894522024e-05	0	0	0	4.58599894522024e-05	0.000114649973630506	0	0	0	0	0	0	0	0	0	0	0	6.87899841783036e-05	4.58599894522024e-05	9.17199789044048e-05	4.58599894522024e-05	0.000137579968356607	0.000114649973630506	6.87899841783036e-05	0	0	0	0	0	0	9.17199789044048e-05	2.29299947261012e-05	9.17199789044048e-05	6.87899841783036e-05	4.58599894522024e-05	0
k__Bacteria|p__Bacteroidota|c__Bacteroidia|o__Bacteroidales|f__Prevotellaceae|g__Segatella|s__unclassified_Segatella	0.00018343995780881	0.000160509963082709	2.29299947261012e-05	0.000206369952534911	0.000252229941987113	0.000298089931439316	0	0	0	0	0	0	0	0	0	0	0	0	0	0	0	0	0	0	0	0	0	0	0	0	0	0	0	0	0	0
k__Bacteria|p__Bacillota|c__Clostridia|o__Lachnospirales|f__Lachnospiraceae	0	0	0	0	0	0	0	0	0	0	0	0.000137579968356607	0	0	0	0	0	0	0.000160509963082709	0	0.000160509963082709	0.000114649973630506	0.000252229941987113	0.000252229941987113	0	0	0	0	0	0	0	0	0	0	0	0
k__Bacteria|p__Bacillota|c__Clostridia|o__Lachnospirales|f__Lachnospiraceae	0	0	0	0	0	0	0.00018343995780881	0.00018343995780881	9.17199789044048e-05	0.000275159936713215	0.000298089931439316	0.000252229941987113	0	0	0	0	0	0	0	0	0	0	0	0	0	0	0	0	0	0	0	0	0	0	0	0
k__Bacteria|p__Bacteroidota|c__Bacteroidia|o__Bacteroidales|f__Muribaculaceae|g__Muribaculum|s__unclassified_Muribaculum	0	0	0	0	0	0	0	0	0	0	0	0	0	0	0	0.000298089931439316	0.000343949920891518	0.000435669899795923	0	0	0	0	0	0.00018343995780881	0	0	0	0	0	0	0	0	0	0	0	0
k__Bacteria|p__Bacillota|c__Clostridia|o__Oscillospirales|f__Butyricicoccaceae|g__UCG-009|s__unclassified_UCG-009	0.00018343995780881	9.17199789044048e-05	0.000229299947261012	0.000114649973630506	0.000229299947261012	0.000275159936713215	0	0	0	0	0	0	0	0	0	0	0	0	0	0	0	0	0	0	0	0	0	0	0	0	0	0	0	0	0	0
k__Bacteria|p__Bacillota|c__Clostridia|o__Oscillospirales|f__Oscillospiraceae|g__unclassified_Oscillospiraceae	0	0	0	0	0	0	0	0	0	0	0	0	0	0	0	0	0	0	0	0	0	0	0	0	0	0	0	0	0	0	0.000298089931439316	0.000321019926165417	0	0.000321019926165417	0.000137579968356607	0
k__Bacteria|p__Bacillota|c__Clostridia|o__Lachnospirales|f__Lachnospiraceae|g__Lachnoclostridium	0	0	0	0	0	0	0	0	0	0	0	0	0	9.17199789044048e-05	4.58599894522024e-05	9.17199789044048e-05	6.87899841783036e-05	6.87899841783036e-05	2.29299947261012e-05	9.17199789044048e-05	6.87899841783036e-05	0.000114649973630506	4.58599894522024e-05	6.87899841783036e-05	0	0	0	0	0	0	6.87899841783036e-05	0.000206369952534911	0	6.87899841783036e-05	9.17199789044048e-05	0
k__Bacteria|p__Bacillota|c__Clostridia|o__Clostridia_vadinBB60_group|f__unclassified_Clostridia_vadinBB60_group|g__unclassified_Clostridia_vadinBB60_group|s__unclassified_Clostridia_vadinBB60_group	0.000137579968356607	9.17199789044048e-05	6.87899841783036e-05	0.000160509963082709	0.000229299947261012	0.00018343995780881	0	0	0	0	0	0	0	0	0	0	0	0	0	0	0	0	0	0	0	0	0	0	0	0	0.000114649973630506	0	2.29299947261012e-05	0	2.29299947261012e-05	9.17199789044048e-05
k__Bacteria|p__Bacillota|c__Clostridia|o__Lachnospirales|f__Lachnospiraceae	0	0	0	0	0	0	0	0	0	0	0	0	0	0	0	0	0	0	0	0	0	0	0	0	0	0	0	0	0	0	0.000321019926165417	0	0	0.000298089931439316	0.000366879915617619	0
k__Bacteria|p__Bacillota|c__Bacilli|o__RF39|f__unclassified_RF39|g__unclassified_RF39|s__unclassified_RF39	0.000229299947261012	6.87899841783036e-05	0.000137579968356607	0.000160509963082709	0.000252229941987113	0.000206369952534911	0	0	0	0	0	0	0	0	0	0	0	0	0	0	0	0	0	0	0.000114649973630506	2.29299947261012e-05	0	0	0	0	0	0	0	0	0	0
k__Bacteria|p__Verrucomicrobiota|c__Verrucomicrobiia|o__Verrucomicrobiales|f__Akkermansiaceae|g__Akkermansia	0	2.29299947261012e-05	0	0	0	0	0	0	0	0	0	0	0	0	0	0	0	0	0	0	0	0	0	0	0	0.000229299947261012	0.00018343995780881	0.000229299947261012	0.00018343995780881	0	4.58599894522024e-05	0	0.00018343995780881	0	0.000160509963082709	0.000114649973630506
k__Bacteria|p__Bacillota|c__Clostridia|o__Lachnospirales|f__Lachnospiraceae|g__ASF356|s__unclassified_ASF356	0	0	0	0	0	0	0	0	9.17199789044048e-05	9.17199789044048e-05	0	2.29299947261012e-05	0	0.000114649973630506	0.00018343995780881	0.00018343995780881	0.000114649973630506	6.87899841783036e-05	0.000137579968356607	0.000160509963082709	0	0	0	0	0	0	0	0	0	0	0	0	0	0	0	0
k__Bacteria|p__Bacillota|c__Clostridia|o__Lachnospirales|f__Lachnospiraceae	0	0	0	0	0	0	0	0	0	0	0	0	0.000389809910343721	0.000160509963082709	0.000298089931439316	0.000160509963082709	9.17199789044048e-05	0.000321019926165417	0	0	0	0	0	0	0	0	0	0	0	0	0	0	0	0	0	0
k__Bacteria|p__Bacillota|c__Clostridia|o__Clostridia_vadinBB60_group|f__unclassified_Clostridia_vadinBB60_group|g__unclassified_Clostridia_vadinBB60_group|s__unclassified_Clostridia_vadinBB60_group	0.000389809910343721	6.87899841783036e-05	9.17199789044048e-05	0.000275159936713215	0.000160509963082709	6.87899841783036e-05	0	0	0	0	0	0	0	4.58599894522024e-05	0	0	0	0	0	0	0	0	0	0	0	0	0	0	0	0	0	0	0	0	0	0
k__Bacteria|p__Bacillota|c__Clostridia	0.000321019926165417	6.87899841783036e-05	9.17199789044048e-05	0.000137579968356607	0.000229299947261012	0.000229299947261012	0	0	0	0	0	0	0	0	0	0	0	0	0	0	0	0	0	0	0	0	0	0	0	0	0	0	0	0	0	0
k__Bacteria|p__Patescibacteria|c__Saccharimonadia|o__Saccharimonadales|f__Saccharimonadaceae|g__Candidatus_Saccharimonas|s__unclassified_Candidatus_Saccharimonas	0	0.000229299947261012	0.000275159936713215	0	0.00018343995780881	0.000435669899795923	0	0	0	0	0	0	0	0	0	0	0	0	0	0	0	0	0	0	0	0	0	0	0	0	0	0	0	0	0	0
k__Bacteria|p__Bacteroidota|c__Bacteroidia|o__Bacteroidales|f__Muribaculaceae	0	0	0	0	0	0	0	0	0	0.00169681960973149	0	0	0	0	0	0	0	0	0	0	0	0	0	0	0	0	0	0	0	0	0	0	0	0	0	0
k__Bacteria|p__Bacillota|c__Clostridia|o__Clostridia_UCG-014|f__unclassified_Clostridia_UCG-014|g__unclassified_Clostridia_UCG-014|s__unclassified_Clostridia_UCG-014	0	0	0	0.000137579968356607	0.000114649973630506	0	0	9.17199789044048e-05	0	0	0	0.000114649973630506	0.000298089931439316	0	0	0.00018343995780881	0	0.000252229941987113	0	0	0	0	0	0	0	0	0	4.58599894522024e-05	0	0	0	0	0	0	0	0
k__Bacteria|p__Bacillota|c__Clostridia|o__Oscillospirales|f__Oscillospiraceae|g__UCG-007|s__unclassified_UCG-007	0.00018343995780881	9.17199789044048e-05	0.000206369952534911	0.000206369952534911	0.00018343995780881	0.000229299947261012	0	0	0	0	0	0	0	0	0	0	0	0	0	0	0	0	0	0	0	0	0	0	0	0	0	0	0	0	0	0
k__Bacteria|p__Bacteroidota|c__Bacteroidia|o__Bacteroidales|f__Bacteroidaceae|g__Bacteroides	0.000275159936713215	0	0.000160509963082709	0.00018343995780881	0.000275159936713215	0.00018343995780881	0	0	0	0	0	0	0	0	0	0	0	0	0	0	0	0	0	0	0	0	0	0	0	0	0	0	0	0	0	0
k__Bacteria|p__Bacillota|c__Clostridia|o__Oscillospirales|f__Ruminococcaceae	0	0	0.000206369952534911	0.000298089931439316	0.000137579968356607	0.000114649973630506	0	0	0	0	0	0	0.000114649973630506	6.87899841783036e-05	0.000137579968356607	0	9.17199789044048e-05	6.87899841783036e-05	0	0	0	0	0	0	0	0	0	0	0	0	0	0	0	0	0	0
k__Bacteria|p__Bacillota|c__Clostridia|o__Oscillospirales|f__Oscillospiraceae|g__unclassified_Oscillospiraceae	0.000252229941987113	0.000206369952534911	0	0.000206369952534911	0.000137579968356607	0.000206369952534911	0	0	0	0	0	0	0	0	0	0	0	0	0	0	0	0	0	0	0	0	0	0	0	0	0	0	0	0	0	0
k__Bacteria|p__Bacillota|c__Clostridia|o__Lachnospirales|f__Lachnospiraceae|g__Enterocloster	0	0	0	0	0	0	0	0	0	0	0	0	0	9.17199789044048e-05	0	6.87899841783036e-05	0.000160509963082709	9.17199789044048e-05	9.17199789044048e-05	4.58599894522024e-05	0.000229299947261012	4.58599894522024e-05	0.000114649973630506	0	0	0	0	0	0	0	0	0	0	6.87899841783036e-05	4.58599894522024e-05	4.58599894522024e-05
k__Bacteria|p__Thermodesulfobacteriota|c__Desulfovibrionia|o__Desulfovibrionales|f__Desulfovibrionaceae|g__Desulfovibrio	0	0	0.000137579968356607	2.29299947261012e-05	0	2.29299947261012e-05	0	0	0	0	0	0	0	2.29299947261012e-05	2.29299947261012e-05	0	2.29299947261012e-05	6.87899841783036e-05	2.29299947261012e-05	6.87899841783036e-05	6.87899841783036e-05	4.58599894522024e-05	2.29299947261012e-05	0	0	9.17199789044048e-05	0	9.17199789044048e-05	2.29299947261012e-05	0	9.17199789044048e-05	0	4.58599894522024e-05	2.29299947261012e-05	9.17199789044048e-05	0
k__Bacteria|p__Bacillota|c__Clostridia|o__Oscillospirales|f__Oscillospiraceae	0	0	0	0	0	0	0	0	0	0	0	0	0	6.87899841783036e-05	4.58599894522024e-05	0	0	0.000160509963082709	0	0	0	0	0	0	0.000160509963082709	0.000298089931439316	0.000160509963082709	0.000160509963082709	0.000160509963082709	0.000252229941987113	0	0	0	0	0	0
k__Bacteria|p__Bacillota|c__Clostridia|o__Oscillospirales|f__Oscillospiraceae	6.87899841783036e-05	6.87899841783036e-05	0.000160509963082709	9.17199789044048e-05	0.00018343995780881	0.000137579968356607	4.58599894522024e-05	9.17199789044048e-05	0	0	0	0.000137579968356607	0	0	0	0	0	0	0	0	0	0	0	0	0	0	0	2.29299947261012e-05	6.87899841783036e-05	0	0	0	0	0	0	0
k__Bacteria|p__Bacillota|c__Clostridia|o__Lachnospirales|f__Lachnospiraceae	0.000458599894522024	0.000321019926165417	0	0	0.000206369952534911	0	0	0	0	0	0	0	0	0	0	0	0	0	0	0	0	0	0	0	0	0	0	0	0	0	0	0	0	0	0	0
k__Bacteria|p__Bacillota|c__Clostridia|o__Lachnospirales|f__Lachnospiraceae	0	0	0	0	0	0	0	0	0	0	0	0	0.000252229941987113	0.000229299947261012	0.000160509963082709	0.000206369952534911	0.00018343995780881	0.00018343995780881	0	0	0	0	0	0	0	0	0	0	0	0	0	0	0	0	0	0
k__Bacteria|p__Bacillota|c__Clostridia|o__Christensenellales|f__Christensenellaceae|g__unclassified_Christensenellaceae|s__unclassified_Christensenellaceae	2.29299947261012e-05	6.87899841783036e-05	9.17199789044048e-05	6.87899841783036e-05	0.000160509963082709	0.000114649973630506	0	0	2.29299947261012e-05	0	2.29299947261012e-05	9.17199789044048e-05	0	0	0	0	0	0	0	6.87899841783036e-05	0	2.29299947261012e-05	0	0	0	0	0	0	0	0	0	0.000114649973630506	0	0.000114649973630506	0	0
k__Bacteria|p__Bacillota|c__Clostridia|o__Clostridia_vadinBB60_group|f__unclassified_Clostridia_vadinBB60_group|g__unclassified_Clostridia_vadinBB60_group|s__unclassified_Clostridia_vadinBB60_group	0.000252229941987113	0	0	0	0.000114649973630506	0	0	4.58599894522024e-05	0	0	0	0	6.87899841783036e-05	4.58599894522024e-05	0.000114649973630506	6.87899841783036e-05	9.17199789044048e-05	0.000114649973630506	0	0	0	0	0	0	0	0	0	0	0	0	0	0	4.58599894522024e-05	6.87899841783036e-05	0	4.58599894522024e-05
k__Bacteria|p__Bacillota|c__Clostridia|o__Oscillospirales|f__Ruminococcaceae|g__Acutalibacter|s__unclassified_Acutalibacter	0	0	0	0	0	0	0	0	0	0	0	0	0	0	0	0	0	0	0	0	0	0	0	0	0	0	0	0	0	0	0.000343949920891518	0.00018343995780881	0.000160509963082709	0.00018343995780881	6.87899841783036e-05	6.87899841783036e-05
k__Bacteria|p__Bacillota|c__Bacilli|o__Lactobacillales|f__Lactobacillaceae|g__Ligilactobacillus	0	0	0	0	0	0	0	0	0	0	0	0	0	0	0	0	0	0	0	0	0	0	0	0	0	0	0	0	0	0	0.000435669899795923	0	0	0.000321019926165417	0	0
k__Bacteria|p__Bacillota|c__Clostridia|o__Oscillospirales|f__Ruminococcaceae	0.000114649973630506	2.29299947261012e-05	0.00018343995780881	0.000321019926165417	0.000275159936713215	0.00018343995780881	0	0	0	0	0	0	0	0	0	0	0	0	0	0	0	0	0	0	0	0	0	0	0	0	0	0	0	0	0	0
k__Bacteria|p__Patescibacteria|c__Saccharimonadia|o__Saccharimonadales|f__Saccharimonadaceae|g__Candidatus_Saccharimonas|s__unclassified_Candidatus_Saccharimonas	0.00018343995780881	0.000275159936713215	0.000206369952534911	0.000366879915617619	0	0	0	0	0	0	0	0	0	0	0	0	0	0	0	0	0	0	0	0	0	0	0	0	0	0	0	0	0	0	0	0
k__Bacteria|p__Bacillota|c__Clostridia|o__Oscillospirales|f__[Clostridium]_methylpentosum_group|g__unclassified_[Clostridium]_methylpentosum_group|s__unclassified_[Clostridium]_methylpentosum_group	0	0	0	0	0	0	0	0	0	0	0	0	0	0	0	0	0	0	0	0	0	0	0	0	0	0	0	0	0	0	0.000206369952534911	0.000160509963082709	0.000206369952534911	0.000252229941987113	0.000114649973630506	9.17199789044048e-05
k__Bacteria|p__Bacillota|c__Clostridia|o__Clostridia_vadinBB60_group|f__unclassified_Clostridia_vadinBB60_group|g__unclassified_Clostridia_vadinBB60_group|s__unclassified_Clostridia_vadinBB60_group	0.000137579968356607	0	0	0	0.00018343995780881	0.000206369952534911	0	0	0	0	0	0	9.17199789044048e-05	0	0	0	0	0	0	0	0	0	0	0	0	0	0	0	0	0	0.000114649973630506	0	6.87899841783036e-05	4.58599894522024e-05	6.87899841783036e-05	0
k__Bacteria|p__Bacillota|c__Clostridia|o__Clostridia_vadinBB60_group|f__unclassified_Clostridia_vadinBB60_group|g__unclassified_Clostridia_vadinBB60_group|s__unclassified_Clostridia_vadinBB60_group	0	0.000137579968356607	0.000160509963082709	0.00018343995780881	0.000229299947261012	0.00018343995780881	0	0	0	0	0	0	0	0	0	6.87899841783036e-05	0	0	0	0	0	0	0	0	0	0	0	0	0	0	0	0	0	0	0	0
k__Bacteria|p__Bacillota|c__Bacilli|o__Erysipelotrichales|f__Erysipelotrichaceae|g__unclassified_Erysipelotrichaceae|s__unclassified_Erysipelotrichaceae	6.87899841783036e-05	0.000160509963082709	9.17199789044048e-05	9.17199789044048e-05	0.00018343995780881	0.00018343995780881	0	0	0	0	0	0	0	2.29299947261012e-05	0	0	0	6.87899841783036e-05	0	0	0	0	0	0	0	0	0	0	0	0	0	0	0	4.58599894522024e-05	0	0
k__Bacteria|p__Bacillota|c__Bacilli|o__RF39|f__unclassified_RF39|g__unclassified_RF39	4.58599894522024e-05	0.000160509963082709	6.87899841783036e-05	0.000206369952534911	0.000229299947261012	0.000160509963082709	0	0	0	0	0	0	0	0	0	0	0	0	0	0	0	0	0	0	0	0	0	0	0	0	0	0	0	0	0	0
k__Bacteria|p__Bacillota|c__Clostridia|o__Clostridia_UCG-014|f__unclassified_Clostridia_UCG-014|g__unclassified_Clostridia_UCG-014|s__unclassified_Clostridia_UCG-014	0.000137579968356607	0.000114649973630506	0.000206369952534911	0.000206369952534911	0.000137579968356607	0.000206369952534911	0	0	0	0	0	0	0	0	0	0	0	0	0	0	0	0	0	0	0	0	0	0	0	0	0	0	0	0	0	0
k__Bacteria|p__Bacteroidota|c__Bacteroidia|o__Bacteroidales|f__Muribaculaceae	0	0	0	0	0	0	0	0	0	0	0	0	0	0	0	0	0	0	0	0	0	0	0.000710829836509138	0	0	0	0	0	0	0	0	0	0	0.000160509963082709	0	0
k__Bacteria|p__Actinomycetota|c__Coriobacteriia|o__Coriobacteriales|f__Eggerthellaceae|g__Gordonibacter|s__unclassified_Gordonibacter	0	0	0	0.000114649973630506	0.000114649973630506	4.58599894522024e-05	0	0	0	0	0	2.29299947261012e-05	0	0	0	0	0	0	0	0	0	0	0	0	0.000275159936713215	0.000114649973630506	0.000252229941987113	4.58599894522024e-05	0.000137579968356607	0	0	0	0	0	0	0
k__Bacteria|p__Bacillota|c__Clostridia|o__Lachnospirales|f__Lachnospiraceae	6.87899841783036e-05	0	0	0	0	0	0	0	0	0	0	0	0	9.17199789044048e-05	0	0.00018343995780881	9.17199789044048e-05	0	0	0	0	0	0.000114649973630506	0	0	0	0.000229299947261012	0.000160509963082709	0	0.000298089931439316	0	0	0	0	0	0
k__Bacteria|p__Bacillota|c__Clostridia|o__Clostridiales|f__Clostridiaceae|g__Clostridium	0	0	0	0	0	0	0	0	0	0	0	0	0	0	0	0	0	0	0	0	0	0	0	0	0	0	0	0	0	0	0.000412739905069822	0	0	0.000275159936713215	0	0
k__Bacteria|p__Bacillota|c__Clostridia|o__Oscillospirales|f__Ruminococcaceae	6.87899841783036e-05	0.000160509963082709	0.000114649973630506	0.000160509963082709	0.000137579968356607	0.000252229941987113	0	0	0	0	0	0	0	0	0	0	0	0	0	0	0	0	0	0	0	0	0	0	0	0	0	0	0	0	0	0
k__Bacteria|p__Verrucomicrobiota|c__Verrucomicrobiia|o__Verrucomicrobiales|f__Akkermansiaceae|g__Akkermansia	0	0	0	0	0	0.000321019926165417	0	0	0	0	0	0.000435669899795923	0	0	0	0	0	0	0	0	0	0	0	0	0	0	0	0.000160509963082709	0	0	0	0	0	0	0	0
k__Bacteria|p__Bacteroidota|c__Bacteroidia|o__Bacteroidales|f__Marinifilaceae|g__Butyricimonas	0	0	0	0	0	0	0	0	0	0	0	0	0	0	0.000435669899795923	0.000252229941987113	0	0.000321019926165417	0	0	0	0	0	0	0	0	0	0	0	0	0	0	0	0	0	0
k__Bacteria|p__Bacteroidota|c__Bacteroidia|o__Bacteroidales|f__Tannerellaceae|g__Parabacteroides	0	0	0	0	0	0	0	0	0	0	0	0	0	0	0	0	0	0	0	0	0	0	0	0	0	0	0	0	0	0	0.000366879915617619	0	0	0.000275159936713215	0	0
k__Bacteria|p__Bacillota|c__Clostridia|o__Clostridia_vadinBB60_group|f__unclassified_Clostridia_vadinBB60_group|g__unclassified_Clostridia_vadinBB60_group|s__unclassified_Clostridia_vadinBB60_group	4.58599894522024e-05	0	0	0	0	0	0	0	0	0	0	0	0	0	0	0	0	0	0	9.17199789044048e-05	0.000114649973630506	9.17199789044048e-05	0.000137579968356607	0	0.000137579968356607	0.00018343995780881	0.000160509963082709	0	0	0	0	0	0	0	0	0
k__Bacteria|p__Bacillota|c__Clostridia|o__Lachnospirales|f__Lachnospiraceae|g__Lachnospiraceae_UCG-006|s__unclassified_Lachnospiraceae_UCG-006	0	0	0	0.000298089931439316	0.000275159936713215	0	0	0	0	0	0	0.000275159936713215	0	0	0	0	0	0	0	0	0	0	0	0	0	0	0	0	0	0	0	0	0	0	0	0
k__Bacteria|p__Bacillota|c__Clostridia|o__Oscillospirales|f__Ruminococcaceae|g__Acutalibacter|s__unclassified_Acutalibacter	0	9.17199789044048e-05	0.000206369952534911	0.00018343995780881	0.000160509963082709	0.000252229941987113	0	0	0	0	0	0	0	0	0	0	0	0	0	0	0	0	0	0	0	0	0	0	0	0	0	0	0	0	0	0
k__Bacteria|p__Patescibacteria|c__Saccharimonadia|o__Saccharimonadales|f__Saccharimonadaceae|g__Candidatus_Saccharimonas|s__unclassified_Candidatus_Saccharimonas	0	0.000206369952534911	0.000366879915617619	0.000137579968356607	0	0.000229299947261012	0	0	0	0	0	0	0	0	0	0	0	0	0	0	0	0	0	0	0	0	0	0	0	0	0	0	0	0	0	0
k__Bacteria|p__Bacillota|c__Clostridia|o__Lachnospirales|f__Lachnospiraceae	0	0	0	0	0	0	0	0	0	0	0	0	0	0	0	0	0	0	0.000275159936713215	0.000275159936713215	0.000275159936713215	0	0	0	0	0	0	0	0	0	0	0	0	0	0	0
k__Bacteria|p__Bacillota|c__Clostridia|o__Peptostreptococcales-Tissierellales|f__Anaerovoracaceae|g__[Eubacterium]_brachy_group|s__unclassified_[Eubacterium]_brachy_group	0.000114649973630506	6.87899841783036e-05	0	6.87899841783036e-05	0.000160509963082709	0.00018343995780881	0	0	0	0	0	0	0	9.17199789044048e-05	0	0	0	0	0	0	0	0	0	0	0	0	0	0	0	0	0.000137579968356607	0	0	9.17199789044048e-05	0	4.58599894522024e-05
k__Bacteria|p__Bacteroidota|c__Bacteroidia|o__Bacteroidales|f__Rikenellaceae|g__Alistipes	0	0	0	0	0	0	0	0	0	0	0	0	0	0	0	0	0	0	4.58599894522024e-05	0.000114649973630506	0.00018343995780881	0.00018343995780881	0.000229299947261012	9.17199789044048e-05	0	2.29299947261012e-05	0	0	0	0	0	0	0	0	0	0
k__Bacteria|p__Bacteroidota|c__Bacteroidia|o__Bacteroidales|f__Bacteroidaceae|g__Bacteroides|s__Bacteroides_caccae	0	0	0	0	0	0	0	0	0	0	0	0	0	0	0	0	0	0	0	0	0	0	0	0	0	0	0	0	0	0	0.000298089931439316	6.87899841783036e-05	0.000160509963082709	0.000114649973630506	0.000160509963082709	0
k__Bacteria|p__Bacillota|c__Clostridia|o__Lachnospirales|f__Lachnospiraceae|g__Anaerostipes	0	0	0	0	0	0	0	0	0	0	0	0	0	0	0	0	2.29299947261012e-05	0	0.000137579968356607	0.000137579968356607	0.00018343995780881	9.17199789044048e-05	0.000114649973630506	0.000137579968356607	0	0	0	0	0	0	0	0	0	0	0	0
k__Bacteria|p__Bacteroidota|c__Bacteroidia|o__Bacteroidales|f__Prevotellaceae	6.87899841783036e-05	6.87899841783036e-05	4.58599894522024e-05	0.000229299947261012	0.000229299947261012	0.000160509963082709	0	0	0	0	0	0	0	0	0	0	0	0	0	0	0	0	0	0	0	0	0	0	0	0	0	0	0	0	0	0
k__Bacteria|p__Bacillota|c__Clostridia|o__Lachnospirales|f__Lachnospiraceae	0	0	0	0	0	0	0	0	0	0	0	0	0	0	0	0	0	0	0.000114649973630506	0	0	0.000275159936713215	0	0.000321019926165417	0	0	0	0	0.000160509963082709	0	0	0	0	0	0	0
k__Bacteria|p__Bacillota|c__Bacilli|o__Erysipelotrichales|f__Erysipelatoclostridiaceae	0	0	0	0	0	0	0	2.29299947261012e-05	0	0	9.17199789044048e-05	0.000160509963082709	0	0	0	0	0	0	0	0	0	0	0	0	6.87899841783036e-05	0.000252229941987113	6.87899841783036e-05	9.17199789044048e-05	6.87899841783036e-05	0.000137579968356607	0	0	0	0	0	0
k__Bacteria|p__Bacillota|c__Clostridia|o__Clostridia_UCG-014|f__unclassified_Clostridia_UCG-014|g__unclassified_Clostridia_UCG-014|s__unclassified_Clostridia_UCG-014	6.87899841783036e-05	0	4.58599894522024e-05	0.000206369952534911	6.87899841783036e-05	4.58599894522024e-05	4.58599894522024e-05	9.17199789044048e-05	6.87899841783036e-05	6.87899841783036e-05	6.87899841783036e-05	0.000114649973630506	0	0	0	0	0	0	0	0	0	0	0	0	0	0	0	0	0	0	0	0	0	0	0	0
k__Bacteria|p__Bacillota|c__Clostridia|o__Lachnospirales|f__Lachnospiraceae|g__[Eubacterium]_xylanophilum_group|s__unclassified_[Eubacterium]_xylanophilum_group	0.000252229941987113	9.17199789044048e-05	9.17199789044048e-05	0.000160509963082709	6.87899841783036e-05	0.000137579968356607	0	0	0	0	0	0	0	0	0	0	0	0	0	0	0	0	0	0	0	0	0	0	0	0	0	0	0	0	0	0
k__Bacteria|p__Bacteroidota|c__Bacteroidia|o__Bacteroidales|f__Tannerellaceae|g__Parabacteroides	0	0	0	0	0	0	0	0	0	0	0	0	0.000275159936713215	0	0	0.000206369952534911	0.000275159936713215	0.000343949920891518	0	0	0	0	0	0	0	0	0	0	0	0	0	0	0	0	0	0
k__Bacteria|p__Bacteroidota|c__Bacteroidia|o__Bacteroidales|f__Rikenellaceae|g__Alistipes|s__Alistipes_sp._cv1	0	0	0	0	0	0	0	0	0	0	0	0	0	0	0	0	0	0	0	0.000114649973630506	0.00018343995780881	0.00018343995780881	0.000229299947261012	9.17199789044048e-05	0	0	0	0	0	0	0	0	0	0	0	0
k__Bacteria|p__Thermodesulfobacteriota|c__Desulfovibrionia|o__Desulfovibrionales|f__Desulfovibrionaceae|g__Desulfovibrio|s__unclassified_Desulfovibrio	0	0	0	0	0	0	0	0	0	0	0	0	0	0	0	0	0	0	0	0	0	0	0	0	6.87899841783036e-05	0.00018343995780881	0.000137579968356607	0.000298089931439316	0.000229299947261012	0.000160509963082709	0	0	0	0	0	0
k__Bacteria|p__Bacillota|c__Clostridia|o__Clostridia_vadinBB60_group|f__unclassified_Clostridia_vadinBB60_group|g__unclassified_Clostridia_vadinBB60_group|s__unclassified_Clostridia_vadinBB60_group	0	0	0	0	0	0	0	0	0	0	0	0	0	0	0	0	0	0	0	0	0	0	0	0	9.17199789044048e-05	0.000298089931439316	0.000160509963082709	0.000114649973630506	0.000160509963082709	0.000389809910343721	0	0	0	0	0	0
k__Bacteria|p__Bacillota|c__Clostridia|o__Clostridia_UCG-014|f__unclassified_Clostridia_UCG-014|g__unclassified_Clostridia_UCG-014|s__unclassified_Clostridia_UCG-014	0.000114649973630506	0.000137579968356607	0.000114649973630506	0.000229299947261012	0.000114649973630506	0.000114649973630506	0	0	0	0	0	0	0	0	0	0	0	0	0	0	0	0	0	0	0	0	0	0	0	0	0	0	0	0	0	0
k__Bacteria|p__Bacillota|c__Clostridia|o__Oscillospirales|f__Oscillospiraceae|g__unclassified_Oscillospiraceae	0	0	0	0.000137579968356607	4.58599894522024e-05	0	0	0	0	0	0	0	0	0	0	0	0	0	0	0	0	0	0	0	0	0	0	0	0	0	0.00018343995780881	0.000114649973630506	0.000114649973630506	0.000160509963082709	0	0
k__Bacteria|p__Bacteroidota|c__Bacteroidia|o__Bacteroidales|f__Muribaculaceae|g__unclassified_Muribaculaceae|s__unclassified_Muribaculaceae	0	0	0	0	0	0	0	0	0	0	0	0	0	0	0	0	0	0	0	0	0	0	0	0	0	0	0	0	0	0	0.000229299947261012	0	0	0.000366879915617619	0	0
k__Bacteria|p__Bacillota|c__Clostridia|o__Clostridia_vadinBB60_group|f__unclassified_Clostridia_vadinBB60_group|g__unclassified_Clostridia_vadinBB60_group|s__unclassified_Clostridia_vadinBB60_group	0	0	0	0	0	0	0	0	0	0	0	0	0.000206369952534911	0.000114649973630506	0.000252229941987113	0.000137579968356607	0.00018343995780881	9.17199789044048e-05	0	0	0	0	0	0	0	0	0	0	0	0	0	0	0	0	0	0
k__Bacteria|p__Bacillota|c__Clostridia|o__Oscillospirales|f__Ruminococcaceae|g__Ruthenibacterium|s__unclassified_Ruthenibacterium	0	0	0	0	0	0	0	0	0	0	0	0	6.87899841783036e-05	0	0	6.87899841783036e-05	0	0	0	0	6.87899841783036e-05	0	4.58599894522024e-05	0	0	0	0	0	0	0	0.000252229941987113	0	0.000114649973630506	4.58599894522024e-05	0	4.58599894522024e-05
k__Bacteria|p__Bacillota|c__Clostridia|o__Lachnospirales|f__Lachnospiraceae|g__ASF356|s__unclassified_ASF356	0	0	0	0	0	0	0	0	0	0	0	0	0	0	0	0	0	0	0	0	0	0	0	0	0.000229299947261012	0.000275159936713215	0	0.000229299947261012	0	0.000275159936713215	0	0	0	0	0	0
k__Bacteria|p__Actinomycetota|c__Coriobacteriia|o__Coriobacteriales|f__Eggerthellaceae|g__Adlercreutzia|s__unclassified_Adlercreutzia	0	0	9.17199789044048e-05	2.29299947261012e-05	4.58599894522024e-05	6.87899841783036e-05	6.87899841783036e-05	0	0	0	0	2.29299947261012e-05	0	0	0	0	0	0	0	0	0	0	0	0	0	0	0	0	0	0	9.17199789044048e-05	0	0	0.000137579968356607	4.58599894522024e-05	9.17199789044048e-05
k__Bacteria|p__Bacillota|c__Clostridia|o__Oscillospirales|f__Ruminococcaceae|g__Paludicola|s__unclassified_Paludicola	0	0	0.000114649973630506	6.87899841783036e-05	4.58599894522024e-05	0.000114649973630506	0	0	0	6.87899841783036e-05	0	0	0	0	0	0	0	0	0	9.17199789044048e-05	0.000137579968356607	0	6.87899841783036e-05	0	6.87899841783036e-05	2.29299947261012e-05	0	0	6.87899841783036e-05	0	0	0	0	0	0	0
k__Bacteria|p__Bacillota|c__Bacilli|o__Mycoplasmatales|f__Mycoplasmataceae|g__Ureaplasma|s__unclassified_Ureaplasma	0	0	0	0	9.17199789044048e-05	6.87899841783036e-05	4.58599894522024e-05	0.000137579968356607	9.17199789044048e-05	6.87899841783036e-05	4.58599894522024e-05	0.000206369952534911	0	0	0	0	0	0	0	0	0	0	0	0	0	0	0	4.58599894522024e-05	0	0	0	0	0	0	0	0
k__Bacteria|p__Bacteroidota|c__Bacteroidia|o__Bacteroidales|f__Muribaculaceae|g__unclassified_Muribaculaceae|s__unclassified_Muribaculaceae	0.000366879915617619	0.000366879915617619	0	0	0	0	0	0	0	0	0	0	0	0	0	0	0	0	0	0	0	0	0	0	0	0	0	0	0	0	0	0	0	0	0	0
k__Bacteria|p__Bacillota|c__Clostridia|o__Clostridia_vadinBB60_group|f__unclassified_Clostridia_vadinBB60_group|g__unclassified_Clostridia_vadinBB60_group|s__unclassified_Clostridia_vadinBB60_group	0.000160509963082709	0	0	6.87899841783036e-05	9.17199789044048e-05	0.000160509963082709	0	0	0	0	0	0	0	0	0	4.58599894522024e-05	0	0	0	0	0	0	0	0	0	0	0	0	0	0	9.17199789044048e-05	4.58599894522024e-05	0	0.000137579968356607	4.58599894522024e-05	0
k__Bacteria|p__Bacillota|c__Clostridia|o__Lachnospirales|f__Lachnospiraceae	0	0	0	0	0	0	0	0	6.87899841783036e-05	0	4.58599894522024e-05	4.58599894522024e-05	0.00018343995780881	0.000114649973630506	0.000160509963082709	6.87899841783036e-05	0.000114649973630506	9.17199789044048e-05	0	0	0	0	0	0	0	0	0	0	0	0	0	0	0	0	0	0
k__Bacteria|p__Bacillota|c__Clostridia|o__Lachnospirales|f__Lachnospiraceae	0	0	0	0	0	0	0	0	0	0	0	0	0.000160509963082709	0.000160509963082709	0.000137579968356607	0.000229299947261012	9.17199789044048e-05	0.000114649973630506	0	0	0	0	0	0	0	0	0	0	0	0	0	0	0	0	0	0
k__Bacteria|p__Verrucomicrobiota|c__Verrucomicrobiia|o__Verrucomicrobiales|f__Akkermansiaceae|g__Akkermansia	0	0	0	0	0	0	0	0	0	0	0	0	0	0	0	0	0	0	0	0	0	0	0	0	0	0	0	0	0	0	0	0	0	0.000596179862878632	0	0
k__Bacteria|p__Bacillota|c__Clostridia|o__Monoglobales|f__Monoglobaceae|g__Monoglobus|s__unclassified_Monoglobus	0.00018343995780881	6.87899841783036e-05	9.17199789044048e-05	0.000114649973630506	9.17199789044048e-05	0.000114649973630506	0	0	0	0	0	0	0	0	0	0	0	0	0	0	0	0	0	0	0	0	0	0	0	0	0	0	0	0	0	0
k__Bacteria|p__Bacteroidota|c__Bacteroidia|o__Bacteroidales|f__Bacteroidaceae|g__Bacteroides	0	0	0	0	0	0	0.000114649973630506	6.87899841783036e-05	0	0	9.17199789044048e-05	9.17199789044048e-05	0	0	0	0	0	0	9.17199789044048e-05	0	0	0.000114649973630506	0.000114649973630506	0	0	0	0	0	0	0	0	0	0	0	0	0
k__Bacteria|p__Bacillota|c__Bacilli|o__RF39|f__unclassified_RF39|g__unclassified_RF39|s__unclassified_RF39	0	0.000137579968356607	0	0.000642039852330834	0	0	0	0	0	0	0	0	0	0	0	0	0	0	0	0	0	0	0	0	0	0	0	0	0	0	0	0	0	0	0	0
k__Bacteria|p__Bacillota|c__Clostridia|o__Lachnospirales|f__Lachnospiraceae	0	0	0	0	0	0	0	0	0	0	0	4.58599894522024e-05	0	0	4.58599894522024e-05	0	0	0	0	0	0	0	0	0	9.17199789044048e-05	0.000114649973630506	0	0.000114649973630506	0.000160509963082709	0.000114649973630506	0	6.87899841783036e-05	0	0	0.000114649973630506	6.87899841783036e-05
k__Bacteria|p__Bacillota|c__Clostridia|o__Lachnospirales|f__Lachnospiraceae	0	0	0	0	0	0	0	0	0	0	0	0	0.00018343995780881	9.17199789044048e-05	9.17199789044048e-05	0.000114649973630506	6.87899841783036e-05	0.000137579968356607	0	0	0	0	0	0	0	4.58599894522024e-05	0	0	0.000114649973630506	0	0	0	0	0	0	0
k__Bacteria|p__Bacillota|c__Clostridia|o__Lachnospirales|f__Lachnospiraceae|g__Lachnoclostridium	0	0.000321019926165417	0	0	0	0	0	0	0	0	0	0	0	0	0	0	0	0	0	0	0	0	0	0	0	0	0	0.000435669899795923	0	0	0	0	0	0	0	0
k__Bacteria|p__Actinomycetota|c__Coriobacteriia|o__Coriobacteriales|f__Eggerthellaceae|g__Adlercreutzia|s__unclassified_Adlercreutzia	0	6.87899841783036e-05	0	0.000114649973630506	0	0	0	0	0	0	0	0	0	0	0	0	0	0	0	0	0	0	0	0	0	0	0	0	0	0	0.000114649973630506	0	0.000137579968356607	9.17199789044048e-05	6.87899841783036e-05	9.17199789044048e-05
k__Bacteria|p__Bacillota|c__Clostridia|o__Clostridia_UCG-014|f__unclassified_Clostridia_UCG-014|g__unclassified_Clostridia_UCG-014|s__unclassified_Clostridia_UCG-014	9.17199789044048e-05	0.000137579968356607	0.000137579968356607	6.87899841783036e-05	0.000114649973630506	0.000114649973630506	0	0	0	0	0	0	0	0	0	0	0	0	0	0	0	0	0	0	0	0	0	0	0	0	0	0	0	0	0	0
k__Bacteria|p__Bacillota|c__Clostridia|o__Clostridia_UCG-014|f__unclassified_Clostridia_UCG-014|g__unclassified_Clostridia_UCG-014|s__unclassified_Clostridia_UCG-014	0.000206369952534911	6.87899841783036e-05	0	0.000137579968356607	0.000137579968356607	6.87899841783036e-05	0	0	0	0	0	0	0	0	0	0	0	0	0	0	0	0	0	0	0	0	0	0	0	0	0	0	0	0	0	0
k__Bacteria|p__Bacillota|c__Clostridia|o__Lachnospirales|f__Lachnospiraceae	4.58599894522024e-05	0.000137579968356607	0.00018343995780881	2.29299947261012e-05	0.00018343995780881	9.17199789044048e-05	0	0	0	0	0	0	0	0	0	0	0	0	0	0	0	0	0	0	0	0	0	0	0	0	0	0	0	0	0	0
k__Bacteria|p__Bacteroidota|c__Bacteroidia|o__Bacteroidales|f__Bacteroidaceae|g__Bacteroides	0	0	0	0	0	0	0	0	0	0	0	0	0	0	0.000137579968356607	0.000114649973630506	0	0.000160509963082709	0	0	0	0	0	0	0	0	0	0	0	0	0	0.000114649973630506	9.17199789044048e-05	6.87899841783036e-05	9.17199789044048e-05	0
k__Bacteria|p__Bacillota|c__Clostridia|o__Oscillospirales|f__[Clostridium]_methylpentosum_group|g__unclassified_[Clostridium]_methylpentosum_group|s__[Clostridium]_methylpentosum	0	0	0	0	0	0	0	0	0	0	0	0	0	0	0	0	0	0	0	9.17199789044048e-05	0	0	0	0	0	0	0	0	0	0	9.17199789044048e-05	0.00018343995780881	0	0.00018343995780881	9.17199789044048e-05	9.17199789044048e-05
k__Bacteria|p__Bacillota|c__Clostridia|o__Clostridia_UCG-014|f__unclassified_Clostridia_UCG-014|g__unclassified_Clostridia_UCG-014|s__unclassified_Clostridia_UCG-014	0.000206369952534911	6.87899841783036e-05	0	0	6.87899841783036e-05	9.17199789044048e-05	0	0	0	0	0	0	0	0.000114649973630506	0	4.58599894522024e-05	0	0	0	0	0	0	0	0	0	0	0	0	0	0	0	0	0	0	0	0
k__Bacteria|p__Bacillota|c__Clostridia|o__Oscillospirales|f__Ruminococcaceae|g__Acutalibacter|s__unclassified_Acutalibacter	9.17199789044048e-05	0	0	4.58599894522024e-05	0.000114649973630506	0	0	0	0	0	0	0	0	0	0	0	0	0	0	0.000206369952534911	0.000206369952534911	0	0	0	0	0	0	0	0	0	0	0	0	0	0	0
k__Bacteria|p__Bacteroidota|c__Bacteroidia|o__Bacteroidales|f__Muribaculaceae|g__unclassified_Muribaculaceae|s__unclassified_Muribaculaceae	0.000206369952534911	0	0.000298089931439316	0	0.000160509963082709	0	0	0	0	0	0	0	0	0	0	0	0	0	0	0	0	0	0	0	0	0	0	0	0	0	0	0	0	0	0	0
k__Bacteria|p__Bacillota|c__Bacilli|o__Erysipelotrichales|f__Erysipelotrichaceae	0	0	0	0	0	0	0	0	0	0	0	0	0	0	0	0	0	0	0	0	0	0	0	0	0.000160509963082709	9.17199789044048e-05	0.000366879915617619	9.17199789044048e-05	0	0.000206369952534911	0	0	0	0	0	0
k__Bacteria|p__Bacillota|c__Clostridia|o__Oscillospirales|f__Ruminococcaceae|g__Ruminococcus|s__Ruminococcus_flavefaciens	0.000160509963082709	0	0.00018343995780881	9.17199789044048e-05	6.87899841783036e-05	0.000137579968356607	0	0	0	0	0	0	0	0	0	0	0	0	0	0	0	0	0	0	0	0	0	0	0	0	0	0	0	0	0	0
k__Bacteria|p__Bacillota|c__Clostridia|o__Lachnospirales|f__Lachnospiraceae	6.87899841783036e-05	9.17199789044048e-05	0.000160509963082709	0.000137579968356607	9.17199789044048e-05	0.000160509963082709	0	0	0	0	0	0	0	0	0	0	0	0	0	0	0	0	0	0	0	0	0	0	0	0	0	0	0	0	0	0
k__Bacteria|p__Bacillota|c__Clostridia|o__Clostridia_UCG-014|f__unclassified_Clostridia_UCG-014|g__unclassified_Clostridia_UCG-014|s__unclassified_Clostridia_UCG-014	0	0	0	0	0	0	0	0	0	0	0	0	0	0	0	0	0	0	0	0	0	0	0	0	0	0	0	0	0	0	0.000137579968356607	0	9.17199789044048e-05	0.000160509963082709	6.87899841783036e-05	9.17199789044048e-05
k__Bacteria|p__Bacillota|c__Clostridia|o__Lachnospirales|f__Lachnospiraceae|g__Acetatifactor|s__unclassified_Acetatifactor	0	0	0	0	0	0	0	0	0	0	0	0	0	0	0	0	0	0	9.17199789044048e-05	6.87899841783036e-05	9.17199789044048e-05	0	4.58599894522024e-05	9.17199789044048e-05	4.58599894522024e-05	0	6.87899841783036e-05	4.58599894522024e-05	9.17199789044048e-05	9.17199789044048e-05	0	0	0	0	0	0
k__Bacteria|p__Bacillota|c__Clostridia|o__Clostridia_UCG-014|f__unclassified_Clostridia_UCG-014|g__unclassified_Clostridia_UCG-014|s__unclassified_Clostridia_UCG-014	0	0	0	0	0	0	0	0	0	0	0	0	0	0	0	0	0	0	0	0	0	0	0	0	0	0	0	0	0	0	0.000137579968356607	9.17199789044048e-05	0.00018343995780881	6.87899841783036e-05	9.17199789044048e-05	6.87899841783036e-05
k__Bacteria|p__Bacillota|c__Clostridia|o__Lachnospirales|f__Lachnospiraceae	0	0	0	0	0	0	0	0	0	0	0	0	0	0	0	0	0	0	0	0	0	0	0	0	0	0	0	0	0	0	0.00018343995780881	9.17199789044048e-05	0	0.000114649973630506	0.00018343995780881	0
k__Bacteria|p__Verrucomicrobiota|c__Verrucomicrobiia|o__Verrucomicrobiales|f__Akkermansiaceae|g__Akkermansia	0	0	0	0	0	0	0	0	0	0	0	0	0	0.000619109857604733	0	0	0	0	0	0	0	0	0	0	0	0	0	0	0	0	0	0	0	0	0	0
k__Bacteria|p__Bacillota|c__Clostridia|o__Clostridia_vadinBB60_group|f__unclassified_Clostridia_vadinBB60_group|g__unclassified_Clostridia_vadinBB60_group|s__unclassified_Clostridia_vadinBB60_group	0.000114649973630506	0	0	0.000114649973630506	6.87899841783036e-05	6.87899841783036e-05	0	0	0	0	0	0	0	0	0	0	0	0	0	0	2.29299947261012e-05	0	0	0	0	0	0	0	0	0	0.000114649973630506	0	0	6.87899841783036e-05	0	0
k__Bacteria|p__Bacteroidota|c__Bacteroidia|o__Bacteroidales|f__Prevotellaceae	9.17199789044048e-05	2.29299947261012e-05	0	9.17199789044048e-05	0.000137579968356607	0.000114649973630506	0	0	0	0	0	0	0	0	0	0	0	0	0	0	0	0	4.58599894522024e-05	0	0	0	0	0	0	0	0	0	0	0	0	0
k__Bacteria|p__Verrucomicrobiota|c__Verrucomicrobiia|o__Verrucomicrobiales|f__Akkermansiaceae|g__Akkermansia	0	0	0	0	0	0	0	0	0	0	0	0	0	0	0	0.000596179862878632	0	0	0	0	0	0	0	0	0	0	0	0	0	0	0	0	0	0	0	0
k__Bacteria|p__Bacillota|c__Clostridia|o__Peptostreptococcales-Tissierellales|f__Anaerovoracaceae	9.17199789044048e-05	0.000114649973630506	0.000114649973630506	4.58599894522024e-05	9.17199789044048e-05	0.000160509963082709	0	0	0	0	0	0	0	0	0	0	0	0	0	0	0	0	0	0	0	0	0	0	0	0	0	0	0	0	0	0
k__Bacteria|p__Bacillota|c__Clostridia|o__Oscillospirales|f__Ruminococcaceae	6.87899841783036e-05	0.000114649973630506	0	6.87899841783036e-05	0.000160509963082709	0.000137579968356607	0	0	0	0	0	0	0	0	0	0	0	0	0	0	0	0	0	0	0	0	0	0	0	0	0	0	0	0	0	0
k__Bacteria|p__Bacillota|c__Clostridia|o__Clostridia_vadinBB60_group|f__unclassified_Clostridia_vadinBB60_group|g__unclassified_Clostridia_vadinBB60_group|s__unclassified_Clostridia_vadinBB60_group	0	6.87899841783036e-05	0	0.000114649973630506	6.87899841783036e-05	4.58599894522024e-05	0	0	0	0	0	0	0	0	0	0	0	0	0	0	0	0	0	0	0	0	0	0	0	0	4.58599894522024e-05	0	0	4.58599894522024e-05	4.58599894522024e-05	0
k__Bacteria|p__Bacillota|c__Clostridia|o__Clostridia_UCG-014|f__unclassified_Clostridia_UCG-014|g__unclassified_Clostridia_UCG-014|s__unclassified_Clostridia_UCG-014	0.000114649973630506	0	0	0.000114649973630506	9.17199789044048e-05	9.17199789044048e-05	2.29299947261012e-05	0	9.17199789044048e-05	0	2.29299947261012e-05	0	0	0	0	0	0	0	0	0	0	0	0	0	0	0	0	0	0	0	0	0	0	0	0	0
k__Bacteria|p__Bacillota|c__Clostridia|o__Lachnospirales|f__Lachnospiraceae	0	0	0	0	0	0	0	0	0	0	0	0	0.00018343995780881	9.17199789044048e-05	0	0.000137579968356607	0.000229299947261012	0	0	0	0	0	0	0	0	0	0	0	0	0	0	0	0	0	0	0
k__Bacteria|p__Bacillota|c__Bacilli|o__Lactobacillales|f__Lactobacillaceae|g__Lactobacillus|s__Lactobacillus_intestinalis	6.87899841783036e-05	0	0	0	4.58599894522024e-05	0	0	0	0	0	0	0	9.17199789044048e-05	4.58599894522024e-05	0	0.000114649973630506	0.000229299947261012	0	0	0	0	0	0	0	0	0	0	0	0	0	0	0	0	0	0	0
k__Bacteria|p__Bacteroidota|c__Bacteroidia|o__Bacteroidales|f__Muribaculaceae|g__unclassified_Muribaculaceae|s__unclassified_Muribaculaceae	0	0	0	0	0	0	0	0	0	0	9.17199789044048e-05	0	0	0	0	0	0	0	0	0	0	0	0	0	0	0	0	0	0	0	2.29299947261012e-05	0.00075668982596134	0	0	0	0
k__Bacteria|p__Bacillota|c__Clostridia|o__Lachnospirales|f__Lachnospiraceae|g__[Eubacterium]_xylanophilum_group|s__unclassified_[Eubacterium]_xylanophilum_group	0.000114649973630506	9.17199789044048e-05	9.17199789044048e-05	6.87899841783036e-05	0.000137579968356607	0	0	0	0	0	0	0	0	0	0	0	0	0	0	0	0	0	0	0	0	0	0	0	0	0	0	0	0	0	0	0
k__Bacteria|p__Verrucomicrobiota|c__Verrucomicrobiia|o__Verrucomicrobiales|f__Akkermansiaceae|g__Akkermansia	0	0	0	0	0	0	0	0	0	0	0.00057324986815253	0	0	0	0	0	0	0	0	0	0	0	0	0	0	0	0	0	0	0	0	0	0	0	0	0
k__Bacteria|p__Bacillota|c__Clostridia|o__Clostridia_UCG-014|f__unclassified_Clostridia_UCG-014|g__unclassified_Clostridia_UCG-014|s__unclassified_Clostridia_UCG-014	0	9.17199789044048e-05	0	0.000229299947261012	0.000114649973630506	9.17199789044048e-05	0	0	0	0	0	0	0	0	0	0	0	0	0	0	0	0	0	0	0	0	0	0	0	0	0	0	0	0	0	0
k__Bacteria|p__Bacteroidota|c__Bacteroidia|o__Bacteroidales|f__Muribaculaceae|g__unclassified_Muribaculaceae|s__unclassified_Muribaculaceae	0.000160509963082709	0.000114649973630506	0.000137579968356607	0.000160509963082709	0	0	0	0	0	0	0	0	0	0	0	0	0	0	0	0	0	0	0	0	0	0	0	0	0	0	0	0	0	0	0	0
k__Bacteria|p__Bacillota|c__Clostridia|o__Oscillospirales|f__Oscillospiraceae	0.000252229941987113	0	0	0.00018343995780881	0	0.000114649973630506	0	0	0	0	0	0	0	0	0	0	0	0	0	0	0	0	0	0	0	0	0	0	0	0	0	0	0	0	0	0
k__Bacteria|p__Bacillota|c__Clostridia|o__Lachnospirales|f__Lachnospiraceae	0.000366879915617619	0	0	0	0	0.00018343995780881	0	0	0	0	0	0	0	0	0	0	0	0	0	0	0	0	0	0	0	0	0	0	0	0	0	0	0	0	0	0
k__Bacteria|p__Bacteroidota|c__Bacteroidia|o__Bacteroidales|f__Muribaculaceae|g__unclassified_Muribaculaceae|s__unclassified_Muribaculaceae	0	0	0	0	0	0	0	0	0	0.000412739905069822	0	9.17199789044048e-05	0	0	0	0	0	0	0	0.000160509963082709	0	0	0	0	0	0	0	0	0	0	0	0	0	0	0	0
k__Bacteria|p__Pseudomonadota|c__Gammaproteobacteria|o__Enterobacterales|f__Pasteurellaceae|g__Rodentibacter	0	0	0	0	4.58599894522024e-05	4.58599894522024e-05	0	0	0	0	0	0	0	0	0	0	0	0	0	2.29299947261012e-05	2.29299947261012e-05	0	9.17199789044048e-05	0	0	2.29299947261012e-05	0	0	0	0	6.87899841783036e-05	0.000137579968356607	4.58599894522024e-05	4.58599894522024e-05	0	4.58599894522024e-05
k__Bacteria|p__Bacillota|c__Bacilli|o__RF39|f__unclassified_RF39|g__unclassified_RF39|s__unclassified_RF39	0	0	0	0	0	0	6.87899841783036e-05	9.17199789044048e-05	0	0.000137579968356607	4.58599894522024e-05	0.00018343995780881	0	0	0	0	0	0	0	0	0	2.29299947261012e-05	0	0	0	0	0	2.29299947261012e-05	0	0	0	0	0	0	0	0
k__Bacteria|p__Bacillota|c__Clostridia|o__Clostridia_vadinBB60_group|f__unclassified_Clostridia_vadinBB60_group|g__unclassified_Clostridia_vadinBB60_group|s__unclassified_Clostridia_vadinBB60_group	9.17199789044048e-05	6.87899841783036e-05	0	0	9.17199789044048e-05	2.29299947261012e-05	0	0	0	0	0	9.17199789044048e-05	0	0	0	0	0	0	0	0	0	0	0	0	0	0.000114649973630506	0	0	4.58599894522024e-05	0	0	0	0	0	0	0
k__Bacteria|p__Bacillota|c__Clostridia	0	4.58599894522024e-05	0	0.000137579968356607	0.000160509963082709	0.000160509963082709	0	0	0	0	0	0	0	0	0	0	0	0	0	0	0	0	0	0	0	0	0	0	0	0	0	0	0	0	0	0
k__Bacteria|p__Bacteroidota|c__Bacteroidia|o__Bacteroidales|f__Marinifilaceae|g__Butyricimonas|s__unclassified_Butyricimonas	0	0	0	0	0	0	0	0	0	0	0	0	0	0.000321019926165417	0	0	0.000229299947261012	0	0	0	0	0	0	0	0	0	0	0	0	0	0	0	0	0	0	0
k__Bacteria|p__Bacillota|c__Clostridia|o__Oscillospirales|f__Ruminococcaceae	0	0	0	0	0	0	0	0	0	0	0	0	0	0	0	0	0	0	0	0	0	0	0	0	0	0	0	0	0	0	0.000252229941987113	0	0	0	0	0.000160509963082709
k__Bacteria|p__Verrucomicrobiota|c__Verrucomicrobiia|o__Verrucomicrobiales|f__Akkermansiaceae|g__Akkermansia	0	0	0	0	0	0	0	0	0	0	0	0	0	0	0	0	0.000114649973630506	0	0	0	0	0	0	0	0	0	0	0	0.000366879915617619	0	0	0	0.000229299947261012	0	0	0
k__Bacteria|p__Bacillota|c__Clostridia|o__Lachnospirales|f__Lachnospiraceae|g__Butyribacter|s__unclassified_Butyribacter	0	0	0	0	0	0	0	0	0	0	0	0	0	0.000114649973630506	0.00018343995780881	6.87899841783036e-05	0	0	0	0	0	0	0	0	0.000137579968356607	0	0	0	9.17199789044048e-05	0	0	0	0	0	0	0
k__Bacteria|p__Bacteroidota|c__Bacteroidia|o__Bacteroidales|f__Muribaculaceae|g__unclassified_Muribaculaceae|s__unclassified_Muribaculaceae	9.17199789044048e-05	6.87899841783036e-05	0.000114649973630506	9.17199789044048e-05	0.000137579968356607	2.29299947261012e-05	0	0	0	0	0	0	0	0	0	0	0	0	0	0	0	0	0	0	0	0	0	0	0	0	0	0	0	0	0	0
k__Bacteria|p__Bacteroidota|c__Bacteroidia|o__Bacteroidales|f__Marinifilaceae|g__Gabonibacter|s__Gabonibacter_massiliensis	0	0	0	0	0	0	0	0	0	0	0	0	0	0	0	0	0	0	0	0	0	0	0	0	0	0	0	0	0	0	6.87899841783036e-05	4.58599894522024e-05	0	0.000160509963082709	9.17199789044048e-05	6.87899841783036e-05
k__Bacteria|p__Bacillota|c__Clostridia|o__Lachnospirales|f__Lachnospiraceae	6.87899841783036e-05	9.17199789044048e-05	0.000160509963082709	0	9.17199789044048e-05	9.17199789044048e-05	0	0	0	0	0	0	0	0	0	0	0	0	0	0	0	0	0	0	0	0	0	0	0	0	0	0	0	0	0	0
k__Bacteria|p__Bacillota|c__Clostridia|o__Oscillospirales|f__Butyricicoccaceae	0	0.00018343995780881	0.000160509963082709	0	0	0	0.000137579968356607	0	0.000137579968356607	0	0	0	0	0	0	0	0	0	0	0	0	0	0	0	0	0	0	0	0	0	0	0	0	0	0	0
k__Bacteria|p__Bacillota|c__Bacilli|o__Lactobacillales|f__Enterococcaceae|g__Enterococcus	0	0	0	0	0	0	0	0	0	0	0	0	0	0	0	0	0	0	0	0	0	0	0	0	0	0	0	0	0	0	9.17199789044048e-05	0.000137579968356607	0.000114649973630506	9.17199789044048e-05	4.58599894522024e-05	6.87899841783036e-05
k__Bacteria|p__Actinomycetota|c__Coriobacteriia|o__Coriobacteriales|f__unclassified_Coriobacteriales|g__unclassified_Coriobacteriales|s__unclassified_Coriobacteriales	4.58599894522024e-05	2.29299947261012e-05	0	9.17199789044048e-05	2.29299947261012e-05	6.87899841783036e-05	0	0	0	0	0	0	0.000114649973630506	0	0	0	0	0	0	0	0	0	0	0	0	0	0	0	0	0	6.87899841783036e-05	0	0	2.29299947261012e-05	0	0
k__Bacteria|p__Bacillota|c__Clostridia|o__Peptostreptococcales-Tissierellales|f__Anaerovoracaceae|g__Family_XIII_UCG-001|s__unclassified_Family_XIII_UCG-001	0	0	0	0	0	0	4.58599894522024e-05	0	0	0	0	0.000412739905069822	0	0	0	0	0	0	0	0	0	0	0	0	0	0	0	0	0	0	0	0	0	0	0	0
k__Bacteria|p__Verrucomicrobiota|c__Verrucomicrobiia|o__Verrucomicrobiales|f__Akkermansiaceae|g__Akkermansia	0	0	0	0	0	0	0	0.000504459883974227	0	0	0	0	0	0	0	0	0	0	0	0	0	0	0	0	0	0	0	0	0	0	0	0	0	0	0	0
k__Bacteria|p__Bacillota|c__Clostridia|o__Clostridia_vadinBB60_group|f__unclassified_Clostridia_vadinBB60_group|g__unclassified_Clostridia_vadinBB60_group|s__unclassified_Clostridia_vadinBB60_group	9.17199789044048e-05	2.29299947261012e-05	6.87899841783036e-05	0.000137579968356607	9.17199789044048e-05	4.58599894522024e-05	0	0	0	0	0	0	0	0	0	0	0	0	0	0	0	0	0	0	0	0	0	0	0	0	0	0	0	0	0	0
k__Bacteria|p__Bacillota|c__Clostridia|o__Oscillospirales|f__Ruminococcaceae	0	0.000160509963082709	0.000137579968356607	0.000137579968356607	9.17199789044048e-05	4.58599894522024e-05	0	0	0	0	0	0	0	0	0	0	0	0	0	0	0	0	0	0	0	0	0	0	0	0	0	0	0	0	0	0
k__Bacteria|p__Bacillota|c__Clostridia|o__Lachnospirales|f__Lachnospiraceae|g__Lachnoclostridium	0	0	0	0	0	0	0	0.000275159936713215	0	0	0	0	0	0	0.000160509963082709	0	0	0.000206369952534911	0	0	0	0	0	0	0	0	0	0	0	0	0	0	0	0	0	0
k__Bacteria|p__Bacillota|c__Clostridia|o__Oscillospirales|f__Butyricicoccaceae	9.17199789044048e-05	6.87899841783036e-05	0	0	4.58599894522024e-05	0	0	0	0	0	0	0	0	0	0	0	0	0	0	6.87899841783036e-05	0	4.58599894522024e-05	9.17199789044048e-05	4.58599894522024e-05	0	0	0	0	0	0	0	0	0	0	0	0
k__Bacteria|p__Bacillota	0	0	0	0	0	0	0	0	0	0	0	0	0	0	0	0	0	0	0	0	0	0	0	0	0	0	0	0	0	0	4.58599894522024e-05	6.87899841783036e-05	0	0.000206369952534911	4.58599894522024e-05	4.58599894522024e-05
k__Bacteria|p__Bacteroidota|c__Bacteroidia|o__Bacteroidales|f__Marinifilaceae|g__Butyricimonas	0	0	0	0	0	0	0	0	0	0	0	0	0	0	0	0	0	0	0	0	0	0	0	0	0	0	0	9.17199789044048e-05	0	0	0.000137579968356607	0	6.87899841783036e-05	0	9.17199789044048e-05	0.000114649973630506
k__Bacteria|p__Bacillota|c__Clostridia|o__Oscillospirales|f__Oscillospiraceae	6.87899841783036e-05	0	0	6.87899841783036e-05	6.87899841783036e-05	0	0	2.29299947261012e-05	0.000137579968356607	0	0	4.58599894522024e-05	0	0	0	0	0	0	0	0	0	0	0	0	0	0	0	0	0	0	6.87899841783036e-05	0	0	0	0	0
k__Bacteria|p__Bacillota|c__Bacilli|o__Staphylococcales|f__Staphylococcaceae|g__Mammaliicoccus	4.58599894522024e-05	6.87899841783036e-05	9.17199789044048e-05	0.000114649973630506	0	6.87899841783036e-05	2.29299947261012e-05	0	0	0	0	6.87899841783036e-05	0	0	0	0	0	0	0	0	0	0	0	0	0	0	0	0	0	0	2.29299947261012e-05	0	0	0	0	0
k__Bacteria|p__Bacillota|c__Clostridia|o__Oscillospirales|f__Oscillospiraceae	0	0	0	0	0	0	0	0	0	0	0	0	0	0	0	0	0	0	0	0	0	0	0	0	6.87899841783036e-05	0	0.000160509963082709	0.000137579968356607	0.000137579968356607	0.000229299947261012	0	0	0	0	0	0
k__Bacteria|p__Bacillota|c__Clostridia|o__Lachnospirales|f__Lachnospiraceae	0	0	0	0	0	0	9.17199789044048e-05	2.29299947261012e-05	9.17199789044048e-05	6.87899841783036e-05	6.87899841783036e-05	0.00018343995780881	0	0	0	0	0	0	0	0	0	0	0	0	0	0	0	0	0	0	0	0	0	0	0	0
k__Bacteria|p__Bacteroidota|c__Bacteroidia|o__Bacteroidales|f__Muribaculaceae	2.29299947261012e-05	9.17199789044048e-05	0.000137579968356607	0	9.17199789044048e-05	9.17199789044048e-05	0	0	0	0	0	0	0	0	0	0	0	0	0	0	0	0	0	0	0	0	0	0	0	0	0	0	0	0	0	0
k__Bacteria|p__Verrucomicrobiota|c__Verrucomicrobiia|o__Verrucomicrobiales|f__Akkermansiaceae|g__Akkermansia	0	0	0	0	0	0	0	0	0	0	0	0	0	0	0	0	0	0	0	0.000458599894522024	0	0	0	0	0	0	0	0	0	0	0	0	0	0	0	0
k__Bacteria|p__Bacillota|c__Bacilli|o__RF39|f__unclassified_RF39|g__unclassified_RF39|s__unclassified_RF39	2.29299947261012e-05	0	0	6.87899841783036e-05	9.17199789044048e-05	6.87899841783036e-05	6.87899841783036e-05	0	0	0.000114649973630506	0	0.000160509963082709	0	0	0	0	0	0	0	0	0	0	0	0	0	0	0	0	0	0	0	0	0	0	0	0
k__Bacteria|p__Verrucomicrobiota|c__Verrucomicrobiia|o__Verrucomicrobiales|f__Akkermansiaceae|g__Akkermansia|s__Akkermansia_muciniphila	0	0	0	0	0	0	0	0	0	0	0	0	0	0	0	0	0	0	0.000481529889248125	0	0	0	0	0	0	0	0	0	0	0	0	0	0	0	0	0
k__Bacteria|p__Bacillota|c__Clostridia|o__Lachnospirales|f__Lachnospiraceae	0	0	0	0	0	0	0	0	0	0	0	0	0	0	0	0	0	0	6.87899841783036e-05	0.000137579968356607	0.000137579968356607	0	0.000137579968356607	0	0	0	0	0	0	0	0	0	0	0	0	0
k__Bacteria|p__Bacillota|c__Clostridia|o__Lachnospirales|f__Lachnospiraceae	0	0	0	0	0	0	0	0	0	0	0	0	0	0	0	0	0	0	0	0	0	0	0	0	0	0	0	0	0	0	0	0.00018343995780881	0	0	0.000206369952534911	0.00018343995780881
k__Bacteria|p__Bacteroidota|c__Bacteroidia|o__Bacteroidales|f__Muribaculaceae	0	0	0	0	0	0	0	0	0	0	0	0	0	0	0	0	0	0	0	0	0	0	0	0	0.000137579968356607	0	0	0	0	0	0	0	0.000298089931439316	0.000137579968356607	0	0
k__Bacteria|p__Bacteroidota|c__Bacteroidia|o__Bacteroidales|f__Muribaculaceae|g__unclassified_Muribaculaceae|s__unclassified_Muribaculaceae	0	0	0	0	0	0	0	0	0	0	0	0	0	0	0	0	0	0	0	0	0	0	0	0	0	0	0	0	0	0	0	0	0	0	0	0.000481529889248125
k__Bacteria|p__Bacillota|c__Clostridia|o__Lachnospirales|f__Lachnospiraceae|g__Lachnospiraceae_NK4A136_group|s__Lachnospiraceae_bacterium_10-1	0	0	0	0	0	0	0	0	0	0	0	0	0	9.17199789044048e-05	0	0	6.87899841783036e-05	0	0	0	0	0	0	0	0.000160509963082709	0	0	0	0.000114649973630506	0.000114649973630506	0	0	0	0	0	0
k__Bacteria|p__Verrucomicrobiota|c__Verrucomicrobiia|o__Verrucomicrobiales|f__Akkermansiaceae|g__Akkermansia	0	0	0	0	0	0	0	0	0	0	0	0	0	0	0	0	0	0	0	0	0	0	0	0	0	0	0	0.000481529889248125	0	0	0	0	0	0	0	0
k__Bacteria|p__Bacillota|c__Clostridia|o__Lachnospirales|f__Lachnospiraceae	4.58599894522024e-05	0	4.58599894522024e-05	4.58599894522024e-05	6.87899841783036e-05	0.000137579968356607	0	0	0	0	0	0	0	0	0	0	6.87899841783036e-05	0	0	0	0	0	0	0	0	0	0	0	0	0	0	0	0	0	0	0
k__Bacteria|p__Bacillota|c__Clostridia|o__Oscillospirales|f__Oscillospiraceae|g__Intestinimonas	0	0	0	0	0	0	0	0	0	0	0	0	0	0	0	0	0	0	0	0	0	0	0	0	0	0	0	0	0	0	0.000137579968356607	4.58599894522024e-05	0.000206369952534911	6.87899841783036e-05	6.87899841783036e-05	0
k__Bacteria|p__Bacillota|c__Clostridia|o__Lachnospirales|f__Lachnospiraceae	0	0	0	0	0	0	0	0	0	0	0	0	0	0	0	0	0	0	6.87899841783036e-05	0.000137579968356607	0	0	0	0.000160509963082709	0	0	0	0	0	0	0	0	0	0	0	0
k__Bacteria|p__Cyanobacteriota|c__Vampirivibrionia|o__Gastranaerophilales|f__Gastranaerophilaceae|g__Zag_111|s__unclassified_Zag_111	0	0	0	0	0	0	0	0	0	0	0	0	0	0	0	0	0	0	0	0	0	0	0	0	0	0	0	0.000435669899795923	0	6.87899841783036e-05	0	0	0	0	0	0
k__Bacteria|p__Bacteroidota|c__Bacteroidia|o__Bacteroidales|f__Marinifilaceae|g__Butyricimonas|s__unclassified_Butyricimonas	0	0	0	0	0	0	0	0	0	0	0	0	0	0	0	0.000252229941987113	0	0	0	0	6.87899841783036e-05	0	0	4.58599894522024e-05	0	0	0	0	0	0	0	0	0	0	0	0
k__Bacteria|p__Bacillota|c__Clostridia|o__Lachnospirales|f__Lachnospiraceae	0	0	0	6.87899841783036e-05	0	0	0	0	0	0	0	0	0	0	0	0	0	0	0	0	0	0	0	0	4.58599894522024e-05	0.000137579968356607	6.87899841783036e-05	4.58599894522024e-05	0.000114649973630506	0.000160509963082709	0	0	0	0	0	0
k__Bacteria|p__Bacillota|c__Clostridia|o__Oscillospirales|f__Ruminococcaceae	0	0	0	6.87899841783036e-05	0	0	0	0	0	0	0	0	0	0	0	0	0	0	0	0	0	0	0	0	0	0	0	0	0	0	0	0.000229299947261012	0	0	0.000137579968356607	9.17199789044048e-05
k__Bacteria|p__Bacillota|c__Clostridia	6.87899841783036e-05	0	0.000114649973630506	0	4.58599894522024e-05	2.29299947261012e-05	0	0	0	0	0	0	0	0	0	0	0	0	0	0	0	0	0	0	0	0	0	0	0	0	6.87899841783036e-05	0	0.000114649973630506	2.29299947261012e-05	0	2.29299947261012e-05
k__Bacteria|p__Bacillota|c__Clostridia|o__Oscillospirales|f__Oscillospiraceae|g__Papillibacter|s__unclassified_Papillibacter	0	0	0	0	0	0	0	0	0	0	0	0	0	0	0	0	0	0	0	0	0	0	0	0	0	0	0	0	0	0	6.87899841783036e-05	0.000160509963082709	9.17199789044048e-05	4.58599894522024e-05	0	4.58599894522024e-05
k__Bacteria|p__Bacillota|c__Bacilli|o__Lactobacillales|f__Streptococcaceae|g__Streptococcus	0	0	0	0	6.87899841783036e-05	0	0	0	0	0	0	0	0	0	0	0	0	0	0	0	0	0	0	0	0	0	0	0	2.29299947261012e-05	0	4.58599894522024e-05	0	0	0.00018343995780881	0	0
k__Bacteria|p__Bacteroidota|c__Bacteroidia|o__Bacteroidales|f__Marinifilaceae|g__Butyricimonas	0	0	0	0	0	0	0	0	0	0	0	0	0	0	0	0	0	0	0	9.17199789044048e-05	0	6.87899841783036e-05	0.000229299947261012	0	0	0	0	0	0	0	0	0	0	0	0	0
k__Bacteria|p__Fusobacteriota|c__Fusobacteriia|o__Fusobacteriales|f__Fusobacteriaceae|g__Fusobacterium	0	0	0	0	0	0	0	0	0	0	0	0	0	0	0	0	0	0	0	0	0	0	0	0	4.58599894522024e-05	0.000160509963082709	2.29299947261012e-05	9.17199789044048e-05	9.17199789044048e-05	2.29299947261012e-05	0	0	0	0	0	0
k__Bacteria|p__Bacillota|c__Clostridia|o__Lachnospirales|f__Lachnospiraceae	0	0	0	0	0	0	4.58599894522024e-05	0	0.000137579968356607	0.000114649973630506	6.87899841783036e-05	0.000114649973630506	0	0	0	0	0	0	0	0	0	0	0	0	0	0	0	0	0	0	0	0	0	0	0	0
k__Bacteria|p__Bacillota|c__Clostridia	9.17199789044048e-05	6.87899841783036e-05	9.17199789044048e-05	4.58599894522024e-05	2.29299947261012e-05	2.29299947261012e-05	0	0	0	0	0	0	0	0	0	0	0	0	0	0	0	0	0	0	0	0	0	0	0	0	0	0	0	0	0	0
k__Bacteria|p__Bacillota|c__Clostridia|o__Lachnospirales|f__Lachnospiraceae	6.87899841783036e-05	0.000114649973630506	6.87899841783036e-05	0	4.58599894522024e-05	0.000137579968356607	0	0	0	0	0	0	0	0	0	0	0	0	0	0	0	0	0	0	0	0	0	0	0	0	0	0	0	0	0	0
k__Bacteria|p__Bacillota|c__Bacilli|o__RF39|f__unclassified_RF39|g__unclassified_RF39|s__unclassified_RF39	0	0	0	0.000229299947261012	0.000137579968356607	0	0	0	0	0	0	0	0	0	0	0	0	0	0	0	0	0	0	0	0	0	0	0	0	0	0	0	0	0	0	0
k__Bacteria|p__Bacillota|c__Clostridia|o__Clostridia_vadinBB60_group|f__unclassified_Clostridia_vadinBB60_group|g__unclassified_Clostridia_vadinBB60_group|s__unclassified_Clostridia_vadinBB60_group	0	0	0	0	0	0	0	0	0	0	0	0	0.000252229941987113	0.000114649973630506	0.000206369952534911	0	0	0	0	0	0	0	0	0	0	0	0	0	0	0	0	0	0	0	0	0
k__Bacteria|p__Bacillota|c__Clostridia|o__Oscillospirales|f__Ruminococcaceae|g__Acutalibacter|s__[Clostridium]_leptum	0	0	0	0	0	0	0	0	0	0	0	0	0	0	0	0	0	0	0	0	0	0	0	0	0	0	0	0	0	0	0.000114649973630506	6.87899841783036e-05	6.87899841783036e-05	4.58599894522024e-05	4.58599894522024e-05	0
k__Bacteria|p__Bacteroidota|c__Bacteroidia|o__Bacteroidales|f__Muribaculaceae|g__unclassified_Muribaculaceae|s__unclassified_Muribaculaceae	0	0	0	0	0	0	0	0	0	0	0	0	0	0	0	0	0	0	0	0	0	0	0	0	0	0	0	0.000412739905069822	0	0	0	0	0	0	0	0
k__Bacteria|p__Bacteroidota|c__Bacteroidia|o__Bacteroidales|f__Muribaculaceae|g__unclassified_Muribaculaceae|s__unclassified_Muribaculaceae	0	0	0	0	0	0	0	0	0	0	0	0	0	0	0	0.000252229941987113	0	0.000160509963082709	0	0	0	0	0	0	0	0	0	0	0	0	0	0	0	0	0	0
k__Bacteria|p__Verrucomicrobiota|c__Verrucomicrobiia|o__Verrucomicrobiales|f__Akkermansiaceae|g__Akkermansia	0	0	0	0	0	0	0	0	0	0	0	0	0	0	0	0	0	0	0	0	0.000389809910343721	0	0	0	0	0	0	0	0	0	0	0	0	0	0	0
k__Bacteria|p__Bacillota|c__Clostridia|o__Lachnospirales|f__Lachnospiraceae	0	0	0	0	0	0	0	0	0	0	0	0	0	0	0	0	0	0	0	0	0	0	0	0	0	0	0	0	0	0	9.17199789044048e-05	0	0.000137579968356607	0.000137579968356607	0	0
k__Bacteria|p__Bacillota|c__Clostridia|o__Lachnospirales|f__Lachnospiraceae	0	0	0	0	0	0	0	0	0	0	0	0	0	0	0	0	0	0	0	0	0.000114649973630506	4.58599894522024e-05	4.58599894522024e-05	2.29299947261012e-05	4.58599894522024e-05	0	0	6.87899841783036e-05	0	0	0	0	0	0	0	0
k__Bacteria|p__Bacillota|c__Bacilli|o__Erysipelotrichales|f__Erysipelotrichaceae|g__Holdemania|s__unclassified_Holdemania	0	0	0	0	0	0	0	0	0	0	0	0	0	0.000114649973630506	4.58599894522024e-05	0	4.58599894522024e-05	9.17199789044048e-05	0	0	0	0	2.29299947261012e-05	4.58599894522024e-05	0	0	0	0	0	0	0	0	0	0	0	0
k__Bacteria|p__Bacillota|c__Clostridia|o__Oscillospirales|f__Ruminococcaceae|g__Anaerofilum|s__unclassified_Anaerofilum	0	0.000114649973630506	2.29299947261012e-05	0.000137579968356607	6.87899841783036e-05	2.29299947261012e-05	0	0	0	0	0	0	0	0	0	0	0	0	0	0	0	0	0	0	0	0	0	0	0	0	0	0	0	0	0	0
k__Bacteria|p__Verrucomicrobiota|c__Verrucomicrobiia|o__Verrucomicrobiales|f__Akkermansiaceae|g__Akkermansia	0	0	0	0	0.000298089931439316	0	0	0	0	0	0	0	0	0	0	0	0	0	0	0	0	0	0	0	0	0	0	0	0	0	0	0	0	0	0	0
k__Bacteria|p__Bacteroidota|c__Bacteroidia|o__Bacteroidales|f__Marinifilaceae|g__Butyricimonas|s__unclassified_Butyricimonas	0	0	0	0	0	0	0	0	0	0	0	0	4.58599894522024e-05	0	0.000137579968356607	6.87899841783036e-05	0	9.17199789044048e-05	0	0	4.58599894522024e-05	0	0	0	0	0	0	0	0	0	0	0	0	0	0	0
k__Bacteria|p__Bacillota|c__Clostridia|o__Lachnospirales|f__Lachnospiraceae	0	0	0	0	0	0	0	4.58599894522024e-05	0	0	0	6.87899841783036e-05	0	0	0	0	0	0	0	0	0	0	0	0	0	0	0	0	0	0	0	0	0	0	0.000252229941987113	0
k__Bacteria|p__Bacillota|c__Clostridia|o__Clostridia_vadinBB60_group|f__unclassified_Clostridia_vadinBB60_group|g__unclassified_Clostridia_vadinBB60_group|s__unclassified_Clostridia_vadinBB60_group	0	0	0	0.000137579968356607	0	9.17199789044048e-05	0	0	6.87899841783036e-05	0	0	2.29299947261012e-05	0	0	0	0	0	0	0	0	0	0	0	0	0	0	0	0	0	0	6.87899841783036e-05	0	0	6.87899841783036e-05	4.58599894522024e-05	0
k__Bacteria|p__Bacillota|c__Clostridia|o__Oscillospirales|f__Ruminococcaceae|g__Paludicola	0	0	0	0	0	0	0	0	0	0	0	0	0	0	0	0	0	0	0	0	0	0	0	0	0	0	0	0	0	0	9.17199789044048e-05	0	0	9.17199789044048e-05	0	9.17199789044048e-05
k__Bacteria|p__Bacillota|c__Clostridia|o__Oscillospirales|f__Oscillospiraceae	0	0	0	0	0	0	0	0	0	0	0	0	0	6.87899841783036e-05	0	0	0	0	0	0	0	0	0	0	0	4.58599894522024e-05	9.17199789044048e-05	0	0.00018343995780881	9.17199789044048e-05	4.58599894522024e-05	0	0	0	0	0
k__Bacteria|p__Pseudomonadota|c__Gammaproteobacteria|o__Burkholderiales|f__Nitrosomonadaceae|g__Nitrosomonas	0	0	0	0	0	0	0	0	0	0	0	0	0	0	0	0	0	0	0.000114649973630506	2.29299947261012e-05	4.58599894522024e-05	4.58599894522024e-05	0	0	0	0	0	6.87899841783036e-05	2.29299947261012e-05	0	0	0	0	0	0	0
k__Bacteria|p__Bacteroidota|c__Bacteroidia|o__Bacteroidales|f__Muribaculaceae|g__unclassified_Muribaculaceae|s__unclassified_Muribaculaceae	0	0	0	0	0	0	0	0	0	0	0	0	0	0	0	0	0	0	0	0	0	0	0	0	0.000435669899795923	0	0	0	0	0	0	0	0	0	0	0
k__Bacteria|p__Bacillota|c__Clostridia|o__Clostridia_UCG-014|f__unclassified_Clostridia_UCG-014|g__unclassified_Clostridia_UCG-014|s__unclassified_Clostridia_UCG-014	0.000252229941987113	0	0.00018343995780881	0	0	0	0	0	0	0	0	0	0	0	0	0	0	0	0	0	0	0	0	0	0	0	0	0	0	0	0	0	0	0	0	0
k__Bacteria|p__Bacteroidota|c__Bacteroidia|o__Bacteroidales|f__Muribaculaceae|g__unclassified_Muribaculaceae|s__unclassified_Muribaculaceae	0	0.000321019926165417	0	0	0	0	0	0	0	0	0	0	0	0	0	0	0	0	0	0	0	0	0	0	0	0	0	0	0	0	0	0	0	0	0	0
k__Bacteria|p__Bacteroidota|c__Bacteroidia|o__Bacteroidales|f__Muribaculaceae|g__unclassified_Muribaculaceae|s__unclassified_Muribaculaceae	0	0	0	0	0.000321019926165417	0	0	0	0	0	0	0	0	0	0	0	0	0	0	0	0	0	0	0	0	0	0	0	0	0	0	0	0	0	0	0
k__Bacteria|p__Bacillota|c__Clostridia|o__Oscillospirales|f__Ruminococcaceae	2.29299947261012e-05	2.29299947261012e-05	0	0.000160509963082709	2.29299947261012e-05	4.58599894522024e-05	0	0	0	0	0	0	0	0	0	0	0	0	0	0	0	0	0	0	0	0	0	0	0	0	0	0	0	0	0	0
k__Bacteria|p__Bacillota|c__Clostridia	6.87899841783036e-05	4.58599894522024e-05	0	6.87899841783036e-05	9.17199789044048e-05	9.17199789044048e-05	0	0	0	0	0	0	0	0	0	0	0	0	0	0	0	0	0	0	0	0	0	0	0	0	0	0	0	0	0	0
k__Bacteria|p__Pseudomonadota|c__Gammaproteobacteria|o__Pseudomonadales|f__Moraxellaceae|g__Psychrobacter	0	2.29299947261012e-05	0	0	4.58599894522024e-05	2.29299947261012e-05	2.29299947261012e-05	0	2.29299947261012e-05	0	0	2.29299947261012e-05	9.17199789044048e-05	2.29299947261012e-05	0	4.58599894522024e-05	4.58599894522024e-05	0	0	0	0	0	0	0	0	0	0	0	0	0	0	0	0	0	0	0
k__Bacteria|p__Bacillota|c__Clostridia|o__Oscillospirales|f__UCG-010|g__unclassified_UCG-010|s__unclassified_UCG-010	0.00018343995780881	0.00018343995780881	0	0	0	9.17199789044048e-05	0	0	0	0	0	0	0	0	0	0	0	0	0	0	0	0	0	0	0	0	0	0	0	0	0	0	0	0	0	0
k__Bacteria|p__Bacillota|c__Clostridia|o__Lachnospirales|f__Lachnospiraceae	4.58599894522024e-05	4.58599894522024e-05	0	0	0	0	0	0	0	0	0	0	0	6.87899841783036e-05	0	2.29299947261012e-05	0	0	0	0	0	0	0	0	0	0	0	0	0	0	6.87899841783036e-05	0	0	0	6.87899841783036e-05	0
k__Bacteria|p__Bacillota|c__Clostridia|o__Clostridia_vadinBB60_group|f__unclassified_Clostridia_vadinBB60_group|g__unclassified_Clostridia_vadinBB60_group|s__unclassified_Clostridia_vadinBB60_group	6.87899841783036e-05	0	0	4.58599894522024e-05	4.58599894522024e-05	0	0	0	0	0	2.29299947261012e-05	0	0	0	0	0	0	0	0	0	0	0	2.29299947261012e-05	0	0	0	0	0	0	0	6.87899841783036e-05	0	0	2.29299947261012e-05	0	2.29299947261012e-05
k__Bacteria|p__Bacillota|c__Clostridia|o__Clostridia_UCG-014|f__unclassified_Clostridia_UCG-014|g__unclassified_Clostridia_UCG-014|s__unclassified_Clostridia_UCG-014	0	0	0	0	0	0	0.000160509963082709	9.17199789044048e-05	0	0	6.87899841783036e-05	0	0	0	0	0	0	0	0	0	0	0	0	0	0	0	0	0	0	0	0	0	0	0	0	0
k__Bacteria|p__Bacteroidota|c__Bacteroidia|o__Bacteroidales|f__Tannerellaceae|g__Parabacteroides	0	0	0	0	0	0	0	0	0	0	0	0	0	0	0	0	0	0	0	0	0	0	0	0	0	0	0	0	0	0	0.000137579968356607	9.17199789044048e-05	0	6.87899841783036e-05	0	0
k__Bacteria|p__Pseudomonadota|c__Alphaproteobacteria|o__Rhodospirillales|f__unclassified_Rhodospirillales|g__unclassified_Rhodospirillales|s__Azospirillum_sp._47_25	0	0	0	0	0	0	0	0	0	0	0	0	0	0	0	0	0	0	0	0	0	0	0	0	0	0	0	0	0	0	0.000137579968356607	0	0	9.17199789044048e-05	0	0
k__Bacteria|p__Bacillota|c__Clostridia|o__Lachnospirales|f__Lachnospiraceae	0	0	0	0	0	0	0	0	0	0	0	0	0	0	0	0	0	0	0	0	2.29299947261012e-05	0.000160509963082709	0.000114649973630506	0	0	0	0	0	0	0	0	0	0	0	0	0
k__Bacteria|p__Bacillota|c__Clostridia|o__Oscillospirales|f__Ruminococcaceae|g__Harryflintia|s__unclassified_Harryflintia	0	0	0	0	0	0	0	0	0	0	0	0	0	0	0	0	0	0	2.29299947261012e-05	4.58599894522024e-05	6.87899841783036e-05	2.29299947261012e-05	0.000114649973630506	2.29299947261012e-05	0	0	0	0	0	0	0	0	0	0	0	0
k__Bacteria|p__Bacteroidota|c__Bacteroidia|o__Bacteroidales|f__Muribaculaceae|g__unclassified_Muribaculaceae|s__unclassified_Muribaculaceae	0	0	0	0	0	0	0	0	0.000527389878700328	0	0	0	0	0	0	0	0	0	0	0	0	0	0	0	0	0	0	0	0	0	0	0	0	0	0	0
k__Bacteria|p__Bacillota|c__Clostridia|o__Lachnospirales|f__Lachnospiraceae	0.000343949920891518	0	0	0	0	0	0	0	0	0	0	0	0	0	0	0	0	0	0	0	0	0	0	0	0	0	0	0	0	0	0	0	0	0	0	0
k__Bacteria|p__Bacillota|c__Clostridia|o__Lachnospirales|f__Lachnospiraceae	9.17199789044048e-05	6.87899841783036e-05	0	4.58599894522024e-05	0	0.000114649973630506	0	0	0	0	0	0	0	0	0	0	0	0	0	0	0	0	0	0	0	0	0	0	0	0	0	0	0	0	0	0
k__Bacteria|p__Bacillota|c__Clostridia|o__Lachnospirales|f__Lachnospiraceae	0	0	0	0	0	0	0	0	0	0	0	0	0	6.87899841783036e-05	0.000160509963082709	0	4.58599894522024e-05	6.87899841783036e-05	0	0	0	0	0	0	0	0	0	0	0	0	0	0	0	0	0	0
k__Bacteria|p__Bacteroidota|c__Bacteroidia|o__Bacteroidales|f__Prevotellaceae	0	0	0	0	0	0.000298089931439316	0	0	0	0	0	0	0	0	0	0	0	0	0	0	0	0	0	0	0	0	0	0	0	0	0	0	0	0	0	0
k__Bacteria|p__Bacillota|c__Clostridia|o__Lachnospirales|f__Lachnospiraceae	0	0	0	0	0	0	0	0	0	0	0	0	0	0	0	0	0	0	0	0	0.000298089931439316	0	0	0	0	0	0	0	0	0	0	0	0	0	0	0
k__Bacteria|p__Bacillota|c__Clostridia|o__Lachnospirales|f__Lachnospiraceae	0	9.17199789044048e-05	0	0	4.58599894522024e-05	0.000160509963082709	0	0	0	0	0	0	0	0	0	0	0	0	0	0	0	0	0	0	0	0	0	0	0	0	0	0	0	0	0	0
k__Bacteria|p__Bacillota|c__Clostridia|o__Lachnospirales|f__Lachnospiraceae	0	0	0	0	0	0	0	0	0	0	0	0	0	0	0	0	0	0	0	0	0	0	0	0.000114649973630506	0	0	0	0	0	0.000435669899795923	0	0	0	0	0	0
k__Bacteria|p__Bacillota|c__Clostridia|o__Oscillospirales	0	0.000114649973630506	0	4.58599894522024e-05	0.000160509963082709	0	0	0	0	0	0	0	0	0	0	0	0	0	0	0	0	0	0	0	0	0	0	0	0	0	0	0	0	0	0	0
k__Bacteria|p__Bacillota|c__Clostridia|o__Lachnospirales|f__Lachnospiraceae	6.87899841783036e-05	2.29299947261012e-05	0	6.87899841783036e-05	6.87899841783036e-05	4.58599894522024e-05	0	0	0	0	0	0	0	0	0	0	0	0	0	0	0	0	0	0	0	0	0	0	0	0	0	0	0	0	0	0
k__Bacteria|p__Bacillota|c__Clostridia|o__Lachnospirales|f__Lachnospiraceae	6.87899841783036e-05	0	2.29299947261012e-05	6.87899841783036e-05	4.58599894522024e-05	4.58599894522024e-05	0	0	0	0	0	0	0	0	0	0	0	0	0	0	0	0	0	0	0	0	0	0	0	0	0	0	0	0	0	0
k__Bacteria|p__Bacillota|c__Clostridia|o__Oscillospirales|f__Ruminococcaceae|g__Harryflintia|s__unclassified_Harryflintia	6.87899841783036e-05	2.29299947261012e-05	0	9.17199789044048e-05	0	6.87899841783036e-05	0	0	0	0	0	0	4.58599894522024e-05	0	0	0	0	0	0	0	0	0	0	0	0	0	0	0	0	0	0	0	0	0	0	0
k__Bacteria|p__Bacillota|c__Clostridia|o__Lachnospirales|f__Lachnospiraceae|g__GCA-900066575|s__unclassified_GCA-900066575	0	0	0	0	2.29299947261012e-05	0	0	0	0	0	0	0	0	0	0	0	0	0	0	0	0	0	0	0	0	0	0.000114649973630506	4.58599894522024e-05	0.000114649973630506	0.000206369952534911	0	0	0	0	0	0
k__Bacteria|p__Bacillota|c__Clostridia|o__Clostridiales|f__Clostridiaceae|g__Candidatus_Arthromitus|s__Candidatus_Arthromitus_sp._SFB-mouse-NL	0	0	0	6.87899841783036e-05	6.87899841783036e-05	0	0	0	0	0	0	0	0	0	0	0	0	0	0	0	0	6.87899841783036e-05	2.29299947261012e-05	0	0	0	0	2.29299947261012e-05	0	4.58599894522024e-05	0	0	0	0	0	0
k__Bacteria|p__Bacillota|c__Clostridia|o__Oscillospirales|f__UCG-010|g__unclassified_UCG-010|s__unclassified_UCG-010	2.29299947261012e-05	6.87899841783036e-05	0	0	6.87899841783036e-05	6.87899841783036e-05	0	0	0	0	0	0	0	0	0	0	0	0	0	0	0	0	0	0	0	0	0	0	0	0	2.29299947261012e-05	0	0	2.29299947261012e-05	0	0
k__Bacteria|p__Bacillota|c__Clostridia	0	0	0	4.58599894522024e-05	2.29299947261012e-05	2.29299947261012e-05	0	0	0	0	0	0	0	2.29299947261012e-05	0	0	0	2.29299947261012e-05	0	0	0	0	0	0	0	0	0	0	0	0	4.58599894522024e-05	2.29299947261012e-05	0	2.29299947261012e-05	0	0
k__Bacteria|p__Bacillota|c__Clostridia|o__Lachnospirales|f__Lachnospiraceae	0	0	0	0	0	0	0	0	0	0	0	0	0	0	0	0	0	0	0	0	0	0	0	0	0	0	0	0	0	0	4.58599894522024e-05	6.87899841783036e-05	9.17199789044048e-05	0	6.87899841783036e-05	4.58599894522024e-05
k__Bacteria|p__Bacillota|c__Clostridia	0	0	0	0	0	0	0	0	0	0	0	0	0	0	0	0	0	0	0	0	0	0	0	0	0	0	0	0	0	0	4.58599894522024e-05	0	0.000160509963082709	6.87899841783036e-05	2.29299947261012e-05	2.29299947261012e-05
k__Bacteria|p__Verrucomicrobiota|c__Verrucomicrobiia|o__Verrucomicrobiales|f__Akkermansiaceae|g__Akkermansia	0	0	0	0	0	0	0	0	0	0	0	0	0	0	0	0	0	0	0	0	0	0	0	0	0	0	0	0.000160509963082709	0	0	9.17199789044048e-05	0	0	0	0	0
k__Bacteria|p__Bacillota|c__Clostridia|o__Oscillospirales|f__Ruminococcaceae|g__Ruminococcus|s__unclassified_Ruminococcus	0	0	0	0	0	0	0	0	0	0	0	0	0	0	0	0	0	0	0	0	0	0	0	0	0	0	0	0	0	0	9.17199789044048e-05	0	6.87899841783036e-05	4.58599894522024e-05	9.17199789044048e-05	0
k__Bacteria|p__Bacillota|c__Clostridia|o__Oscillospirales|f__Oscillospiraceae	6.87899841783036e-05	0	0	0.000114649973630506	0	0	0	0	0	0	0	0	0	0	2.29299947261012e-05	0	0	0	0	0	0	0	0	0	0	0	0	0	0	0	0	0	9.17199789044048e-05	0	0	0
k__Bacteria|p__Bacillota|c__Clostridia|o__Lachnospirales|f__Lachnospiraceae	0	0	0	0	0	0	0	0	0	0	0	0	0	0	0	0	0	0	0	0	6.87899841783036e-05	6.87899841783036e-05	9.17199789044048e-05	6.87899841783036e-05	0	0	0	0	0	0	0	0	0	0	0	0
k__Bacteria|p__Bacillota|c__Bacilli|o__Erysipelotrichales|f__Erysipelatoclostridiaceae	6.87899841783036e-05	2.29299947261012e-05	0	4.58599894522024e-05	4.58599894522024e-05	4.58599894522024e-05	0	0	0	0	0	0	0	0	0	0	0	0	0	0	0	0	0	0	0	0	0	0	0	0	0	0	0	0	0	0
k__Bacteria|p__Bacillota|c__Clostridia|o__Oscillospirales|f__Ruminococcaceae|g__unclassified_Ruminococcaceae|s__Ruminococcaceae_bacterium_Marseille-P3738	6.87899841783036e-05	4.58599894522024e-05	0	6.87899841783036e-05	0	9.17199789044048e-05	0	0	0	0	0	0	0	0	0	0	0	0	0	0	0	0	0	0	0	0	0	0	0	0	0	0	0	0	0	0
k__Bacteria|p__Bacillota|c__Clostridia|o__Oscillospirales|f__Ruminococcaceae|g__Acutalibacter|s__unclassified_Acutalibacter	0	0	0	0	0	0	0	0	0	0	0	0	0	0	0	0	0	0	0	0	0	0	0	0	0	0	0	0	0	0	0.000114649973630506	0	0	6.87899841783036e-05	0	0
k__Bacteria|p__Bacteroidota|c__Bacteroidia|o__Bacteroidales|f__Bacteroidaceae|g__Bacteroides	0	0	0	0	0	0	0	0	0	0	0	0	0	0	0	0	0	0	0	0	0.000114649973630506	0	0.000137579968356607	0	0	0	0	0	0	0	0	0	0	0	0	0
k__Bacteria|p__Bacillota|c__Clostridia|o__Oscillospirales|f__Oscillospiraceae	0	0	0	0	0	0	0	0	0	0	9.17199789044048e-05	0	0	0	4.58599894522024e-05	0	0	0	0	0	0.000160509963082709	0	6.87899841783036e-05	0	0	0	0	0	0	0	0	0	0	0	0	0
k__Bacteria|p__Bacillota|c__Clostridia|o__Lachnospirales|f__Lachnospiraceae	0	0	0	0	0	0	0	0	0	0	0	0	0	6.87899841783036e-05	2.29299947261012e-05	0	0	2.29299947261012e-05	0	0	0	0	0	0	6.87899841783036e-05	6.87899841783036e-05	0	2.29299947261012e-05	2.29299947261012e-05	4.58599894522024e-05	0	0	0	0	0	0
k__Bacteria|p__Bacillota|c__Clostridia|o__Clostridia_UCG-014|f__unclassified_Clostridia_UCG-014|g__unclassified_Clostridia_UCG-014|s__unclassified_Clostridia_UCG-014	0	0	0	0	0	0	0	0	9.17199789044048e-05	0.00018343995780881	0	9.17199789044048e-05	0	0	0	0	0	0	0	0	0	0	0	0	0	0	0	0	0	0	0	0	0	0	0	0
k__Bacteria|p__Verrucomicrobiota|c__Verrucomicrobiia|o__Verrucomicrobiales|f__Akkermansiaceae|g__Akkermansia	0	0	0	0	0	0	0.000275159936713215	0	0	0	0	0	0	0	0	0	0	0	0	0	0	0	0	0	0	0	0	0	0	0	0	0	0	0	0	0
k__Bacteria|p__Bacillota|c__Clostridia|o__Lachnospirales|f__Lachnospiraceae	0	0	0.000114649973630506	0	0	0	0	0	0	0	0	0	0	0	0	0	0	9.17199789044048e-05	0	0	0	0	0	0.000114649973630506	0	0	0	0	0	0	0	0	0	0	0	0
k__Bacteria|p__Bacillota|c__Clostridia|o__Lachnospirales|f__Lachnospiraceae|g__GCA-900066575|s__unclassified_GCA-900066575	0	0	0	0	0	0	0	0	0	0	0	0	0	0	0	6.87899841783036e-05	0.00018343995780881	0	0	0	0	0	0	0	0	0	0	0	0	0	0	0	0	0	0	0
k__Bacteria|p__Bacillota|c__Clostridia|o__Lachnospirales|f__Lachnospiraceae	0	0	0	0	0	0	0	0	0	0	0	0	0	0	0	0	0	0	0	0	0	0	0	0	0.000160509963082709	0	0.000114649973630506	0	0	0.000206369952534911	0	0	0	0	0	0
k__Bacteria|p__Bacteroidota|c__Bacteroidia|o__Bacteroidales|f__Rikenellaceae|g__Alistipes|s__Alistipes_sp._Marseille-P2431	0	0	0	0	0	0	0	0	0	0	0	0	0.000114649973630506	0.000137579968356607	6.87899841783036e-05	0	4.58599894522024e-05	0	0	0	0	0	0	0	0	0	0	0	0	0	0	0	0	0	0	0
k__Bacteria|p__Bacillota|c__Clostridia|o__Clostridia_vadinBB60_group|f__unclassified_Clostridia_vadinBB60_group|g__unclassified_Clostridia_vadinBB60_group|s__unclassified_Clostridia_vadinBB60_group	0	0	0	0	0	0	0	0	0	0	0	2.29299947261012e-05	0	2.29299947261012e-05	0	2.29299947261012e-05	0	0	2.29299947261012e-05	0	2.29299947261012e-05	0	2.29299947261012e-05	4.58599894522024e-05	0	0	0	0	0	0	0	0	0	0	0	0
k__Bacteria|p__Bacillota|c__Clostridia|o__Lachnospirales|f__Lachnospiraceae	0	0	0	0	0	0	0	0	0	0	0	0	0	0	0	0	0	0	0	0	0	0	0	0	0	0	0	0	0	0	9.17199789044048e-05	0	0	6.87899841783036e-05	0	4.58599894522024e-05
k__Bacteria|p__Bacteroidota|c__Bacteroidia|o__Bacteroidales|f__Tannerellaceae|g__Parabacteroides|s__Parabacteroides_gordonii	0	0	0	0	0	0	0	0	0	0	0	0	0	0	0	0	0	0	0	0	9.17199789044048e-05	0.000114649973630506	0	6.87899841783036e-05	0	0	0	0	0	0	0	0	0	0	0	0
k__Bacteria|p__Bacillota|c__Clostridia|o__Clostridia_vadinBB60_group|f__unclassified_Clostridia_vadinBB60_group|g__unclassified_Clostridia_vadinBB60_group|s__unclassified_Clostridia_vadinBB60_group	0	0	0	0	0	0	0	0	0	0	0	0	0	0	0	0	0	0	4.58599894522024e-05	9.17199789044048e-05	6.87899841783036e-05	4.58599894522024e-05	4.58599894522024e-05	0	0	0	0	0	0	2.29299947261012e-05	0	0	0	0	0	0
k__Bacteria|p__Bacillota|c__Clostridia|o__Oscillospirales|f__Ruminococcaceae	6.87899841783036e-05	0.00018343995780881	0	0	0	0	0	0	0	0	0	0	0	0	0	0	0	0	0	0	0	0	0	0	0	0	0	0	0	0	0	0	0	0	0	0
k__Bacteria|p__Bacillota|c__Clostridia|o__Lachnospirales|f__Lachnospiraceae|g__Roseburia	0	0	0	0	0	0	0	0	0	0	0	0	0	0.000252229941987113	0	0	0	0	0	0	0	0	0	0	0	0	0	0	0	0	0	0	0	0	0	0
k__Bacteria|p__Bacillota|c__Clostridia|o__Lachnospirales|f__Lachnospiraceae|g__Butyribacter|s__unclassified_Butyribacter	0	0	0	0	0	0	0	0	0	0	0	0	0	9.17199789044048e-05	0	9.17199789044048e-05	9.17199789044048e-05	0	0	0	0	0	0	0	0	0	0	0	0	0	0	0	0	0	0	0
k__Bacteria|p__Bacillota|c__Clostridia|o__Oscillospirales|f__Oscillospiraceae|g__UCG-005|s__unclassified_UCG-005	4.58599894522024e-05	6.87899841783036e-05	0	2.29299947261012e-05	2.29299947261012e-05	0	0	0	0	0	0	0	0	0	0	0	0	0	0	2.29299947261012e-05	4.58599894522024e-05	0	0	0	0	0	0	0	0	0	0	0	0	0	0	0
k__Bacteria|p__Bacillota|c__Bacilli	0	0	0	0	0	0	0	0	0	0	0.000275159936713215	0	0	0	0	0	0	0	0	0	0	0	0	0	0	0	0	0	0	0	0	0	0	0	0	0
k__Bacteria|p__Bacillota|c__Clostridia|o__Oscillospirales|f__Ruminococcaceae	0	0	0	0	0	0	6.87899841783036e-05	6.87899841783036e-05	0	4.58599894522024e-05	0	0.000114649973630506	0	0	0	0	0	0	0	0	0	0	0	0	0	0	0	0	0	0	0	0	0	0	0	0
k__Bacteria|p__Bacteroidota|c__Bacteroidia|o__Bacteroidales|f__Marinifilaceae|g__Odoribacter|s__unclassified_Odoribacter	0	0	0	0	0	0	0	0	0	0	0	0	0	0	2.29299947261012e-05	0	0	0	0	0	0	0	0	0	0	0	0	0	0	0	4.58599894522024e-05	2.29299947261012e-05	4.58599894522024e-05	2.29299947261012e-05	6.87899841783036e-05	0
k__Bacteria|p__Bacillota|c__Clostridia	0	0	0	6.87899841783036e-05	2.29299947261012e-05	2.29299947261012e-05	0	0	0	0	0	0	0	0	0	0	0	0	0	0	0	0	0	0	0	0	0	0	0	0	4.58599894522024e-05	4.58599894522024e-05	0	0	0	2.29299947261012e-05
k__Bacteria|p__Bacteroidota|c__Bacteroidia|o__Bacteroidales|f__Marinifilaceae|g__Butyricimonas	0	0	0	0	0	0	0	0	0	0	0	0	0	0	0	0	0	0	0	0	0	0	0	0	0	0	0	0	0	0	0	0	0	0.000114649973630506	0	9.17199789044048e-05
k__Bacteria|p__Bacillota|c__Clostridia|o__Lachnospirales|f__Lachnospiraceae	0	0	0	0	0	0	0	0	0	0	0	0	9.17199789044048e-05	0	6.87899841783036e-05	0	0	0	0	0	0	0	0	0	0	0	0	4.58599894522024e-05	0	0	4.58599894522024e-05	0	0	0	0	0
k__Bacteria|p__Bacteroidota|c__Bacteroidia|o__Bacteroidales|f__Muribaculaceae|g__unclassified_Muribaculaceae|s__unclassified_Muribaculaceae	0	0	0.000321019926165417	0	0	0	0	0	0	0	0	0	0	0	0	0	0	0	0	0	0	0	0	0	0	0	0	0	0	0	0	0	0	0	0	0
k__Bacteria|p__Actinomycetota|c__Coriobacteriia|o__Coriobacteriales|f__Eggerthellaceae|g__Adlercreutzia|s__unclassified_Adlercreutzia	0	0	0	6.87899841783036e-05	0.000114649973630506	4.58599894522024e-05	0	0	0	0	0	0	0	0	0	0	0	0	0	0	0	0	0	0	0	0	0	0	0	0	0	0	0	0	0	0
k__Bacteria|p__Bacteroidota|c__Bacteroidia|o__Bacteroidales|f__Muribaculaceae|g__unclassified_Muribaculaceae|s__unclassified_Muribaculaceae	0	0	0	0	0	0	0	0	0	0	0	0	0	0	0	0	0	0	0	0	0	0	0	0.000229299947261012	0	0	0	0	0	0	0	0	0	0	0	0
k__Bacteria|p__Verrucomicrobiota|c__Verrucomicrobiia|o__Verrucomicrobiales|f__Akkermansiaceae|g__Akkermansia	0	0.000206369952534911	0	0	0	0	0	0	0	0	0	0	0	0	0	0	0	0	0	0	0	0	0	0	0	0	0	0	0	0	0	0	0	0	0	0
k__Bacteria|p__Bacillota|c__Bacilli|o__RF39|f__unclassified_RF39|g__unclassified_RF39|s__unclassified_RF39	0.000137579968356607	6.87899841783036e-05	2.29299947261012e-05	6.87899841783036e-05	2.29299947261012e-05	0	0	0	0	0	0	0	0	0	0	0	0	0	0	0	0	0	0	0	0	0	0	0	0	0	0	0	0	0	0	0
k__Bacteria|p__Bacillota|c__Clostridia|o__Lachnospirales|f__Lachnospiraceae|g__Lachnospiraceae_UCG-010|s__unclassified_Lachnospiraceae_UCG-010	0	0	0	0	0	0	0	0	0	0	0	0	0	0	0	0	0	0	0	0	0	0	0	0	0	6.87899841783036e-05	6.87899841783036e-05	6.87899841783036e-05	9.17199789044048e-05	0	0	0	0	0	0	0
k__Bacteria|p__Bacteroidota|c__Bacteroidia|o__Bacteroidales|f__Barnesiellaceae|g__Barnesiella|s__unclassified_Barnesiella	0	0	0	0	0	0	0	0	0	0	0	0	0	0	0	0	0	0	6.87899841783036e-05	2.29299947261012e-05	0	4.58599894522024e-05	4.58599894522024e-05	0	0	0	0	0	0	0	0	0	0	0	0	0
k__Bacteria|p__Bacillota|c__Bacilli|o__RF39|f__unclassified_RF39|g__unclassified_RF39|s__unclassified_RF39	4.58599894522024e-05	0	0	6.87899841783036e-05	0	0	0	0	0	0	0	0	0	0	0	0	0	0	0	0	0	0	0	0	0	0	0	0	0	0	4.58599894522024e-05	6.87899841783036e-05	6.87899841783036e-05	0	0	0
k__Bacteria|p__Bacteroidota|c__Bacteroidia|o__Bacteroidales|f__Bacteroidaceae|g__Bacteroides	0	0	0	0	0	0	0	0	0	0	0	0	0	0	0	0	0	0	0	0	0	0	0.000229299947261012	0	0	0	0	0	0	0	0	0	0	0	0	0
k__Bacteria|p__Bacteroidota|c__Bacteroidia|o__Bacteroidales|f__Rikenellaceae|g__Alistipes|s__Alistipes_obesi	0	0	0	0	0	0	0	0	0	0	0	0	0	0.000114649973630506	0	0	0.000114649973630506	0	0	0	0	0	0	0	0	0	0	0	0	0	0	0	0	0	0	0
k__Bacteria|p__Bacillota|c__Clostridia|o__Peptostreptococcales-Tissierellales|f__Anaerovoracaceae|g__Family_XIII_AD3011_group|s__unclassified_Family_XIII_AD3011_group	0	0	2.29299947261012e-05	2.29299947261012e-05	4.58599894522024e-05	4.58599894522024e-05	0	0	0	0	0	0	6.87899841783036e-05	0	0	0	0	0	0	0	0	0	0	0	0	0	0	0	0	0	0	0	0	0	0	0
k__Bacteria|p__Bacillota|c__Clostridia|o__Clostridia_UCG-014|f__unclassified_Clostridia_UCG-014|g__unclassified_Clostridia_UCG-014|s__unclassified_Clostridia_UCG-014	6.87899841783036e-05	0	0	4.58599894522024e-05	6.87899841783036e-05	6.87899841783036e-05	0	0	0	0	0	0	0	0	0	0	0	0	0	0	0	0	0	0	0	0	0	0	0	0	0	0	0	0	0	0
k__Bacteria|p__Bacteroidota|c__Bacteroidia|o__Bacteroidales|f__Muribaculaceae|g__unclassified_Muribaculaceae|s__unclassified_Muribaculaceae	2.29299947261012e-05	0	0	0	0	6.87899841783036e-05	0	0	0	0	0	0	0	0	0	0	0.000137579968356607	0	0	0	0	0	0	0	0	0	0	0	0	0	0	0	0	0	0	0
k__Bacteria|p__Bacillota|c__Clostridia|o__Eubacteriales|f__Anaerofustaceae|g__Anaerofustis	0	4.58599894522024e-05	2.29299947261012e-05	4.58599894522024e-05	0	6.87899841783036e-05	0	0	0	0	0	0	0	0	0	2.29299947261012e-05	0	0	0	0	0	0	0	0	0	0	0	2.29299947261012e-05	0	0	0	0	0	0	0	0
k__Bacteria|p__Bacillota|c__Clostridia|o__Oscillospirales|f__Oscillospiraceae|g__Intestinimonas|s__Intestinimonas_timonensis	0	0	0	0	0	0	0	0	0	0	0	0	0	0	0	0	0	0	0	0	0	0	0	0	4.58599894522024e-05	0	9.17199789044048e-05	6.87899841783036e-05	0	9.17199789044048e-05	0	0	0	0	0	0
k__Bacteria|p__Bacillota|c__Clostridia|o__Clostridia_UCG-014|f__unclassified_Clostridia_UCG-014|g__unclassified_Clostridia_UCG-014|s__unclassified_Clostridia_UCG-014	0	0	0	0	0	0	0	0	0.000137579968356607	0	0	0	0	0	0	0	0	0	0	0	0	0	6.87899841783036e-05	4.58599894522024e-05	0	0	0	0	0	0	0	0	0	0	0	0
k__Bacteria|p__Bacillota|c__Bacilli|o__Bacillales|f__Bacillaceae|g__Bacillus	0	0	0	0	0	0	0	0	0	0	0	0	0	0	0	0	0	0	0	0	0	0	0	0	0	0	0	0	0	0	0	0	4.58599894522024e-05	0.000114649973630506	4.58599894522024e-05	0
k__Bacteria|p__Bacillota|c__Bacilli|o__RF39|f__unclassified_RF39|g__unclassified_RF39|s__unclassified_RF39	0	0	0	0	0	0	0	0	0	0	0	0	0	0	0	0	0	0	0	0	0	0	0	0	0	0	0	0	0	0	4.58599894522024e-05	0	6.87899841783036e-05	6.87899841783036e-05	0	0
k__Bacteria|p__Bacillota|c__Clostridia|o__Oscillospirales|f__Butyricicoccaceae|g__Agathobaculum	0	2.29299947261012e-05	0	0	0	0	0	0	9.17199789044048e-05	0	0	0	4.58599894522024e-05	0	0	0	0	0	0	0	0	0	0	0	0	4.58599894522024e-05	4.58599894522024e-05	2.29299947261012e-05	0	0	0	0	0	0	0	0
k__Bacteria|p__Bacillota|c__Clostridia|o__Lachnospirales|f__Lachnospiraceae|g__GCA-900066575|s__unclassified_GCA-900066575	0	0	0	0	0	0	0	0	0	0	9.17199789044048e-05	0	0	4.58599894522024e-05	0	0	6.87899841783036e-05	0	0	0	0	0	0	0	0	0	0	0	0	0	0	0	0	0	0	0
k__Bacteria|p__Bacillota|c__Clostridia|o__Clostridia_UCG-014|f__unclassified_Clostridia_UCG-014|g__unclassified_Clostridia_UCG-014|s__unclassified_Clostridia_UCG-014	4.58599894522024e-05	0	0.000114649973630506	6.87899841783036e-05	0	0	0	0	0	0	0	0	0	0	0	0	0	0	0	0	0	0	0	0	0	0	0	0	0	0	0	0	0	0	0	0
k__Bacteria|p__Bacillota|c__Clostridia|o__Lachnospirales|f__Lachnospiraceae|g__Roseburia	0	0	0	0	0	0	0	0	0	0	0	0	0	0	0	0	0	0	0	0	0	0	0	0	0	0	0	0	0	0.000435669899795923	0	0	0	0	0	0
k__Bacteria|p__Bacillota|c__Clostridia|o__Oscillospirales|f__Oscillospiraceae	0	0	9.17199789044048e-05	6.87899841783036e-05	0	0	0	0	0	0	0	0	0	0	0	0	6.87899841783036e-05	2.29299947261012e-05	0	0	0	0	0	0	0	0	0	2.29299947261012e-05	0	4.58599894522024e-05	0	0	0	0	0	0
k__Bacteria|p__Bacillota|c__Clostridia|o__Oscillospirales|f__Ruminococcaceae|g__Anaerotruncus|s__Anaerotruncus_colihominis	0	0	0	0	0	0	0	0	0	0	0	0	0	0	0	0	0	0	0	0	0	0	0	0	6.87899841783036e-05	0	0	4.58599894522024e-05	0.000160509963082709	0	0	0	0	0	0	0
k__Bacteria|p__Actinomycetota|c__Actinobacteria|o__Mycobacteriales|f__Corynebacteriaceae|g__Corynebacterium	0	0	0	2.29299947261012e-05	0	0	0	2.29299947261012e-05	0	4.58599894522024e-05	0	9.17199789044048e-05	0	0	0	0	0	0	0	0	0	0	0	0	0	0	0	0	0	0	0	0	0	0	0	0
k__Bacteria|p__Bacillota|c__Clostridia|o__Oscillospirales|f__Ruminococcaceae	0	0	0	0	0	0	0	0	0	0	0	0	0	0	0	0	0	0	0	0	0	0	0	0	0	0.000229299947261012	0	0	0	0	0	0	0	0	0	0
k__Bacteria|p__Bacteroidota|c__Bacteroidia|o__Bacteroidales|f__Prevotellaceae	0	9.17199789044048e-05	0.000114649973630506	0	0	0	0	0	0	0	0	0	0	0	0	0	0	0	0	0	0	0	0	0	0	0	0	0	0	0	0	0	0	0	0	0
k__Bacteria|p__Bacillota|c__Clostridia|o__Lachnospirales|f__Lachnospiraceae	0	0	0	0	0	0	0	0	0	0	0	0	0	2.29299947261012e-05	6.87899841783036e-05	2.29299947261012e-05	0	9.17199789044048e-05	0	0	0	4.58599894522024e-05	0	0	0	0	0	0	0	0	0	0	0	0	0	0
k__Bacteria|p__Bacillota|c__Clostridia|o__Oscillospirales|f__Ruminococcaceae	0	0	0	0	0	0	0	0	0	0	0	0	0	0	0	0	0	0	4.58599894522024e-05	4.58599894522024e-05	2.29299947261012e-05	2.29299947261012e-05	4.58599894522024e-05	2.29299947261012e-05	0	0	0	0	0	0	0	0	0	0	0	0
k__Bacteria|p__Bacteroidota|c__Bacteroidia|o__Bacteroidales|f__Marinifilaceae|g__Odoribacter|s__Odoribacter_splanchnicus	0	0	0	0	0	0	0	0	0	0	0	0	0	0	0	0	0	0	0	0	2.29299947261012e-05	2.29299947261012e-05	6.87899841783036e-05	2.29299947261012e-05	0	0	0	0	0	0	0	0	0	0	0	0
k__Bacteria|p__Bacteroidota|c__Bacteroidia|o__Bacteroidales|f__Muribaculaceae	0	0	0	0	0	0	0	0	0	0	0	0	0	0	0	0	0	0	0	0	0	0	0	0	0	0	0	0	0	0	0	0	0	0	0.000229299947261012	0
k__Bacteria|p__Bacillota|c__Clostridia|o__Lachnospirales|f__Lachnospiraceae	0	0	0	0	0	0	0	0	0	0	0	0	0	0	0	0	0	0	0	0	0	0	0	0	0	0	0	0	0	0	0.000137579968356607	0	0	0	0	0
k__Bacteria|p__Bacillota|c__Clostridia|o__Oscillospirales|f__Oscillospiraceae	0	0	0	6.87899841783036e-05	0	0	0	0	2.29299947261012e-05	0	0	0	0	0	0	0	0	0	4.58599894522024e-05	6.87899841783036e-05	0	2.29299947261012e-05	0	4.58599894522024e-05	0	0	0	0	0	0	0	0	0	0	0	0
k__Bacteria|p__Bacillota|c__Clostridia|o__Clostridia_vadinBB60_group|f__unclassified_Clostridia_vadinBB60_group|g__unclassified_Clostridia_vadinBB60_group|s__unclassified_Clostridia_vadinBB60_group	6.87899841783036e-05	6.87899841783036e-05	2.29299947261012e-05	0	0	6.87899841783036e-05	0	0	0	0	0	0	0	0	0	0	0	0	0	0	0	0	0	0	0	0	0	0	0	0	0	0	0	0	0	0
k__Bacteria|p__Bacillota|c__Clostridia|o__Lachnospirales|f__Lachnospiraceae|g__Marvinbryantia	0	0	0	0.000137579968356607	6.87899841783036e-05	0	0	0	0	0	0	0	0	0	0	0	0	0	0	0	0	0	0	0	0	0	0	0	0	0	0	0	0	0	0	0
k__Bacteria|p__Bacillota|c__Clostridia|o__Clostridia_UCG-014|f__unclassified_Clostridia_UCG-014|g__unclassified_Clostridia_UCG-014|s__unclassified_Clostridia_UCG-014	0	4.58599894522024e-05	0	9.17199789044048e-05	4.58599894522024e-05	0	0	0	0	0	0	0	0	0	0	0	0	0	0	0	0	0	0	0	0	0	0	0	0	0	0	0	0	0	0	0
k__Bacteria|p__Bacillota|c__Clostridia|o__Oscillospirales|f__Ruminococcaceae	2.29299947261012e-05	2.29299947261012e-05	2.29299947261012e-05	0	6.87899841783036e-05	4.58599894522024e-05	0	0	0	0	0	0	0	0	0	0	0	0	0	0	0	0	0	0	0	0	0	0	0	0	0	0	0	0	0	0
k__Bacteria|p__Bacillota|c__Clostridia|o__Oscillospirales|f__Ruminococcaceae	4.58599894522024e-05	4.58599894522024e-05	0	2.29299947261012e-05	0	9.17199789044048e-05	0	0	0	0	0	0	0	0	0	0	0	0	0	0	0	0	0	0	0	0	0	0	0	0	0	0	0	0	0	0
k__Bacteria|p__Bacillota|c__Bacilli|o__RF39|f__unclassified_RF39|g__unclassified_RF39|s__unclassified_RF39	4.58599894522024e-05	0	0	0	9.17199789044048e-05	6.87899841783036e-05	0	0	0	0	0	0	0	0	0	0	0	0	0	0	0	0	0	0	0	0	0	0	0	0	0	0	0	0	0	0
k__Bacteria|p__Bacillota|c__Clostridia|o__Oscillospirales|f__Butyricicoccaceae|g__Agathobaculum	0	0	0	0	0	0	0	0	0	0	0	0	0	9.17199789044048e-05	2.29299947261012e-05	0	0	0	0	0	0	0	0	0	0	0	0	0	6.87899841783036e-05	6.87899841783036e-05	0	0	0	0	0	0
k__Bacteria|p__Bacillota|c__Clostridia|o__Oscillospirales|f__Oscillospiraceae	0	0	0	0	0	0	0	2.29299947261012e-05	0	0	4.58599894522024e-05	0	0	0	0	0	0	0	0	0	0	0	0	0	4.58599894522024e-05	4.58599894522024e-05	0	2.29299947261012e-05	0	0	0	0	0	0	0	0
k__Bacteria|p__Bacillota|c__Clostridia|o__Lachnospirales|f__Lachnospiraceae	0	0	0	2.29299947261012e-05	0	0	0	0	0	0	0	0	0	0	0	9.17199789044048e-05	0	4.58599894522024e-05	0	0	0	0	4.58599894522024e-05	0	0	0	0	0	0	0	0	0	0	0	0	0
k__Bacteria|p__Bacillota|c__Clostridia|o__Lachnospirales|f__Lachnospiraceae	0	0	0	0	0	0	0	0	0	0	0	0	0	0	0	0	0	0	0	6.87899841783036e-05	6.87899841783036e-05	4.58599894522024e-05	0	0	0	0	0	0	0	0	0	0	0	0	0	0
k__Bacteria|p__Bacillota|c__Bacilli|o__Staphylococcales|f__Staphylococcaceae|g__Staphylococcus	4.58599894522024e-05	0	0	0	6.87899841783036e-05	0	0	0	0	0	2.29299947261012e-05	0	0	0	0	0	0	0	0	0	0	0	0	0	0	0	0	0	0	0	0	0	0	0	0	0
k__Bacteria	0	0	0	9.17199789044048e-05	0	9.17199789044048e-05	0	0	0	0	0	0	0	0	0	0	0	0	0	0	0	0	0	0	0	0	0	0	0	0	0	0	0	0	0	0
k__Bacteria|p__Bacillota|c__Clostridia|o__Oscillospirales|f__Ruminococcaceae	0	6.87899841783036e-05	0	0	2.29299947261012e-05	6.87899841783036e-05	0	0	0	0	0	0	0	0	0	0	0	0	0	0	0	0	0	0	0	0	0	0	0	0	0	0	0	0	0	0
k__Bacteria|p__Bacillota|c__Clostridia|o__Oscillospirales|f__Oscillospiraceae	4.58599894522024e-05	4.58599894522024e-05	0	0	0	9.17199789044048e-05	0	0	0	0	0	0	0	0	0	0	0	0	0	0	0	0	0	0	0	0	0	0	0	0	0	0	0	0	0	0
k__Bacteria|p__Bacillota|c__Clostridia|o__Lachnospirales|f__Lachnospiraceae	0	0	0	0	0	0	0	0	0	0	0	0	0	0	0	0	0	0	0	0.000160509963082709	0	0	0	0	0	0	0	0	0	0	0	0	0	0	0	0
k__Bacteria|p__Bacillota|c__Clostridia|o__Oscillospirales|f__Ruminococcaceae|g__Acutalibacter|s__unclassified_Acutalibacter	0	0	0	0	0	0	0	0	0	0	9.17199789044048e-05	9.17199789044048e-05	0	0	0	0	0	0	0	0	0	0	0	0	0	0	0	0	0	0	0	0	0	0	0	0
k__Bacteria|p__Bacillota|c__Clostridia|o__Lachnospirales|f__Lachnospiraceae|g__Lachnoclostridium	0	0	0	0	0	0	0	0	0	0	0	0	0	0	0	0	0	0	4.58599894522024e-05	0	6.87899841783036e-05	0	0	4.58599894522024e-05	0	0	0	0	0	0	0	0	0	0	0	0
k__Bacteria|p__Bacillota|c__Clostridia|o__Christensenellales|f__Christensenellaceae|g__Christensenella|s__Christensenella_sp.	0	0	0	0	0	0	0	0	0	0	0	0	0	0	0	0	0	0	0	0	0	6.87899841783036e-05	4.58599894522024e-05	0	0	0	0	2.29299947261012e-05	4.58599894522024e-05	0	0	0	0	0	0	0
k__Bacteria|p__Bacillota|c__Clostridia|o__Oscillospirales|f__Ruminococcaceae	0	0	0	0	0	0	0	0	0	0	0	0	0	0	0	0	0	0	0	0	0	0	0	0	0	0	0	0	0	0	4.58599894522024e-05	0	0	9.17199789044048e-05	0	0
k__Bacteria|p__Bacillota|c__Clostridia|o__Peptococcales|f__Peptococcaceae|g__unclassified_Peptococcaceae|s__unclassified_Peptococcaceae	0	0	0	0	0	0	0	4.58599894522024e-05	0	0	0	0	0	0	0	0	4.58599894522024e-05	0	0	0	0	0	0	0	0	9.17199789044048e-05	0	0	0	0	0	0	0	0	0	0
k__Bacteria|p__Bacteroidota|c__Bacteroidia|o__Bacteroidales|f__Muribaculaceae|g__unclassified_Muribaculaceae|s__unclassified_Muribaculaceae	0	0	0	0	0	0	0	0	0	0	0.000160509963082709	0	0	0	0	0	0	0	0	0	0	0	0	0	0	0	0	0	0	0	0	0	0	0	0	0
k__Bacteria|p__Bacteroidota|c__Bacteroidia|o__Bacteroidales|f__Marinifilaceae|g__Butyricimonas	0	0	0	0	0	0.000160509963082709	0	0	0	0	0	0	0	0	0	0	0	0	0	0	0	0	0	0	0	0	0	0	0	0	0	0	0	0	0	0
k__Bacteria|p__Bacteroidota|c__Bacteroidia|o__Bacteroidales|f__Muribaculaceae|g__Muribaculum|s__unclassified_Muribaculum	0.000160509963082709	0	0	0	0	0	0	0	0	0	0	0	0	0	0	0	0	0	0	0	0	0	0	0	0	0	0	0	0	0	0	0	0	0	0	0
k__Bacteria|p__Bacillota|c__Bacilli|o__RF39|f__unclassified_RF39|g__unclassified_RF39|s__unclassified_RF39	2.29299947261012e-05	0	0	9.17199789044048e-05	0	2.29299947261012e-05	0	0	0	0	0	0	0	0	0	0	0	0	0	0	0	0	0	0	0	0	0	0	0	0	0	0	0	0	0	0
k__Bacteria|p__Bacillota|c__Bacilli|o__RF39|f__unclassified_RF39|g__unclassified_RF39|s__unclassified_RF39	0	0	0	0	0	0	0	0.000137579968356607	9.17199789044048e-05	0	0	0	0	0	0	0	0	0	0	0	0	0	0	0	0	0	0	0	0	0	0	0	0	0	0	0
k__Bacteria|p__Bacillota|c__Clostridia|o__Lachnospirales|f__Lachnospiraceae	0	0	0	0	0	0	0	0	0	0	0	0	0	2.29299947261012e-05	0	0	0	0	0	0	6.87899841783036e-05	0	0	6.87899841783036e-05	0	0	0	0	0	0	0	0	0	0	0	0
k__Bacteria|p__Bacillota|c__Clostridia|o__Oscillospirales|f__Ruminococcaceae|g__Acutalibacter|s__unclassified_Acutalibacter	0	0	0	0	0	0	0	0	0	0	0	0	0	0	0	0	0	0	0	0	6.87899841783036e-05	0	0.000114649973630506	0	0	0	0	0	0	0	0	0	0	0	0	0
k__Bacteria|p__Bacteroidota|c__Bacteroidia|o__Bacteroidales|f__Muribaculaceae|g__unclassified_Muribaculaceae|s__unclassified_Muribaculaceae	0	0	0	0	0	0	0	0	0	0	0	0	0	0	0	0	0	0	0	0	0	0	0	0	0	0	0	0	0	0	0	0	0	0	0	0.00018343995780881
k__Bacteria|p__Verrucomicrobiota|c__Verrucomicrobiia|o__Verrucomicrobiales|f__Akkermansiaceae|g__Akkermansia	0	0	0	0	0	0	0	0	0	0	0	0	0	0	0	0	0	0	0	0	0	0	0	0	0	0.00018343995780881	0	0	0	0	0	0	0	0	0	0
k__Bacteria|p__Bacillota|c__Clostridia|o__Lachnospirales|f__Lachnospiraceae	0	0	0	0	0	0.000137579968356607	0	0	0	0	0	0	0	0	0	0	0	0	0	0	0	0	0	0	0	0	0	0	0	0	0	0	0	0	0	0
k__Bacteria|p__Bacteroidota|c__Bacteroidia|o__Bacteroidales|f__Muribaculaceae	0	6.87899841783036e-05	4.58599894522024e-05	0	0	6.87899841783036e-05	0	0	0	0	0	0	0	0	0	0	0	0	0	0	0	0	0	0	0	0	0	0	0	0	0	0	0	0	0	0
k__Bacteria|p__Bacillota|c__Clostridia|o__Clostridia_vadinBB60_group|f__unclassified_Clostridia_vadinBB60_group|g__unclassified_Clostridia_vadinBB60_group|s__unclassified_Clostridia_vadinBB60_group	4.58599894522024e-05	0	0	0.000114649973630506	0	0	0	0	0	0	0	0	0	0	0	0	0	0	0	0	0	0	0	0	0	0	0	0	0	0	0	0	0	0	0	0
k__Bacteria|p__Bacillota|c__Clostridia|o__Oscillospirales|f__Oscillospiraceae	0	0	0	0	0	0	0	0	0	0	0	0	0	0	0	0	6.87899841783036e-05	0	0	0	0	0	0	0	0	0	0	0	0	0	4.58599894522024e-05	0	0	2.29299947261012e-05	0	0
k__Bacteria|p__Bacillota|c__Clostridia|o__Lachnospirales|f__Lachnospiraceae	0	0	0	0	0	0	0	0	0	0	0	0	0	0	0	0	0	0	0	0	0	0	0	0	0	0.00018343995780881	0	0	0	0	0	0	0	0	0	0
k__Bacteria|p__Bacillota|c__Bacilli|o__Erysipelotrichales|f__Erysipelotrichaceae|g__Holdemanella|s__unclassified_Holdemanella	0	0	0	0	0	0	0	0	0	0	0	0	0	0	0	0	0	0	0	0	0	0	0	0	4.58599894522024e-05	0.000114649973630506	0	6.87899841783036e-05	0	0	0	0	0	0	0	0
k__Bacteria|p__Bacillota|c__Clostridia|o__Lachnospirales|f__Lachnospiraceae	0	0	0	0	0	0	0	0	0	0	0	6.87899841783036e-05	0	0	0	0	0	0	0	0	0	0	0	0	0	0	0	0	0	0	2.29299947261012e-05	6.87899841783036e-05	0	0	6.87899841783036e-05	0
k__Bacteria|p__Bacillota|c__Clostridia|o__Oscillospirales|f__Ruminococcaceae|g__Candidatus_Soleaferrea|s__unclassified_Candidatus_Soleaferrea	0	0	0	0	0	0	0	0	0	0	0	0	0	0	0	0	0	0	0	0	0	0	0	0	0	0	0	0	0	0	0	0	0	2.29299947261012e-05	4.58599894522024e-05	9.17199789044048e-05
k__Bacteria|p__Bacillota|c__Bacilli|o__RF39|f__unclassified_RF39|g__unclassified_RF39|s__unclassified_RF39	0	0	0	0	0	0.000160509963082709	0	0	0	0	0	0	0	0	0	0	0	0	0	0	0	0	0	0	0	0	0	0	0	0	0	0	0	0	0	0
k__Bacteria|p__Bacteroidota|c__Bacteroidia|o__Bacteroidales|f__Muribaculaceae|g__unclassified_Muribaculaceae|s__unclassified_Muribaculaceae	0	0	0	0	0	0.000137579968356607	0	0	0	0	0	0	0	0	0	0	0	0	0	0	0	0	0	0	0	0	0	0	0	0	0	0	0	0	0	0
k__Bacteria|p__Bacillota|c__Clostridia|o__Lachnospirales|f__Lachnospiraceae	0	0	0	0	0	0	0	0	0	0	0	0	0	4.58599894522024e-05	4.58599894522024e-05	0	4.58599894522024e-05	0	0	0	0	0	0	0	0	0	0	0	0	0	0	0	0	0	0	0
k__Bacteria|p__Bacillota|c__Bacilli|o__Lactobacillales|f__Streptococcaceae|g__Streptococcus|s__Streptococcus_danieliae	0	0	0	0	0	0	0	0	0	0	0	0	0	0.000137579968356607	0	0	0	0	0	0	0	0	0	0	0	0	0	0	0	0	0	0	0	0	0	0
k__Bacteria|p__Bacillota|c__Clostridia|o__Clostridia_UCG-014|f__unclassified_Clostridia_UCG-014|g__unclassified_Clostridia_UCG-014|s__unclassified_Clostridia_UCG-014	0	0	0	0.000206369952534911	0	0	0	0	0	0	0	0	0	0	0	0	0	0	0	0	0	0	0	0	0	0	0	0	0	0	0	0	0	0	0	0
k__Bacteria|p__Actinomycetota|c__Coriobacteriia|o__Coriobacteriales	0	6.87899841783036e-05	0	0.000114649973630506	2.29299947261012e-05	2.29299947261012e-05	0	0	0	0	0	0	0	0	0	0	0	0	0	0	0	0	0	0	0	0	0	0	0	0	0	0	0	0	0	0
k__Bacteria|p__Bacillota|c__Clostridia|o__Clostridia_UCG-014|f__unclassified_Clostridia_UCG-014|g__unclassified_Clostridia_UCG-014|s__unclassified_Clostridia_UCG-014	0	0	0	0.000114649973630506	9.17199789044048e-05	0	0	0	0	0	0	0	0	0	0	0	0	0	0	0	0	0	0	0	0	0	0	0	0	0	0	0	0	0	0	0
k__Bacteria|p__Bacillota|c__Clostridia|o__Oscillospirales|f__Ruminococcaceae	0	0	4.58599894522024e-05	4.58599894522024e-05	4.58599894522024e-05	0	0	0	0	0	0	0	0	0	0	0	0	0	0	0	0	0	0	0	0	0	0	0	0	0	0	0	0	0	0	0
k__Bacteria|p__Bacillota|c__Bacilli|o__Erysipelotrichales|f__Erysipelotrichaceae|g__unclassified_Erysipelotrichaceae|s__unclassified_Erysipelotrichaceae	0	0	0	0	0	0	0	0	0	0	0	0	6.87899841783036e-05	0	2.29299947261012e-05	2.29299947261012e-05	0	2.29299947261012e-05	0	0	0	0	0	0	0	0	0	0	0	0	0	0	0	0	0	0
k__Bacteria|p__Bacillota|c__Clostridia|o__Oscillospirales|f__Oscillospiraceae	0.000137579968356607	0	0	0	0	0	0	0	0	0	0	0	0	0	0	0	0	0	0	0	0	0	0	0	0	0	0	0	0	0	0	0	0	0	0	0
k__Bacteria|p__Bacillota|c__Bacilli|o__RF39|f__unclassified_RF39|g__unclassified_RF39|s__unclassified_RF39	0	0	0	0	4.58599894522024e-05	4.58599894522024e-05	0	6.87899841783036e-05	0	4.58599894522024e-05	0	2.29299947261012e-05	0	0	0	0	0	0	0	0	0	0	0	0	0	0	0	0	0	0	0	0	0	0	0	0
k__Bacteria|p__Bacillota|c__Clostridia|o__Christensenellales|f__Christensenellaceae|g__Christensenella	0	0	0	0	0	0	0	0	0	0	0	0	0	0	0	0	0	0	0	6.87899841783036e-05	4.58599894522024e-05	0	6.87899841783036e-05	0	0	0	0	0	0	0	0	0	0	0	0	0
k__Bacteria|p__Bacillota|c__Clostridia|o__Lachnospirales|f__Lachnospiraceae	0	0	0	0	0	0	0	0	0	0	0	0	0	0	0	0	0	0	0	0	0	0	0	0	0	0	0	0	0	0	0	0	0	0.000114649973630506	0	0
k__Bacteria|p__Bacillota|c__Clostridia|o__Lachnospirales|f__Lachnospiraceae	0	0	0	0	0	0	0	0	0	0	0	0	0	0	0	0	0	0	0	0	0	0	0	0	0	0	0	0	0	0	0	0	0	0.000114649973630506	0	0
k__Bacteria|p__Bacillota|c__Clostridia|o__Lachnospirales|f__Lachnospiraceae	0	0	0	0	0	0	0	0	0	0	0	0	0	0	0	0	0	0	0	0	0	0	0	0	0	0	0	0	0	0	0	0	0	6.87899841783036e-05	2.29299947261012e-05	4.58599894522024e-05
k__Bacteria|p__Bacillota|c__Clostridia|o__Lachnospirales|f__Lachnospiraceae	0	0	0	0	0	0	0	0	0	0	0	0	0	0	0	0	0	0	0	0	0	0	0	0	0	0	0	0	0	0	0	0	4.58599894522024e-05	0	0	0.000137579968356607
k__Bacteria|p__Bacteroidota|c__Bacteroidia|o__Bacteroidales|f__Bacteroidaceae|g__Bacteroides	0	0	0	0	0	0	0	0	0.000252229941987113	0	0	0	0	0	0	0	0	0	0	0	0	0	0	0	0	0	0	0	0	0	0	0	0	0	0	0
k__Bacteria|p__Actinomycetota|c__Coriobacteriia|o__Coriobacteriales|f__Eggerthellaceae|g__Adlercreutzia|s__unclassified_Adlercreutzia	0	0	6.87899841783036e-05	0	2.29299947261012e-05	0	0	0	0	0	0	0	9.17199789044048e-05	0	0	0	2.29299947261012e-05	0	0	0	0	0	0	0	0	0	0	0	0	0	0	0	0	0	0	0
k__Bacteria|p__Bacteroidota|c__Bacteroidia|o__Bacteroidales|f__Muribaculaceae|g__unclassified_Muribaculaceae|s__unclassified_Muribaculaceae	0	0	0	0	0	0	0	0	0	0	0	0	0	0.00018343995780881	0	0	0	0	0	0	0	0	0	0	0	0	0	0	0	0	0	0	0	0	0	0
k__Bacteria|p__Bacillota|c__Bacilli|o__RF39|f__unclassified_RF39|g__unclassified_RF39|s__unclassified_RF39	0	0	0	6.87899841783036e-05	4.58599894522024e-05	0	0	0	0	0	0	0	0	0	0	0	0	0	0	0	0	0	0	0	0	0	0	0	0	0	0	0	0	0	0	0
k__Bacteria|p__Bacillota|c__Clostridia|o__Oscillospirales	0	0	0	6.87899841783036e-05	2.29299947261012e-05	2.29299947261012e-05	0	0	0	0	0	0	0	0	0	0	0	0	0	0	0	0	0	0	0	0	0	0	0	0	0	0	0	0	0	0
k__Bacteria|p__Bacillota|c__Clostridia|o__Clostridia_vadinBB60_group|f__unclassified_Clostridia_vadinBB60_group|g__unclassified_Clostridia_vadinBB60_group|s__unclassified_Clostridia_vadinBB60_group	0	0	9.17199789044048e-05	0	0	6.87899841783036e-05	0	0	0	0	0	0	0	0	0	0	0	0	0	0	0	0	0	0	0	0	0	0	0	0	0	0	0	0	0	0
k__Bacteria|p__Bacillota|c__Clostridia|o__Oscillospirales|f__Ruminococcaceae	0	0	4.58599894522024e-05	2.29299947261012e-05	0	0	0	0	0	0	0	0	0	0	0	0	0	0	0	4.58599894522024e-05	0	0	0	0	0	0	0	0	0	0	0	0	0	0	0	0
k__Bacteria|p__Bacillota|c__Bacilli|o__RF39|f__unclassified_RF39|g__unclassified_RF39|s__unclassified_RF39	0	4.58599894522024e-05	0	0	0	6.87899841783036e-05	0	0	0	0	0	0	0	0	0	0	0	0	0	0	0	0	0	0	0	0	0	0	0	0	0	0	0	0	0	0
k__Bacteria|p__Bacillota|c__Clostridia|o__Peptostreptococcales-Tissierellales|f__Anaerovoracaceae|g__Anaerovorax	0	0	0	2.29299947261012e-05	0	0	0	0	0	0	0	4.58599894522024e-05	0	0	0	0	0	0	0	0	0	0	0	0	0	0	0	4.58599894522024e-05	2.29299947261012e-05	0	0	0	0	0	0	0
k__Bacteria|p__Actinomycetota|c__Coriobacteriia|o__Coriobacteriales|f__Eggerthellaceae	0	0	0	0	0	0	0	0	0	0	0	0	0	0	0	0	0	0	0	0	0	0	0	0	0	4.58599894522024e-05	4.58599894522024e-05	2.29299947261012e-05	4.58599894522024e-05	0	0	0	0	0	0	0
k__Bacteria|p__Bacteroidota|c__Bacteroidia|o__Bacteroidales|f__Prevotellaceae	0	0	0	0	0	0	0	0	0	0	0	0	0	0	0	0	0	0	0	0	0	0	0	0.000114649973630506	0	0	0	0	0	0	0	0	0	0	0	0
k__Bacteria|p__Bacteroidota|c__Bacteroidia|o__Bacteroidales|f__Muribaculaceae|g__unclassified_Muribaculaceae|s__unclassified_Muribaculaceae	0	0	0	0	0	0	0	0	0	0	0	0	0	0	0	0	0	0	0	0	0	0	0	0	0	0	0	0	0	0	0	0	0	0	0.000160509963082709	0
k__Bacteria|p__Bacillota|c__Clostridia|o__Oscillospirales|f__Ethanoligenenaceae|g__Acetanaerobacterium|s__unclassified_Acetanaerobacterium	0	0	0	0	0	0	0	0	0	0	0	0	0	0	0	0	0	0	0	0	0	0	0	0	0	0	0	0	0	0	4.58599894522024e-05	4.58599894522024e-05	0	2.29299947261012e-05	0	0
k__Bacteria|p__Bacillota|c__Clostridia|o__Lachnospirales|f__Lachnospiraceae|g__[Ruminococcus]_gauvreauii_group|s__Ruminococcus_gauvreauii	0	0	0	0	0	0	0	0	0	0	0	0	0	0	0	0	0	0	0	0	0	0	0	0	0	0	0	0	0	0	9.17199789044048e-05	0	0	4.58599894522024e-05	2.29299947261012e-05	2.29299947261012e-05
k__Bacteria|p__Verrucomicrobiota|c__Verrucomicrobiia|o__Verrucomicrobiales|f__Akkermansiaceae|g__Akkermansia	0	0	0	0	0	0	0	0	0	0	0	0	0	0	0	0	0	0	0	0	0	0	0	0	0	0	0	0	0	0	0	0	0	0	0	0.000160509963082709
k__Bacteria|p__Bacillota|c__Clostridia	0	0	0	0	0	0	0	0	0	0	0	0	0	0	0	0	0	0	0	0	0	0	0	0	0	0	0	0	0	0	0	0	0	6.87899841783036e-05	0	2.29299947261012e-05
k__Bacteria|p__Bacillota|c__Clostridia|o__Lachnospirales|f__Lachnospiraceae	9.17199789044048e-05	4.58599894522024e-05	0	0	0	0	0	0	0	0	0	0	0	0	0	0	0	0	0	0	0	0	0	0	0	0	0	0	0	0	0	0	0	0	0	0
k__Bacteria|p__Bacillota|c__Clostridia|o__Lachnospirales|f__Lachnospiraceae|g__Enterocloster	0	0	0	0	0	0	0	0	0	0	0	0	0	0	0.000114649973630506	0	0	0	0	0	0	0	0	0	0	0	0	0	0	0	0	0	0	0	0	0
k__Bacteria|p__Bacillota|c__Clostridia|o__Oscillospirales|f__Oscillospiraceae|g__Colidextribacter|s__bacterium_enrichment_culture_clone_M244	0	0	0	0	0	0	0	0	0	0	0	0	0	6.87899841783036e-05	0	4.58599894522024e-05	0	0	0	0	0	0	0	0	0	0	0	0	0	0	0	0	0	0	0	0
k__Bacteria|p__Bacteroidota|c__Bacteroidia|o__Bacteroidales|f__Muribaculaceae|g__unclassified_Muribaculaceae|s__unclassified_Muribaculaceae	0	0	0	0	0	0	0	0	0	0	0	0	0	0.000114649973630506	0	0	0	0	0	0	0	0	0	0	0	0	0	0	0	0	0	0	0	0	0	0
k__Bacteria|p__Bacillota|c__Clostridia|o__Lachnospirales|f__Lachnospiraceae	0	0	0	0	4.58599894522024e-05	6.87899841783036e-05	0	0	0	0	0	0	0	0	0	0	0	0	0	0	0	0	0	0	0	0	0	0	0	0	0	0	0	0	0	0
k__Bacteria|p__Bacillota|c__Clostridia|o__Clostridia_vadinBB60_group|f__unclassified_Clostridia_vadinBB60_group|g__unclassified_Clostridia_vadinBB60_group|s__unclassified_Clostridia_vadinBB60_group	0	2.29299947261012e-05	0	2.29299947261012e-05	4.58599894522024e-05	0	0	0	0	0	0	0	0	0	0	0	0	0	0	0	0	0	0	0	0	0	0	0	0	0	0	0	0	0	0	0
k__Bacteria|p__Bacillota|c__Clostridia|o__Peptostreptococcales-Tissierellales|f__Anaerovoracaceae	0	2.29299947261012e-05	0	2.29299947261012e-05	6.87899841783036e-05	0	0	0	0	0	0	0	0	0	0	0	0	0	0	0	0	0	0	0	0	0	0	0	0	0	0	0	0	0	0	0
k__Bacteria|p__Cyanobacteriota|c__Vampirivibrionia|o__Gastranaerophilales|f__Gastranaerophilaceae|g__Zag_111|s__unclassified_Zag_111	0	0	0	0	0	0	0	0	0	0	0	0	0	0	0	0	0	0	0	0	0	0	0	0	0	0	0	0	0	0	6.87899841783036e-05	0	2.29299947261012e-05	0	0	0
k__Bacteria|p__Bacillota|c__Bacilli|o__Erysipelotrichales|f__Erysipelatoclostridiaceae	6.87899841783036e-05	0	0	0	6.87899841783036e-05	0	0	0	0	2.29299947261012e-05	0	0	0	0	0	0	0	0	0	0	0	0	0	0	0	0	0	0	0	0	0	0	0	0	0	0
k__Bacteria|p__Bacillota|c__Clostridia|o__Lachnospirales|f__Lachnospiraceae|g__Lachnospiraceae_UCG-010|s__unclassified_Lachnospiraceae_UCG-010	0	0	0	0	0	0	0	0	0	0	0	6.87899841783036e-05	0	0	0.000114649973630506	0	0	0	0	0	0	0	0	0	0	0	0	2.29299947261012e-05	0	0	0	0	0	0	0	0
k__Bacteria|p__Verrucomicrobiota|c__Verrucomicrobiia|o__Verrucomicrobiales|f__Akkermansiaceae|g__Akkermansia	0	0	0	0	0	0	0	0	0	0	0	0	0	0	0	0	0	0	0	0	0	0	0	0	0	0.000137579968356607	0	0	0	0	0	0	0	0	0	0
k__Bacteria|p__Actinomycetota|c__Coriobacteriia|o__Coriobacteriales|f__Coriobacteriaceae|g__Collinsella	0	0	0	0	0	0	0	0	0	0	0	0	0	0	0	0	0	0	0	0	0	0	0	0	2.29299947261012e-05	4.58599894522024e-05	0	4.58599894522024e-05	4.58599894522024e-05	0	0	0	0	0	0	0
k__Bacteria|p__Bacillota|c__Clostridia|o__Lachnospirales|f__Lachnospiraceae	0	0	0	0	0	0	0	0	0	0	0	0	0	0	0	0	0	0	4.58599894522024e-05	0	0	9.17199789044048e-05	0	0	0	0	0	0	0	0	0	0	0	0	0	0
k__Bacteria|p__Bacteroidota|c__Bacteroidia|o__Bacteroidales	0	0	0	0	0	0	0	0	0	0	0	0	0	0	0	0	0	0	0	0	0	0	0	0	0	0	0	0	0	0	0	0	0	9.17199789044048e-05	0	0
k__Bacteria|p__Actinomycetota|c__Coriobacteriia|o__Coriobacteriales|f__Eggerthellaceae|g__Adlercreutzia|s__unclassified_Adlercreutzia	0	0	0	0	0	0	0	0	0	0	0	0	0	0	0	0	0	0	0	0	0	0	0	0	0	0	0	0	0	0	2.29299947261012e-05	0	0	4.58599894522024e-05	0	0
k__Bacteria|p__Bacillota|c__Clostridia|o__Clostridia_UCG-014|f__unclassified_Clostridia_UCG-014|g__unclassified_Clostridia_UCG-014|s__unclassified_Clostridia_UCG-014	0	0	0	0.000137579968356607	0	0	0	0	0	0	0	0	0	0	0	0	0	0	0	0	0	0	0	0	0	0	0	0	0	0	0	0	0	0	0	0
k__Bacteria|p__Bacillota|c__Bacilli|o__RF39|f__unclassified_RF39|g__unclassified_RF39|s__unclassified_RF39	0	0	0	6.87899841783036e-05	4.58599894522024e-05	0	0	0	0	0	0	0	0	0	0	0	0	0	0	0	0	0	0	0	0	0	0	0	0	0	0	0	0	0	0	0
k__Bacteria|p__Bacillota|c__Clostridia	0	0	4.58599894522024e-05	0	0	6.87899841783036e-05	0	0	0	0	0	0	0	0	0	0	0	0	0	0	0	0	0	0	0	0	0	0	0	0	0	0	0	0	0	0
k__Bacteria|p__Bacillota|c__Clostridia|o__Lachnospirales|f__Lachnospiraceae	0	0.000114649973630506	0	0	0	0	0	0	0	0	0	0	0	0	0	0	0	0	0	0	0	0	0	0	0	0	0	0	0	0	0	0	0	0	0	0
k__Bacteria|p__Bacillota|c__Clostridia|o__Lachnospirales|f__Lachnospiraceae	0	6.87899841783036e-05	0	2.29299947261012e-05	0	2.29299947261012e-05	0	0	0	0	0	0	0	0	0	0	0	0	0	0	0	0	0	0	0	0	0	0	0	0	0	0	0	0	0	0
k__Bacteria|p__Bacillota|c__Clostridia|o__Clostridia_vadinBB60_group|f__unclassified_Clostridia_vadinBB60_group|g__unclassified_Clostridia_vadinBB60_group|s__unclassified_Clostridia_vadinBB60_group	0	0	0	0	0	0	4.58599894522024e-05	0	0	0	2.29299947261012e-05	4.58599894522024e-05	0	0	0	0	0	0	0	0	0	0	0	0	0	0	0	0	0	0	0	0	0	0	0	0
k__Bacteria|p__Bacillota|c__Bacilli|o__RF39|f__unclassified_RF39|g__unclassified_RF39|s__unclassified_RF39	0.000114649973630506	0	0	0	0	0	0	0	0	0	0	0	0	0	0	0	0	0	0	0	0	0	0	0	0	0	0	0	0	0	0	0	0	0	0	0
k__Bacteria|p__Bacillota|c__Clostridia	4.58599894522024e-05	0	0	2.29299947261012e-05	0	2.29299947261012e-05	0	0	0	0	0	0	0	0	0	0	0	0	0	0	0	0	0	0	0	0	0	0	0	0	0	0	0	0	0	0
k__Bacteria|p__Bacillota|c__Clostridia|o__Clostridia_vadinBB60_group|f__unclassified_Clostridia_vadinBB60_group|g__unclassified_Clostridia_vadinBB60_group|s__unclassified_Clostridia_vadinBB60_group	0	0	0	0	0	0	0	0	0	0	0	0.000114649973630506	0	0	0	0	0	0	0	0	0	0	0	0	0	0	0	0	0	0	0	0	0	0	0	0
k__Bacteria|p__Bacillota|c__Clostridia|o__Clostridia_vadinBB60_group|f__unclassified_Clostridia_vadinBB60_group|g__unclassified_Clostridia_vadinBB60_group|s__unclassified_Clostridia_vadinBB60_group	4.58599894522024e-05	0	0	0	0	0	0	0	0	0	0	0	0	0	0	0	0	0	0	0	0	0	0	0	2.29299947261012e-05	0	0	0	0	0	0	0	0	6.87899841783036e-05	0	0
k__Bacteria|p__Bacillota|c__Clostridia|o__Lachnospirales|f__Lachnospiraceae	0	0	0	0	0	0	0	0	0	0	0	0	0	0	0	0	0	0	0	0	0	0	0	0	0	6.87899841783036e-05	0	0	6.87899841783036e-05	0	0	0	0	0	0	0
k__Bacteria|p__Bacillota|c__Clostridia|o__Oscillospirales|f__Oscillospiraceae|g__Oscillibacter|s__unclassified_Oscillibacter	0	0	0	0	0	0	0	0	0	0	0	0	0	0	0	0	0	0	0	0	0	0	0	0	0	0	0	0	0	0	0.000137579968356607	0	0	0	0	0
k__Bacteria|p__Bacteroidota|c__Bacteroidia|o__Bacteroidales|f__Muribaculaceae	0	0	0	0	0	0	0	0	0	0	0	0	0	0	0	0	0	0	0	0	0	0	0	0	0	0	0	0	0	0	0	0	0	0	0	0.000114649973630506
k__Bacteria|p__Bacillota|c__Clostridia|o__Lachnospirales|f__Lachnospiraceae	0	0	0	0	0	0	0	0	0	0	0	0	0	0	0	0	0	0	0	0	0	0	0	0	0	0	0	0	0	0	9.17199789044048e-05	0	0	0	0	0
k__Bacteria|p__Bacillota|c__Clostridia|o__Oscillospirales|f__Ruminococcaceae|g__Acutalibacter|s__unclassified_Acutalibacter	0	0	0	0	0	0	0	0	0	0	0	0	0	0	0	0	0	0	0	0	0	0	0	0	0.000160509963082709	0	0	0	0	0	0	0	0	0	0	0
k__Bacteria|p__Bacillota|c__Clostridia|o__Peptococcales|f__Peptococcaceae|g__Peptococcus|s__unclassified_Peptococcus	0	0	0	0	0	0	6.87899841783036e-05	0	0	0	0	0	0	0	0	0	0	0	0	0	0	0	0	0	0	0	0	0	0	0	0	0	6.87899841783036e-05	0	0	0
k__Bacteria|p__Bacillota|c__Clostridia|o__Lachnospirales|f__Lachnospiraceae	0	0	0	0	0	0	0	0	0	0	0	0	0	0	0	0	0	0	0	0	0	0	0	0	0	0	0	0	0	0	0	0	0	9.17199789044048e-05	0	0
k__Bacteria|p__Bacillota|c__Clostridia|o__Lachnospirales|f__Lachnospiraceae	0	0	0	0	0	0	0	0	0	0	0	0	0	0	0	0	0	0	0	0	4.58599894522024e-05	2.29299947261012e-05	0	2.29299947261012e-05	0	0	0	0	0	0	0	0	0	0	0	0
k__Bacteria|p__Bacteroidota|c__Bacteroidia|o__Bacteroidales|f__Muribaculaceae|g__unclassified_Muribaculaceae|s__unclassified_Muribaculaceae	0	0	0	0	0	0	0	0	0	0	0	0	0	0	9.17199789044048e-05	0	0	0	0	0	0	0	0	0	0	0	0	0	0	0	0	0	0	0	0	0
k__Bacteria|p__Bacillota|c__Clostridia|o__Lachnospirales|f__Lachnospiraceae|g__Lachnospiraceae_NK4A136_group|s__Lachnospiraceae_bacterium_COE1	0	0	0	0	0	0	0	0	0	0	0	0	0	0	0	0	0	0	0	0	0	0	0	0	0	0.000114649973630506	0	0	0	0	0	0	0	0	0	0
k__Bacteria|p__Bacillota|c__Clostridia|o__Clostridiales|f__Clostridiaceae|g__Clostridium|s__Clostridium_sp._ND2	0	2.29299947261012e-05	0	4.58599894522024e-05	4.58599894522024e-05	0	0	0	0	0	0	0	0	0	0	0	0	0	0	0	0	0	0	0	0	0	0	0	0	0	0	0	0	0	0	0
k__Bacteria|p__Bacillota|c__Clostridia|o__Lachnospirales|f__Lachnospiraceae	9.17199789044048e-05	0	0	0	0	0	0	0	0	0	0	0	0	0	0	0	0	0	0	0	0	0	0	0	0	0	0	0	0	0	0	0	0	0	0	0
k__Bacteria|p__Bacillota|c__Clostridia|o__Oscillospirales|f__Butyricicoccaceae|g__UCG-009|s__unclassified_UCG-009	6.87899841783036e-05	0	4.58599894522024e-05	0	0	0	0	0	0	0	0	0	0	0	0	0	0	0	0	0	0	0	0	0	0	0	0	0	0	0	0	0	0	0	0	0
k__Bacteria|p__Bacillota|c__Clostridia|o__Peptostreptococcales-Tissierellales|f__Anaerovoracaceae	0	0	0	0	0	0	0	0	0	0	9.17199789044048e-05	0.000137579968356607	0	0	0	0	0	0	0	0	0	0	0	0	0	0	0	0	0	0	0	0	0	0	0	0
k__Bacteria|p__Bacillota|c__Clostridia|o__Lachnospirales|f__Lachnospiraceae	0	0	0	0	0	0	0	0	4.58599894522024e-05	4.58599894522024e-05	0	4.58599894522024e-05	0	0	0	0	0	0	0	0	0	0	0	0	0	0	0	0	0	0	0	0	0	0	0	0
k__Bacteria|p__Bacteroidota|c__Bacteroidia|o__Bacteroidales|f__Muribaculaceae|g__unclassified_Muribaculaceae|s__unclassified_Muribaculaceae	0	0	4.58599894522024e-05	0	0	0	6.87899841783036e-05	0	0	0	0	0	0	0	0	0	0	0	0	0	0	0	0	0	0	0	0	0	0	0	0	0	0	0	0	0
k__Bacteria|p__Pseudomonadota|c__Gammaproteobacteria|o__Enterobacterales|f__Enterobacteriaceae	0	0	0	0	0	0	0	0	0	0	0	0	0	0	0	0	0	0	0	0	0	0	0	0	0	0	0	0	0.000137579968356607	0	0	0	0	0	0	0
k__Bacteria|p__Bacillota|c__Clostridia|o__Clostridia_UCG-014|f__unclassified_Clostridia_UCG-014|g__unclassified_Clostridia_UCG-014|s__unclassified_Clostridia_UCG-014	0	0	0	0	9.17199789044048e-05	0	0	0	0	0	0	0	0	0	0	0	0	0	0	0	0	0	0	0	0	0	0	0	0	0	0	0	0	0	0	0
k__Bacteria|p__Verrucomicrobiota|c__Verrucomicrobiia|o__Verrucomicrobiales|f__Akkermansiaceae|g__Akkermansia	0	0	0	0	0	0	0	0	0	0	0	0	0	0	0	0	0	0	0	0	0	0	0	0	0	0	0	0.000114649973630506	0	0	0	0	0	0	0	0
k__Bacteria|p__Bacillota|c__Clostridia|o__Clostridia_vadinBB60_group|f__unclassified_Clostridia_vadinBB60_group|g__unclassified_Clostridia_vadinBB60_group|s__unclassified_Clostridia_vadinBB60_group	0	0	0	0	0	0	0	0	0	0	0	0	0	0	0	0	4.58599894522024e-05	0	0	0	0	0	0	0	0	4.58599894522024e-05	0	0	0	0	0	0	0	0	0	0
k__Bacteria|p__Bacillota|c__Bacilli|o__Bacillales|f__Bacillaceae|g__Bacillus	0	0	0	0	0	0	0	0	0	0	0	0	0	0	0	0	0	0	0	0	0	0	0	0	0	0	0	0	0	0	0.000114649973630506	0	0	0	0	0
k__Bacteria|p__Bacteroidota|c__Bacteroidia|o__Bacteroidales|f__Marinifilaceae|g__Butyricimonas|s__unclassified_Butyricimonas	0	0	0	0	0	0	0	0	0	0	0	0	0	0	0	0	0	0	0	9.17199789044048e-05	0	2.29299947261012e-05	0	0	0	0	0	0	0	0	0	0	0	0	0	0
k__Bacteria|p__Bacillota|c__Clostridia|o__Christensenellales|f__Christensenellaceae|g__Christensenella|s__Christensenella_massiliensis	0	0	0	0	0	0	0	0	0	0	0	0	0	0	0	0	0	0	0	0	0	0	0	0	0	0	0	0	0	0	4.58599894522024e-05	0	0	0	2.29299947261012e-05	2.29299947261012e-05
k__Bacteria|p__Bacillota|c__Clostridia	0	0	0	0	0	0	0	0	0	0	0	0	0	0	0	0	0	0	0	0	0	0	0	0	0	0	0	0	0	0	0	0	0	2.29299947261012e-05	4.58599894522024e-05	0
k__Bacteria|p__Actinomycetota|c__Coriobacteriia|o__Coriobacteriales|f__Atopobiaceae|g__Coriobacteriaceae_UCG-002|s__unclassified_Coriobacteriaceae_UCG-002	0	0	0	0	0	0	0	0	0	0	0	0	0	0	0	0	0	0	0	0	0	0	0	0	0	0	0	0	0	0	0	0	0	0	0	0.000137579968356607
k__Bacteria|p__Bacillota|c__Clostridia|o__Lachnospirales|f__Lachnospiraceae|g__Lachnospiraceae_UCG-010|s__unclassified_Lachnospiraceae_UCG-010	0	0	0	0	0	0	0	0	0	0	0	0	0	0	0	0	0	0	0	0	0	0	0	0	0	0	0	0	0	0	0	0	4.58599894522024e-05	4.58599894522024e-05	0	0
k__Bacteria|p__Bacteroidota|c__Bacteroidia|o__Bacteroidales|f__Muribaculaceae|g__Muribaculum	0	0	0	0	0	0	0	0	0	0	0	0	0	0	0	0	0	0	0	0	0	0	0	0	0	0	0	0	0	0	0	0	0.000160509963082709	0	0	0
k__Bacteria|p__Bacillota|c__Clostridia|o__Clostridia_UCG-014|f__unclassified_Clostridia_UCG-014|g__unclassified_Clostridia_UCG-014|s__unclassified_Clostridia_UCG-014	0	0	0	0	0	0	0	0	0	0	0	0	0	0	0	0	0	0	0	0	0	0	0	0	0	0	0	0	0	0	0	0	0	9.17199789044048e-05	0	0
k__Bacteria|p__Bacillota|c__Clostridia|o__Lachnospirales|f__Lachnospiraceae	0	0	0	0	0	0	0	0	0	0	0	0	0	0	0	0	0	0	0	0	0	0	0	0	0	0	0	0	0	0	0	0	0	4.58599894522024e-05	4.58599894522024e-05	0
k__Bacteria|p__Bacteroidota|c__Bacteroidia|o__Bacteroidales|f__Bacteroidaceae|g__Bacteroides|s__Bacteroides_clarus	0	0	0	0	0	0	0	0	0	0	0	0	0	0	0	0	0	0	0	0	9.17199789044048e-05	0	0	0	0	0	0	0	0	0	0	0	0	0	0	0
k__Bacteria|p__Bacillota|c__Clostridia|o__Lachnospirales|f__Lachnospiraceae|g__ASF356|s__unclassified_ASF356	0	0	0	0	0	0	0	0	0	0	0	0	0	0	0	0	0	0	0	0	0	0	0	0	0	0	0	9.17199789044048e-05	0	0	0	0	0	0	0	0
k__Bacteria|p__Bacillota|c__Clostridia|o__Clostridia_UCG-014|f__unclassified_Clostridia_UCG-014|g__unclassified_Clostridia_UCG-014|s__unclassified_Clostridia_UCG-014	0	0	0	0	0	0	0	0	0	0	0	0	0	0	0	2.29299947261012e-05	0	6.87899841783036e-05	0	0	0	0	0	0	0	0	0	0	0	0	0	0	0	0	0	0
k__Bacteria|p__Bacillota|c__Clostridia|o__Oscillospirales|f__Oscillospiraceae|g__Oscillibacter|s__unclassified_Oscillibacter	0	0	0	0	0	0	0	0	0	0	0	0	0	0	0	9.17199789044048e-05	0	6.87899841783036e-05	0	0	0	0	0	0	0	0	0	0	0	0	0	0	0	0	0	0
k__Bacteria|p__Bacillota|c__Clostridia|o__Oscillospirales|f__Ruminococcaceae	0	0	0	0	0	0	0	0	0	0	0	0	0	0	9.17199789044048e-05	0	0	0	0	0	0	0	0	0	0	0	0	0	0	0	0	0	0	0	0	0
k__Bacteria|p__Bacillota|c__Clostridia|o__Clostridia_UCG-014|f__unclassified_Clostridia_UCG-014|g__unclassified_Clostridia_UCG-014|s__unclassified_Clostridia_UCG-014	0	2.29299947261012e-05	0	0	4.58599894522024e-05	0	0	0	0	0	0	0	0	0	0	0	0	0	0	0	0	0	0	0	0	0	0	0	0	0	0	0	0	0	0	0
k__Bacteria|p__Bacillota|c__Clostridia|o__Oscillospirales|f__Ruminococcaceae|g__Ruminococcus|s__Ruminococcus_flavefaciens	0	0.000137579968356607	0	0	0	0	0	0	0	0	0	0	0	0	0	0	0	0	0	0	0	0	0	0	0	0	0	0	0	0	0	0	0	0	0	0
k__Bacteria|p__Actinomycetota|c__Coriobacteriia|o__Coriobacteriales|f__unclassified_Coriobacteriales|g__unclassified_Coriobacteriales|s__unclassified_Coriobacteriales	0	0	0	0	2.29299947261012e-05	0	0	0	0	0	0	2.29299947261012e-05	0	0	0	0	0	0	0	0	0	0	0	0	0	0	0	0	0	0	0	0	0	0	0	0
k__Bacteria|p__Bacillota|c__Clostridia|o__Clostridia_UCG-014|f__unclassified_Clostridia_UCG-014|g__unclassified_Clostridia_UCG-014|s__unclassified_Clostridia_UCG-014	0	0	0	0	0	0	0.000114649973630506	0	0	0	0	0	0	0	0	0	0	0	0	0	0	0	0	0	0	0	0	0	0	0	0	0	0	0	0	0
k__Bacteria|p__Bacillota|c__Bacilli|o__Erysipelotrichales|f__Erysipelotrichaceae	0	0	0	0	0	0	0	0	0	0	0	0	0	0	0	0	9.17199789044048e-05	0	0	0	0	0	0	0	0	0	0	0	0	0	0	0	0	0	0	0
k__Bacteria|p__Bacillota|c__Clostridia|o__Lachnospirales|f__Lachnospiraceae	0	0	0	0	0	0	0	0	0	0	0	0	0	0	4.58599894522024e-05	0	0	0	0	0	0	0	0	0	0	4.58599894522024e-05	0	0	0	0	0	0	0	0	0	0
k__Bacteria|p__Bacillota|c__Clostridia|o__Lachnospirales|f__Lachnospiraceae	0	0	0	0	0	0	0	0	0	0	0	0	0	0	0	0	0	0	0	0	0	0	0	0	9.17199789044048e-05	0	0	4.58599894522024e-05	0	0	0	0	0	0	0	0
k__Bacteria|p__Bacteroidota|c__Bacteroidia|o__Bacteroidales|f__Tannerellaceae|g__Parabacteroides|s__Parabacteroides_gordonii	0	0	0	0	0	0	0	0	0	0	0	0	0	0	0	0	0	0	0	0	0	0	9.17199789044048e-05	0	0	0	0	0	0	0	0	0	0	0	0	0
k__Bacteria|p__Bacillota|c__Clostridia|o__Oscillospirales|f__Oscillospiraceae	0	0	0	0	0	0	0	0	0	0	0	0	0	0	0	0	0	0	0	0	0	0	0	0	0	0	0	0	0	0	0	0	0	2.29299947261012e-05	9.17199789044048e-05	0
k__Bacteria|p__Bacillota|c__Clostridia|o__Clostridia_vadinBB60_group|f__unclassified_Clostridia_vadinBB60_group|g__unclassified_Clostridia_vadinBB60_group|s__unclassified_Clostridia_vadinBB60_group	0	0	0	0	0	0	0	0	0	0	0	0	0	0	0	0	0	0	0	0	0	0	0	0	0	0	0	0	0	0	0	0	4.58599894522024e-05	4.58599894522024e-05	0	0
k__Bacteria|p__Actinomycetota|c__Coriobacteriia|o__Coriobacteriales|f__Eggerthellaceae|g__Berryella|s__unclassified_Berryella	0	0	0	0	0	0	0	0	0	0	0	0	0	4.58599894522024e-05	0	0	0	0	0	0	0	0	0	0	0	0	0	0	0	0	6.87899841783036e-05	0	0	0	0	0
k__Bacteria|p__Patescibacteria|c__Saccharimonadia|o__Saccharimonadales|f__Saccharimonadaceae|g__Candidatus_Saccharimonas|s__unclassified_Candidatus_Saccharimonas	0	0	0	0	0	0	0	0	0	0	0	0	0	0	0	0	0	0	0	0	0	0	0	0	0	0	0	0	0	0	9.17199789044048e-05	0	0	0	0	0
k__Bacteria|p__Bacillota|c__Bacilli|o__RF39|f__unclassified_RF39|g__unclassified_RF39|s__unclassified_RF39	0	0	0	0	0	0	0	0	0	0	0	0	0	0	0	0	0	0	0	0	0	0	0	0	0	0	0	0	0	0	6.87899841783036e-05	0	0	0	0	0
k__Bacteria|p__Actinomycetota|c__Coriobacteriia|o__Coriobacteriales|f__Atopobiaceae|g__unclassified_Atopobiaceae|s__unclassified_Atopobiaceae	0	0	0	0	0	0	0	0	0	0	0	0	0	0	0	0	0	0	0	0	0	0	0	0	0	0	0	0	0	0	4.58599894522024e-05	0	0	0	0	4.58599894522024e-05
k__Bacteria|p__Bacillota|c__Clostridia|o__Lachnospirales|f__Lachnospiraceae|g__Mediterraneibacter|s__Ruminococcus_sp._AT10	0	0	0	0	0	0	0	0	0	0	0	0	0	0	0	0	0	0	0	0	0	0	0	0	0	4.58599894522024e-05	0	0	0	9.17199789044048e-05	0	0	0	0	0	0
k__Bacteria|p__Bacillota|c__Clostridia|o__Oscillospirales|f__Oscillospiraceae	0	0	0	0	9.17199789044048e-05	0	0	0	0	0	0	0	0	0	0	0	0	0	0	0	0	0	0	0	0	0	0	0	0	0	0	0	0	0	0	0
k__Bacteria|p__Bacillota|c__Clostridia|o__Lachnospirales|f__Lachnospiraceae	6.87899841783036e-05	0	0	0	0	0	0	0	0	0	0	0	0	0	0	0	0	0	0	0	0	0	0	0	0	0	0	0	0	0	0	0	0	0	0	0
k__Bacteria|p__Bacillota|c__Bacilli|o__Lactobacillales|f__Enterococcaceae|g__Enterococcus	2.29299947261012e-05	0	0	0	4.58599894522024e-05	0	0	0	0	0	0	0	0	0	0	0	0	0	0	0	0	0	0	0	0	0	0	0	0	0	0	0	0	0	0	0
k__Bacteria|p__Bacillota|c__Clostridia|o__Lachnospirales|f__Lachnospiraceae	0.000114649973630506	0	0	0	0	0	0	0	0	0	0	0	0	0	0	0	0	0	0	0	0	0	0	0	0	0	0	0	0	0	0	0	0	0	0	0
k__Bacteria|p__Bacillota|c__Clostridia	0	0	0	6.87899841783036e-05	4.58599894522024e-05	0	0	0	0	0	0	0	0	0	0	0	0	0	0	0	0	0	0	0	0	0	0	0	0	0	0	0	0	0	0	0
k__Bacteria|p__Bacillota|c__Clostridia|o__Oscillospirales|f__Ruminococcaceae	0	0	0	2.29299947261012e-05	0	4.58599894522024e-05	0	0	0	0	0	0	0	0	0	0	0	0	0	0	0	0	0	0	0	0	0	0	0	0	0	0	0	0	0	0
k__Bacteria|p__Bacteroidota|c__Bacteroidia|o__Bacteroidales|f__Muribaculaceae	0	0	0	0	0	0	0	0	0	0	0	0	0	0	0	0	0	0.000114649973630506	0	0	0	0	0	0	0	0	0	0	0	0	0	0	0	0	0	0
k__Bacteria|p__Bacillota|c__Clostridia|o__Oscillospirales|f__Oscillospiraceae	0	0	0	0	6.87899841783036e-05	0	0	0	0	0	0	0	0	0	0	0	0	0	0	0	0	0	0	0	0	0	0	0	0	0	0	0	0	0	0	0
k__Bacteria|p__Bacillota|c__Clostridia|o__Lachnospirales|f__Lachnospiraceae	0	0	0	0	0	9.17199789044048e-05	0	0	0	0	0	0	0	0	0	0	0	0	0	0	0	0	0	0	0	0	0	0	0	0	0	0	0	0	0	0
k__Bacteria|p__Bacillota|c__Clostridia|o__Lachnospirales|f__Lachnospiraceae	0	0	0	0	0	0	0	0	0	0	0	0	0	0	0	0	6.87899841783036e-05	0	0	0	0	0	0	0	0	0	0	0	0	0	0	0	0	0	0	0
k__Bacteria|p__Bacteroidota|c__Bacteroidia|o__Bacteroidales|f__Tannerellaceae|g__Parabacteroides|s__Parabacteroides_goldsteinii	0	0	0	0	0	0	0	0	0	0	0	0	0	0	0	0	0	0.000114649973630506	0	0	0	0	0	0	0	0	0	0	0	0	0	0	0	0	0	0
k__Bacteria|p__Bacillota|c__Bacilli|o__Erysipelotrichales|f__Erysipelotrichaceae|g__Allobaculum|s__unclassified_Allobaculum	0	0	0	0	0	0	0	0	0	0	0	0	0.000160509963082709	0	0	0	0	0	0	0	0	0	0	0	0	0	0	0	0	0	0	0	0	0	0	0
k__Bacteria|p__Bacillota|c__Clostridia|o__Clostridia_vadinBB60_group|f__unclassified_Clostridia_vadinBB60_group|g__unclassified_Clostridia_vadinBB60_group|s__unclassified_Clostridia_vadinBB60_group	0	0	0	0	0	0	0	0	0	0	0	0	4.58599894522024e-05	4.58599894522024e-05	0	0	0	0	0	0	0	0	0	0	0	0	0	0	0	0	0	0	0	0	0	0
k__Bacteria|p__Bacillota|c__Clostridia|o__Oscillospirales|f__Oscillospiraceae	0	0	0	0	0	0	0	0	0	0	6.87899841783036e-05	0	0	0	0	0	0	0	0	0	0	0	0	0	0	0	0	0	0	0	0	0	0	0	0	0
k__Bacteria|p__Bacteroidota|c__Bacteroidia|o__Bacteroidales|f__Muribaculaceae|g__unclassified_Muribaculaceae|s__unclassified_Muribaculaceae	0	0	0	0	0	0	0	0	0	0	0	0	0	0	0	0	0	0	0	0	0	0	0	0	0	0	0	0	0.000114649973630506	0	0	0	0	0	0	0
k__Bacteria|p__Pseudomonadota|c__Alphaproteobacteria|o__Rhodospirillales|f__unclassified_Rhodospirillales|g__unclassified_Rhodospirillales|s__unclassified_Rhodospirillales	0	0	0	0	0	0	0	0	0	0	0	0	0	0	0	0	0	0	0	0	0	0	0	0	0	0	0	0	0	0	0	0	0	6.87899841783036e-05	0	0
k__Bacteria|p__Bacillota|c__Clostridia|o__Lachnospirales|f__Lachnospiraceae	0	0	0	0	0	0	0	0	0	0	0	0	0	0	0	0	0	0	0	0	0	0	0	0	0	0	0	0	0	0	0	0	0	0	0	0.000137579968356607
k__Bacteria|p__Bacillota|c__Clostridia|o__Lachnospirales|f__Lachnospiraceae	0	0	0	0	0	0	0	0	0	0	0	0	0	0	0	0	0	0	0	0	0	0	0	0	0	0	0	0	0	0	0	0	0	2.29299947261012e-05	0	2.29299947261012e-05
k__Bacteria|p__Cyanobacteriota|c__Cyanobacteriia|o__Chloroplast|f__unclassified_Chloroplast|g__unclassified_Chloroplast	0	0	0	0	0	0	0	0	0	0	0	2.29299947261012e-05	0	0	0	0	0	0	0	0	0	0	0	0	0	2.29299947261012e-05	0	0	0	0	0	0	0	0	0	0
k__Bacteria|p__Bacillota|c__Clostridia|o__Lachnospirales|f__Lachnospiraceae|g__GCA-900066755|s__unclassified_GCA-900066755	0	0	0	0	0	0	0	0	0	0	0	0	0	0	0	0	0	0	0	0	0	0	0	0	0	0	0	0	0	0	4.58599894522024e-05	0	2.29299947261012e-05	0	0	0
k__Bacteria|p__Bacillota|c__Clostridia|o__Lachnospirales|f__Lachnospiraceae	0	0	0	0	0	0	0	0	0	0	0	0	0	0	0	0	0	0	0	0	0	0	0	0	0	0	0	0	0	0	0	0.000137579968356607	0	0	0	0
k__Bacteria|p__Bacillota|c__Clostridia|o__Lachnospirales|f__Lachnospiraceae	0	0	0	0	0	0	0	0	0	0	0	0	0	0	0	0	0	0	0	0	0	0	0	0	0	0	0	0	0	0	0	0	0	0	0	9.17199789044048e-05
k__Bacteria|p__Bacillota|c__Clostridia|o__Lachnospirales|f__Lachnospiraceae|g__Marvinbryantia|s__unclassified_Marvinbryantia	0	0	0	0	0	0	0	0	0	0	0	0	0	0	0	0	0	0	0	0	0	0	0	0	0	0	0	0	0	0	0	0	0	6.87899841783036e-05	0	0
k__Bacteria|p__Bacillota|c__Clostridia|o__Lachnospirales|f__Lachnospiraceae|g__Blautia|s__Lachnospiraceae_bacterium_DW59	0	0	0	0	0	0	0	0	0	0	0	0	0	0	0	0	0	0	0	0	0	0	6.87899841783036e-05	0	0	0	0	0	0	0	0	0	0	0	0	0
k__Bacteria|p__Bacteroidota|c__Bacteroidia|o__Bacteroidales|f__Bacteroidaceae|g__Bacteroides|s__Bacteroides_clarus	0	0	0	0	0	0	0	0	0	0	0	0	0	0	0	0	0	0	0	2.29299947261012e-05	0	0	4.58599894522024e-05	0	0	0	0	0	0	0	0	0	0	0	0	0
k__Bacteria|p__Bacillota|c__Clostridia|o__Lachnospirales|f__Lachnospiraceae|g__Roseburia|s__Eubacterium_sp._14-2	0	0	0	0	0	0	0	0	0	0	0	0	0	0	0	0	0	0	0	0	0	0	0	0	0	0	0	2.29299947261012e-05	9.17199789044048e-05	0	0	0	0	0	0	0
k__Bacteria|p__Bacillota|c__Clostridia|o__Oscillospirales|f__Ruminococcaceae|g__Harryflintia	0	0	0	0	0	0	0	0	0	0	0	0	0	0	0	0	0	0	0	0	0	0	0	0	0	0	0	0	0	0	0	0	0	0	0.000114649973630506	0
k__Bacteria|p__Bacillota|c__Bacilli|o__RF39|f__unclassified_RF39|g__unclassified_RF39|s__unclassified_RF39	0	0	0	0	2.29299947261012e-05	0.000114649973630506	0	0	0	0	0	0	0	0	0	0	0	0	0	0	0	0	0	0	0	0	0	0	0	0	0	0	0	0	0	0
k__Bacteria|p__Bacillota|c__Clostridia|o__Oscillospirales|f__[Eubacterium]_coprostanoligenes_group|g__unclassified_[Eubacterium]_coprostanoligenes_group|s__unclassified_[Eubacterium]_coprostanoligenes_group	0	2.29299947261012e-05	0	4.58599894522024e-05	2.29299947261012e-05	0	0	0	0	0	0	0	0	0	0	0	0	0	0	0	0	0	0	0	0	0	0	0	0	0	0	0	0	0	0	0
k__Bacteria|p__Bacillota|c__Clostridia|o__Oscillospirales|f__Ruminococcaceae|g__Harryflintia|s__unclassified_Harryflintia	0	0	9.17199789044048e-05	0	0	0	0	0	0	0	0	0	0	0	0	0	0	0	0	0	0	0	0	0	0	0	0	0	0	0	0	0	0	0	0	0
k__Bacteria|p__Bacillota|c__Bacilli|o__RF39|f__unclassified_RF39|g__unclassified_RF39|s__unclassified_RF39	0	0	0.000114649973630506	0	0	0	0	0	0	0	0	0	0	0	0	0	0	0	0	0	0	0	0	0	0	0	0	0	0	0	0	0	0	0	0	0
k__Bacteria|p__Spirochaetota|c__Spirochaetia|o__Spirochaetales|f__Spirochaetaceae	0	0	0	2.29299947261012e-05	0	4.58599894522024e-05	0	0	0	0	0	0	0	0	0	0	0	0	0	0	0	0	0	0	0	0	0	0	0	0	0	0	0	0	0	0
k__Bacteria|p__Bacillota|c__Clostridia|o__Oscillospirales|f__Ruminococcaceae	0	0	0	0	2.29299947261012e-05	2.29299947261012e-05	0	0	0	0	0	0	0	0	0	0	0	0	0	0	0	0	0	0	0	0	0	0	0	0	0	0	0	0	0	0
k__Bacteria|p__Bacillota|c__Clostridia|o__Oscillospirales|f__Ruminococcaceae	0	0	0	0	0	0	0	0	0	0	0	0	0	0	6.87899841783036e-05	0	0	0	0	0	0	0	0	0	0	0	0	0	0	0	0	0	0	0	0	0
k__Bacteria|p__Bacillota|c__Clostridia|o__Peptostreptococcales-Tissierellales|f__Anaerovoracaceae|g__unclassified_Anaerovoracaceae	0	0	0	0	0	0	0	0	0	0	0	0	0	0	0	4.58599894522024e-05	0	0	0	0	0	0	0	0	0	0	0	0	0	0	0	0	0	0	0	0
k__Bacteria|p__Bacteroidota|c__Bacteroidia|o__Bacteroidales|f__Bacteroidaceae|g__Bacteroides	0	0	0	0	0	0	0	0	0	0	0	0	0	0	6.87899841783036e-05	0	0	0	0	0	0	0	0	0	0	0	0	0	0	0	0	0	0	0	0	0
k__Bacteria|p__Bacillota|c__Clostridia|o__Lachnospirales|f__Lachnospiraceae|g__A2	0	0	0	0	0	0	0	0	0	0	0	0	0	0	0	6.87899841783036e-05	0	0	0	0	0	0	0	0	0	0	0	0	0	0	0	0	0	0	0	0
k__Bacteria|p__Bacillota|c__Clostridia|o__Lachnospirales|f__Lachnospiraceae|g__Acetatifactor	0	0	0	0	0	0	0	0	0	0	0	0	0	0	0	0	0	0	6.87899841783036e-05	0	0	0	0	0	0	0	0	0	0	0	0	0	0	0	0	0
k__Bacteria|p__Bacillota|c__Clostridia|o__Lachnospirales|f__Lachnospiraceae|g__Lachnospiraceae_UCG-010|s__unclassified_Lachnospiraceae_UCG-010	0	0	0	0	0	0	0	0	0	0	0	0	0	0	0	0	0	0	6.87899841783036e-05	0	0	0	0	0	0	0	0	0	0	0	0	0	0	0	0	0
k__Bacteria|p__Bacillota|c__Clostridia|o__Monoglobales|f__Monoglobaceae|g__Monoglobus|s__unclassified_Monoglobus	4.58599894522024e-05	0	0	0	0	4.58599894522024e-05	0	0	0	0	0	0	0	0	0	0	0	0	0	0	0	0	0	0	0	0	0	0	0	0	0	0	0	0	0	0
k__Bacteria|p__Bacillota|c__Clostridia|o__Oscillospirales|f__Oscillospiraceae	4.58599894522024e-05	0	0	0	0	6.87899841783036e-05	0	0	0	0	0	0	0	0	0	0	0	0	0	0	0	0	0	0	0	0	0	0	0	0	0	0	0	0	0	0
k__Bacteria|p__Actinomycetota|c__Actinobacteria|o__Mycobacteriales|f__Corynebacteriaceae|g__Corynebacterium	0	0	0	0	0	0	0	0	0	0	0	0	0	0	0	0	0	0	0	0	4.58599894522024e-05	0	0	0	0	0	0	0	0	0	0	0	6.87899841783036e-05	0	0	0
k__Bacteria|p__Actinomycetota|c__Coriobacteriia|o__Coriobacteriales|f__Eggerthellaceae|g__Adlercreutzia|s__unclassified_Adlercreutzia	6.87899841783036e-05	0	0	0	0	0	0	0	0	0	0	0	0	0	0	0	0	0	0	0	0	0	0	0	0	0	0	0	0	0	0	0	0	0	0	0
k__Bacteria|p__Bacillota|c__Clostridia|o__Lachnospirales|f__Lachnospiraceae	6.87899841783036e-05	0	0	0	0	0	0	0	0	0	0	0	0	0	0	0	0	0	0	0	0	0	0	0	0	0	0	0	0	0	0	0	0	0	0	0
k__Bacteria|p__Bacteroidota|c__Bacteroidia|o__Bacteroidales|f__Muribaculaceae|g__unclassified_Muribaculaceae|s__unclassified_Muribaculaceae	0	0	0	0	0	0	0	0	0.000114649973630506	0	0	0	0	0	0	0	0	0	0	0	0	0	0	0	0	0	0	0	0	0	0	0	0	0	0	0
k__Bacteria|p__Bacillota|c__Clostridia|o__Oscillospirales|f__Oscillospiraceae	0	0	0	0	0	0	0	0	0	0	0	0	0	0	0	0	0	0	0	0	0	0	0	0	0	0	0.000137579968356607	0	0	0	0	0	0	0	0	0
k__Bacteria|p__Bacillota|c__Bacilli|o__Erysipelotrichales|f__Erysipelotrichaceae|g__Dielma	0	0	0	0	0	0	0	0	0	0	0	0	0	0	0	0	0	0	0	0	0	0	0	0	2.29299947261012e-05	2.29299947261012e-05	0	2.29299947261012e-05	0	0	0	0	0	0	0	0
k__Bacteria|p__Bacillota|c__Bacilli|o__RF39|f__unclassified_RF39|g__unclassified_RF39|s__unclassified_RF39	0	0	0	0	0	0	0	0	0	0	0	0	0	0	0	0	0	0	0	0	0	0	0	0	9.17199789044048e-05	0	0	0	0	0	0	0	0	0	0	0
k__Bacteria|p__Bacillota|c__Clostridia|o__Lachnospirales|f__Lachnospiraceae	0	0	0	0	0	0	0	0	0	0	0	0	0	0	0	0	0	0	0	0	0	6.87899841783036e-05	0	0	0	0	0	0	0	0	0	0	0	0	0	0
k__Bacteria|p__Bacillota|c__Clostridia|o__Oscillospirales|f__Oscillospiraceae|g__Oscillibacter|s__unclassified_Oscillibacter	0	0	0	0	0	0	0	0	0	0	0	0	0	0	0	0	0	0	0	0	0	0	0	0	0	0	0	0	0	0	0	0	0	0	9.17199789044048e-05	0
k__Bacteria|p__Bacillota|c__Clostridia|o__Oscillospirales|f__Ruminococcaceae|g__Paludicola|s__unclassified_Paludicola	0	0	0	0	0	0	0	0	0	0	0	0	0	0	0	0	0	0	0	0	0	0	0	0	0	0	0	0	0	0	0	0	0	6.87899841783036e-05	0	0
k__Bacteria|p__Bacillota|c__Clostridia|o__Oscillospirales|f__Ruminococcaceae	0	0	0	0	0	0	0	0	0	0	0	0	0	0	0	0	0	0	0	0	0	0	0	0	0	0	0	0	0	0	0	0	0	4.58599894522024e-05	0	0
k__Bacteria|p__Bacteroidota|c__Bacteroidia|o__Bacteroidales|f__Muribaculaceae|g__unclassified_Muribaculaceae|s__unclassified_Muribaculaceae	0	0	0	0	0	0	0	0	0	0	0	0	0	0	0	0	0	0	0	0	0	0	0	0	0	0	0	0	0	0	4.58599894522024e-05	0	0	0	0	0
k__Bacteria|p__Bacillota|c__Clostridia|o__Clostridia_vadinBB60_group|f__unclassified_Clostridia_vadinBB60_group|g__unclassified_Clostridia_vadinBB60_group|s__unclassified_Clostridia_vadinBB60_group	0	0	0	0	0	0	0	0	0	0	0	0	0	0	0	0	0	0	0	0	0	0	0	0	0	0	0	0	0	0	2.29299947261012e-05	0	0	2.29299947261012e-05	0	0
k__Bacteria|p__Bacillota|c__Clostridia	6.87899841783036e-05	0	0	0	0	0	0	0	0	0	0	0	0	0	0	0	0	0	0	0	0	0	0	0	0	0	0	0	0	0	0	0	0	0	0	0
k__Bacteria|p__Bacillota|c__Bacilli|o__RF39|f__unclassified_RF39|g__unclassified_RF39|s__unclassified_RF39	0	0	0	0	0	0	0	0	0.000114649973630506	0	0	0	0	0	0	0	0	0	0	0	0	0	0	0	0	0	0	0	0	0	0	0	0	0	0	0
k__Bacteria|p__Bacillota|c__Clostridia|o__Lachnospirales|f__Lachnospiraceae	0	0	0	0	0	0	0	0	0	9.17199789044048e-05	0	0	0	0	0	0	0	0	0	0	0	0	0	0	0	0	0	0	0	0	0	0	0	0	0	0
k__Bacteria|p__Bacillota|c__Clostridia|o__Lachnospirales|f__Lachnospiraceae	0	0	0	0	0	0	0	0	9.17199789044048e-05	0	0	0	0	0	0	0	0	0	0	0	0	0	0	0	0	0	0	0	0	0	0	0	0	0	0	0
k__Bacteria|p__Bacillota|c__Bacilli|o__RF39|f__unclassified_RF39|g__unclassified_RF39|s__unclassified_RF39	0	0	0	0	0	0	0	0	0	0	0	0	0.000137579968356607	0	0	0	0	0	0	0	0	0	0	0	0	0	0	0	0	0	0	0	0	0	0	0
k__Bacteria|p__Bacillota|c__Clostridia|o__Lachnospirales|f__Lachnospiraceae	0	0	0	0	0	0	0	0	0.000137579968356607	0	0	0	0	0	0	0	0	0	0	0	0	0	0	0	0	0	0	0	0	0	0	0	0	0	0	0
k__Bacteria|p__Bacillota|c__Clostridia	0	0	0	0	6.87899841783036e-05	0	0	0	0	0	0	0	0	0	0	0	0	0	0	0	0	0	0	0	0	0	0	0	0	0	0	0	0	0	0	0
k__Bacteria|p__Bacteroidota|c__Bacteroidia|o__Bacteroidales|f__Muribaculaceae	0	0	0	0	0	0	0	0	0	0	4.58599894522024e-05	0	0	0	0	0	0	0	0	0	0	0	0	0	0	0	0	0	0	0	0	0	0	0	0	0
k__Bacteria|p__Bacteroidota|c__Bacteroidia|o__Bacteroidales|f__Rikenellaceae|g__Alistipes|s__Alistipes_obesi	0	0	0	0	0	0	0	0	0	0	0	0	0	0	0	0	0	6.87899841783036e-05	0	0	0	0	0	0	0	0	0	0	0	0	0	0	0	0	0	0
k__Bacteria|p__Bacillota|c__Clostridia|o__Clostridia_vadinBB60_group|f__unclassified_Clostridia_vadinBB60_group|g__unclassified_Clostridia_vadinBB60_group|s__unclassified_Clostridia_vadinBB60_group	0	0	0	2.29299947261012e-05	0	2.29299947261012e-05	0	0	0	0	0	0	0	0	0	0	0	0	0	0	0	0	0	0	0	0	0	0	0	0	0	0	0	0	0	0
k__Bacteria|p__Bacteroidota|c__Bacteroidia|o__Bacteroidales|f__Prevotellaceae	0	0	0	0	0	0	0	0	0	0	0	0	0	4.58599894522024e-05	0	0	0	0	0	0	0	0	0	0	0	0	0	0	0	0	0	0	0	0	0	0
k__Bacteria|p__Bacillota|c__Clostridia|o__Lachnospirales|f__Lachnospiraceae	0	0	0	0	0	2.29299947261012e-05	0	0	0	0	0	0	0	0	0	0	6.87899841783036e-05	0	0	0	0	0	0	0	0	0	0	0	0	0	0	0	0	0	0	0
k__Bacteria|p__Bacillota|c__Clostridia|o__Oscillospirales|f__Ruminococcaceae|g__Paludicola|s__unclassified_Paludicola	0	0	0	0	0	0	0	0	0	0	0	0	0	0	4.58599894522024e-05	0	0	0	0	0	0	0	0	0	0	0	0	0	0	0	0	0	0	0	0	0
k__Bacteria|p__Bacillota|c__Clostridia|o__Clostridia_UCG-014|f__unclassified_Clostridia_UCG-014|g__unclassified_Clostridia_UCG-014|s__unclassified_Clostridia_UCG-014	0	0	0	0	0	0	0	0	0	0	0	0	0	0	0	0	0	0	6.87899841783036e-05	0	0	0	0	0	0	0	0	0	0	0	0	0	0	0	0	0
k__Bacteria|p__Bacteroidota|c__Bacteroidia|o__Bacteroidales|f__Prevotellaceae|g__Paraprevotella|s__Paraprevotella_clara	0	0	0	0	0	0	0	0	0	0	0	0	0	0	0	0	0	0	0	0	0	0	0	0	0	0	0	0	0	0.000114649973630506	0	0	0	0	0	0
k__Bacteria|p__Bacillota|c__Clostridia|o__Clostridia_UCG-014|f__unclassified_Clostridia_UCG-014|g__unclassified_Clostridia_UCG-014|s__unclassified_Clostridia_UCG-014	0	0	0	0	0	0	0	9.17199789044048e-05	0	0	0	0	0	0	0	0	0	0	0	0	0	0	0	0	0	0	0	0	0	0	0	0	0	0	0	0
k__Bacteria|p__Bacillota|c__Clostridia|o__Lachnospirales|f__Lachnospiraceae|g__Lachnospiraceae_NK4B4_group|s__unclassified_Lachnospiraceae_NK4B4_group	0	0	0	2.29299947261012e-05	0	2.29299947261012e-05	0	0	0	0	0	0	0	0	0	0	0	0	0	0	0	0	0	0	0	0	0	0	0	0	0	0	0	0	0	0
k__Bacteria|p__Bacteroidota|c__Bacteroidia|o__Bacteroidales|f__Muribaculaceae|g__unclassified_Muribaculaceae|s__unclassified_Muribaculaceae	0	0	0	0	0	0	0	0	0	0	0	0	0	0	0	0	0	0	0	0	0	0	0	0	0	0	0	6.87899841783036e-05	0	0	0	0	0	0	0	0
k__Bacteria|p__Bacteroidota|c__Bacteroidia|o__Bacteroidales|f__Muribaculaceae|g__unclassified_Muribaculaceae|s__unclassified_Muribaculaceae	0	0	0	0	0	0	0	0	0	0	0	0	0	0	0	0	0	0	0	0	0	0	0	0	0	0	0	0	0	0	0	0	0	9.17199789044048e-05	0	0
k__Bacteria|p__Bacillota|c__Clostridia|o__Oscillospirales|f__Ruminococcaceae|g__Anaerotruncus|s__unclassified_Anaerotruncus	0	0	0	0	0	0	0	0	0	0	0	0	0	0	0	0	0	0	0	0	0	0	0	0	0	6.87899841783036e-05	0	0	0	0	0	0	0	0	0	0
k__Bacteria|p__Thermodesulfobacteriota|c__Desulfovibrionia|o__Desulfovibrionales|f__Desulfovibrionaceae|g__unclassified_Desulfovibrionaceae|s__unclassified_Desulfovibrionaceae	0	0	0	0	0	0	0	0	0	0	0	0	0	0	0	0	0	0	0	0	0	0	0	0	0	0	0	0	0	0	2.29299947261012e-05	0	0	0	0	0
k__Bacteria|p__Bacteroidota|c__Bacteroidia|o__Bacteroidales|f__Muribaculaceae|g__unclassified_Muribaculaceae|s__unclassified_Muribaculaceae	0	0	0	0	0	0	0	0	0	0	0	0	0	0	0	0	0	0	0	0	0	0	0	0	0	0	0	0	0	0	0	0.000114649973630506	0	0	0	0
k__Bacteria|p__Bacillota|c__Clostridia|o__Clostridia_vadinBB60_group|f__unclassified_Clostridia_vadinBB60_group|g__unclassified_Clostridia_vadinBB60_group|s__unclassified_Clostridia_vadinBB60_group	0	0	0	0	0	0	0	0	0	0	0	0	0	0	0	0	0	0	0	0	0	0	0	0	0	0	0	0	0	0	0	0	9.17199789044048e-05	0	0	0
k__Bacteria|p__Actinomycetota|c__Coriobacteriia|o__Coriobacteriales|f__Eggerthellaceae|g__Adlercreutzia|s__unclassified_Adlercreutzia	0	0	0	0	0	0	0	0	0	0	0	0	0	0	0	0	0	0	0	0	0	0	0	0	0	0	0	0	0	0	0	0	0	0	4.58599894522024e-05	0
k__Bacteria|p__Bacillota|c__Clostridia|o__Clostridia_UCG-014|f__unclassified_Clostridia_UCG-014|g__unclassified_Clostridia_UCG-014|s__unclassified_Clostridia_UCG-014	0	0	0	0	0	0	0	0	0	0	0	0	0	0	0	0	0	0	0	0	0	0	0	0	0	0	0	0	0	0	0	0	0	0	0	6.87899841783036e-05
k__Bacteria|p__Bacillota|c__Bacilli|o__RF39|f__unclassified_RF39|g__unclassified_RF39|s__unclassified_RF39	0	0	0	0	0	0	0	0	0	0	0	0	0	0	0	0	0	0	0	0	0	0	0	0	0	0	0	0	0	0	4.58599894522024e-05	0	0	0	0	0
k__Bacteria|p__Bacillota|c__Clostridia|o__Oscillospirales|f__Ruminococcaceae|g__Paludicola|s__Ruminococcaceae_bacterium_Marseille-P2963	0	0	0	0	0	0	0	0	0	0	0	0	0	0	0	0	0	0	0	0	0	0	0	0	0	0	0	0	0	0	0	0	0	0	6.87899841783036e-05	0
k__Bacteria|p__Bacillota|c__Clostridia|o__Lachnospirales|f__Lachnospiraceae|g__Hungatella	0	0	0	0	0	0	0	0	0	0	0	0	0	0	0	0	0	0	0	0	0	6.87899841783036e-05	0	4.58599894522024e-05	0	0	0	0	0	0	0	0	0	0	0	0
k__Bacteria|p__Bacillota|c__Bacilli|o__Erysipelotrichales|f__Erysipelotrichaceae|g__unclassified_Erysipelotrichaceae|s__unclassified_Erysipelotrichaceae	0	0	0	0	0	0	0	0	0	0	0	0	0	0	0	0	0	0	0	0	0	0	0	0	6.87899841783036e-05	0	0	0	0	0	0	0	0	0	0	0
k__Bacteria|p__Bacillota|c__Bacilli|o__Lactobacillales|f__Lactobacillaceae|g__Lactobacillus	0	0	0	0	0	0	0	0	0	0	0	0	0	0	0	0	0	0	0	0	0	0	0	0	9.17199789044048e-05	0	0	0	0	0	0	0	0	0	0	0
k__Bacteria|p__Bacillota|c__Clostridia|o__Oscillospirales|f__Ruminococcaceae|g__Acutalibacter	0	0	0	0	0	0	0	0	0	0	0	0	0	0	0	0	0	0	0	0	0	0	0	0	0	0	0	0	0	0	0	0	0	0	6.87899841783036e-05	0
k__Bacteria|p__Bacillota|c__Clostridia|o__Clostridia_vadinBB60_group|f__unclassified_Clostridia_vadinBB60_group|g__unclassified_Clostridia_vadinBB60_group|s__unclassified_Clostridia_vadinBB60_group	0	0	0	0	0	0	0	0	0	0	0	0	0	0	0	0	0	0	0	0	0	0	0	0	0	4.58599894522024e-05	0	0	4.58599894522024e-05	0	0	0	0	0	0	0
k__Bacteria|p__Bacillota|c__Clostridia|o__Oscillospirales	0	0	4.58599894522024e-05	0	0	0	0	0	0	0	0	0	0	0	0	0	0	0	0	0	0	0	0	0	0	0	0	0	0	0	0	0	0	0	0	0
k__Bacteria|p__Bacillota|c__Clostridia|o__Oscillospirales|f__Ruminococcaceae	0	0	0	0	4.58599894522024e-05	0	0	0	0	0	0	0	0	0	0	0	0	0	0	0	0	0	0	0	0	0	0	0	0	0	0	0	0	0	0	0
k__Bacteria|p__Bacteroidota|c__Bacteroidia|o__Bacteroidales|f__Muribaculaceae|g__unclassified_Muribaculaceae|s__unclassified_Muribaculaceae	0	0	0	0	4.58599894522024e-05	0	0	0	0	0	0	0	0	0	0	0	0	0	0	0	0	0	0	0	0	0	0	0	0	0	0	0	0	0	0	0
k__Bacteria|p__Bacillota|c__Bacilli|o__RF39|f__unclassified_RF39|g__unclassified_RF39|s__unclassified_RF39	0	0	0	4.58599894522024e-05	0	0	0	0	0	0	0	0	0	0	0	0	0	0	0	0	0	0	0	0	0	0	0	0	0	0	0	0	0	0	0	0
k__Bacteria|p__Bacillota|c__Clostridia|o__Oscillospirales|f__Ruminococcaceae	0	0	0	6.87899841783036e-05	0	0	0	0	0	0	0	0	0	0	0	0	0	0	0	0	0	0	0	0	0	0	0	0	0	0	0	0	0	0	0	0
k__Bacteria|p__Bacillota|c__Bacilli|o__Erysipelotrichales|f__Erysipelotrichaceae|g__Allobaculum|s__unclassified_Allobaculum	0	0	0	0	0	0	0	4.58599894522024e-05	0	0	0	0	0	0	0	0	0	0	0	0	0	0	0	0	0	0	0	0	0	0	0	0	0	0	0	0
k__Bacteria|p__Bacillota|c__Clostridia|o__Oscillospirales|f__Oscillospiraceae|g__Intestinimonas	0	4.58599894522024e-05	0	0	0	0	0	0	0	0	0	0	0	0	0	0	0	0	0	0	0	0	0	0	0	0	0	0	0	0	0	0	0	0	0	0
k__Bacteria|p__Bacillota|c__Clostridia|o__Clostridia_UCG-014|f__unclassified_Clostridia_UCG-014|g__unclassified_Clostridia_UCG-014|s__unclassified_Clostridia_UCG-014	0	0	0	0	0	0	0	4.58599894522024e-05	0	0	0	0	0	0	0	0	0	0	0	0	0	0	0	0	0	0	0	0	0	0	0	0	0	0	0	0
k__Bacteria|p__Cyanobacteriota|c__Vampirivibrionia|o__Gastranaerophilales|f__Gastranaerophilaceae|g__unclassified_Gastranaerophilaceae|s__unclassified_Gastranaerophilaceae	0	0	0	0	0	0	0	0	0	0	2.29299947261012e-05	0	0	0	0	0	0	0	0	0	0	0	0	0	0	0	0	0	0	0	0	0	0	0	0	0
k__Bacteria|p__Bacillota|c__Bacilli|o__Erysipelotrichales|f__Erysipelotrichaceae|g__[Clostridium]_innocuum_group	0	0	0	0	0	0	0	0	0	0	0	0	0.000137579968356607	0	0	0	0	0	0	0	0	0	0	0	0	0	0	0	0	0	0	0	0	0	0	0
k__Bacteria|p__Bacillota|c__Clostridia|o__Oscillospirales|f__Oscillospiraceae	0	0	0	0	0	0	0	0	0	0	0	0	0	6.87899841783036e-05	0	0	0	0	0	0	0	0	0	0	0	0	0	0	0	0	0	0	0	0	0	0
k__Bacteria|p__Bacillota|c__Bacilli|o__Bacillales|f__Planococcaceae|g__Savagea|s__unclassified_Savagea	0	0	0	0	0	0	0	0	0	0	0	0	0	4.58599894522024e-05	0	0	0	0	0	0	0	0	0	0	0	0	0	0	0	0	0	0	0	0	0	0
k__Bacteria|p__Bacillota|c__Clostridia|o__Oscillospirales|f__Oscillospiraceae|g__Colidextribacter|s__Clostridiales_bacterium_CCNA10	0	0	0	0	0	0	0	0	0	0	0	0	0	0	0	0	6.87899841783036e-05	0	0	0	0	0	0	0	0	0	0	0	0	0	0	0	0	0	0	0
k__Bacteria|p__Bacillota|c__Clostridia|o__Clostridia_vadinBB60_group|f__unclassified_Clostridia_vadinBB60_group|g__unclassified_Clostridia_vadinBB60_group|s__unclassified_Clostridia_vadinBB60_group	0	0	0	0	0	0	0	0	0	0	0	0	0	4.58599894522024e-05	0	0	0	0	0	0	0	0	0	0	0	0	0	0	0	0	0	0	0	0	0	0
k__Bacteria|p__Bacillota|c__Clostridia|o__Lachnospirales|f__Lachnospiraceae	0	0	0	0	0	0	0	0	0	0	0	0	0	6.87899841783036e-05	0	0	0	0	0	0	0	0	0	0	0	0	0	0	0	0	0	0	0	0	0	0
k__Bacteria|p__Bacillota|c__Clostridia|o__Lachnospirales|f__Lachnospiraceae|g__Lachnospiraceae_UCG-010|s__unclassified_Lachnospiraceae_UCG-010	0	0	0	0	0	0	0	0	0	0	0	0	0	0	4.58599894522024e-05	0	0	0	0	0	0	0	0	0	0	0	0	0	0	0	0	0	0	0	0	0
k__Bacteria|p__Bacillota|c__Clostridia|o__Oscillospirales|f__Butyricicoccaceae|g__Agathobaculum	0	0	0	0	0	0	0	0	0	0	0	0	0	0	0	4.58599894522024e-05	0	0	0	0	0	0	0	0	0	0	0	0	0	0	0	0	0	0	0	0
k__Bacteria|p__Bacteroidota|c__Bacteroidia|o__Bacteroidales|f__Prevotellaceae|g__unclassified_Prevotellaceae|s__unclassified_Prevotellaceae	0	0	0	0	0	0	0	0	0	0	0	0	0	0	0	4.58599894522024e-05	0	0	0	0	0	0	0	0	0	0	0	0	0	0	0	0	0	0	0	0
k__Bacteria|p__Bacillota|c__Clostridia|o__Lachnospirales|f__Lachnospiraceae	0	0	0	0	0	0	0	0	0	0	0	0	0	0	0	4.58599894522024e-05	0	0	0	0	0	0	0	0	0	0	0	0	0	0	0	0	0	0	0	0
k__Bacteria|p__Bacillota|c__Clostridia|o__Clostridia_UCG-014|f__unclassified_Clostridia_UCG-014|g__unclassified_Clostridia_UCG-014|s__unclassified_Clostridia_UCG-014	0	0	0	0	0	0	4.58599894522024e-05	0	0	0	0	0	0	0	0	0	0	0	0	0	0	0	0	0	0	0	0	0	0	0	0	0	0	0	0	0
k__Bacteria|p__Bacillota|c__Bacilli|o__Lactobacillales|f__Lactobacillaceae|g__Ligilactobacillus	0	0	0	0	0	0	0	0	0	0	0	0	0	0	0	0	4.58599894522024e-05	0	0	0	0	0	0	0	0	0	0	0	0	0	0	0	0	0	0	0
k__Bacteria|p__Bacillota|c__Clostridia|o__Lachnospirales|f__Lachnospiraceae	0	0	0	0	0	0	0	0	0	0	0	0	0	0	0	0	4.58599894522024e-05	0	0	0	0	0	0	0	0	0	0	0	0	0	0	0	0	0	0	0
k__Bacteria|p__Bacillota|c__Clostridia|o__Lachnospirales|f__Lachnospiraceae	0	0	0	0	0	0	0	0	0	0	0	0	0	0	0	0	0	0	4.58599894522024e-05	0	0	0	0	0	0	0	0	0	0	0	0	0	0	0	0	0
k__Bacteria|p__Bacillota|c__Bacilli|o__Lactobacillales|f__Enterococcaceae|g__Enterococcus	0	0	0	0	0	0	0	0	0	0	0	0	0	0	0	0	0	0	0	0	4.58599894522024e-05	0	0	0	0	0	0	0	0	0	0	0	0	0	0	0
k__Bacteria|p__Bacteroidota|c__Bacteroidia|o__Bacteroidales|f__Muribaculaceae|g__unclassified_Muribaculaceae|s__unclassified_Muribaculaceae	0	0	0	0	0	0	0	0	0	0	0	0	0	0	0	0	0	6.87899841783036e-05	0	0	0	0	0	0	0	0	0	0	0	0	0	0	0	0	0	0
k__Bacteria|p__Actinomycetota|c__Actinobacteria|o__Mycobacteriales|f__Mycobacteriaceae|g__Mycobacterium	0	0	0	0	0	0	0	0	0	0	0	0	0.000114649973630506	0	0	0	0	0	0	0	0	0	0	0	0	0	0	0	0	0	0	0	0	0	0	0
k__Bacteria|p__Bacillota|c__Clostridia|o__Oscillospirales|f__Ruminococcaceae	0	0	6.87899841783036e-05	0	0	0	0	0	0	0	0	0	0	0	0	0	0	0	0	0	0	0	0	0	0	0	0	0	0	0	0	0	0	0	0	0
k__Bacteria|p__Bacteroidota|c__Bacteroidia|o__Bacteroidales|f__Rikenellaceae|g__Alistipes	0	0	0	0	0	0	4.58599894522024e-05	0	0	0	0	0	0	0	0	0	0	0	0	0	0	0	0	0	0	0	0	0	0	0	0	0	0	0	0	0
k__Bacteria|p__Bacillota|c__Clostridia|o__Oscillospirales|f__Ruminococcaceae|g__Harryflintia|s__unclassified_Harryflintia	0	0	0	0	0	0	0	0	0	0	0	0	0	0	0	0	0	0	0	0	0	0	0	0	0	0	0	0	0	0	0	0	0	2.29299947261012e-05	0	0
k__Bacteria|p__Bacillota|c__Clostridia|o__Oscillospirales|f__Oscillospiraceae	0	0	0	0	0	0	4.58599894522024e-05	0	0	0	0	0	0	0	0	0	0	0	0	0	0	0	0	0	0	0	0	0	0	0	0	0	0	0	0	0
k__Bacteria|p__Bacillota|c__Clostridia|o__Clostridia_UCG-014|f__unclassified_Clostridia_UCG-014|g__unclassified_Clostridia_UCG-014|s__unclassified_Clostridia_UCG-014	0	0	0	0	0	0	0	0	0	0	0	0	0	0	0	0	0	0	0	0	0	0	0	0	0	0	0	0	0	0	0	0	0	0	0	4.58599894522024e-05
k__Bacteria|p__Bacillota|c__Clostridia|o__Clostridia_vadinBB60_group|f__unclassified_Clostridia_vadinBB60_group|g__unclassified_Clostridia_vadinBB60_group|s__unclassified_Clostridia_vadinBB60_group	0	0	0	0	0	0	0	0	0	0	0	0	0	0	0	0	0	0	0	0	0	0	0	0	0	0	0	0	0	0	2.29299947261012e-05	0	0	0	0	0
k__Bacteria|p__Bacillota|c__Clostridia|o__Eubacteriales|f__Anaerofustaceae|g__Anaerofustis|s__Anaerofustis_stercorihominis	0	0	0	0	0	0	0	0	0	0	0	0	0	0	0	0	0	0	0	0	0	0	0	0	0	0	0	0	0	0	2.29299947261012e-05	0	0	0	0	0
k__Bacteria|p__Bacillota|c__Clostridia|o__Lachnospirales|f__Lachnospiraceae	0	0	0	0	0	0	0	0	0	0	0	0	0	0	0	0	0	0	0	0	0	0	0	0	0	0	0	0	0	0	2.29299947261012e-05	0	0	0	0	0
k__Bacteria|p__Bacteroidota|c__Bacteroidia|o__Bacteroidales|f__Muribaculaceae	0	0	0	0	0	0	0	0	0	0	0	0	0	0	0	0	0	0	0	0	0	0	0	0	0	0	0	0	0	0	2.29299947261012e-05	0	0	0	0	0
k__Bacteria|p__Bacillota|c__Clostridia|o__Oscillospirales|f__UCG-010|g__unclassified_UCG-010|s__unclassified_UCG-010	0	0	9.17199789044048e-05	0	0	0	0	0	0	0	0	0	0	0	0	0	0	0	0	0	0	0	0	0	0	0	0	0	0	0	0	4.58599894522024e-05	0	0	0	0
k__Bacteria|p__Bacillota|c__Clostridia|o__Oscillospirales|f__Ruminococcaceae|g__Paludicola|s__Ruminococcaceae_bacterium_Marseille-P2963	0	0	0	0	0	0	0	0	0	0	0	0	0	0	0	0	0	0	0	0	0	0	0	0	0	0	0	0	0	0	0	0.000114649973630506	0	0	0	0
k__Bacteria|p__Actinomycetota|c__Actinobacteria|o__Mycobacteriales|f__Corynebacteriaceae|g__Corynebacterium	0	0	0	0	0	0	0	0	0	0	0	0	0	0	0	0	0	0	0	0	0	0	0	0	0	0	0	0	0	0	0	0	0	2.29299947261012e-05	0	0
k__Bacteria|p__Bacillota|c__Clostridia|o__Clostridia_vadinBB60_group|f__unclassified_Clostridia_vadinBB60_group|g__unclassified_Clostridia_vadinBB60_group|s__unclassified_Clostridia_vadinBB60_group	0	0	0	0	0	0	0	0	0	0	0	0	0	0	0	0	0	0	0	0	0	0	0	0	0	0	0	0	0	0	0	0	0	2.29299947261012e-05	0	0
k__Bacteria|p__Bacillota|c__Clostridia	0	0	0	0	0	0	0	0	0	0	0	0	0	0	0	0	0	0	0	0	0	0	0	0	0	0	2.29299947261012e-05	0	0	0	0	0	0	2.29299947261012e-05	0	0
k__Bacteria|p__Bacillota|c__Clostridia|o__Clostridia_vadinBB60_group|f__unclassified_Clostridia_vadinBB60_group|g__unclassified_Clostridia_vadinBB60_group|s__unclassified_Clostridia_vadinBB60_group	0	0	0	0	0	0	0	0	0	0	0	0	0	0	0	0	0	0	0	0	0	0	0	0	0	0	0	0	0	0	4.58599894522024e-05	0	0	0	0	0
k__Bacteria|p__Bacillota|c__Clostridia|o__Peptostreptococcales-Tissierellales|f__Anaerovoracaceae|g__[Eubacterium]_brachy_group|s__unclassified_[Eubacterium]_brachy_group	0	0	0	0	0	0	0	0	0	0	0	0	0	0	0	0	0	0	0	0	0	0	0	0	0	0	0	0	0	0	0	0	0	0	6.87899841783036e-05	0
k__Bacteria|p__Bacteroidota|c__Bacteroidia|o__Bacteroidales|f__Muribaculaceae|g__unclassified_Muribaculaceae|s__unclassified_Muribaculaceae	0	0	0	0	0	0	0	0	0	0	0	0	0	0	0	0	0	0	0	0	0	0	0	0	0	4.58599894522024e-05	0	0	0	0	0	0	0	0	0	0
k__Bacteria|p__Bacteroidota|c__Bacteroidia|o__Bacteroidales|f__Bacteroidaceae|g__Bacteroides	0	0	0	0	0	0	0	0	0	0	0	0	0	0	0	0	0	0	0	0	0	0	0	0	0	0	0	6.87899841783036e-05	0	0	0	0	0	0	0	0
k__Bacteria|p__Bacillota|c__Clostridia	0	0	0	0	0	0	0	0	0	0	0	0	0	0	0	0	0	0	0	0	0	0	0	0	0	2.29299947261012e-05	0	0	0	0	0	0	0	0	2.29299947261012e-05	0
k__Bacteria|p__Bacillota|c__Clostridia|o__Oscillospirales|f__Oscillospiraceae|g__Oscillibacter|s__unclassified_Oscillibacter	0	0	0	0	0	0	0	0	0	0	0	0	0	0	0	0	0	0	0	0	0	0	0	0	0	0	0	4.58599894522024e-05	0	0	0	0	0	0	0	0
k__Bacteria|p__Bacillota|c__Clostridia|o__Clostridia_vadinBB60_group|f__unclassified_Clostridia_vadinBB60_group|g__unclassified_Clostridia_vadinBB60_group|s__unclassified_Clostridia_vadinBB60_group	0	0	0	0	0	0	0	0	0	0	0	0	0	0	0	0	0	0	0	0	0	0	0	0	0	0	0	4.58599894522024e-05	0	0	0	0	0	0	0	0
k__Bacteria|p__Bacillota|c__Clostridia|o__Lachnospirales|f__Lachnospiraceae	0	0	0	0	0	0	0	0	0	0	0	0	0	0	0	0	0	0	0	0	0	0	0	0	0	0	9.17199789044048e-05	0	0	0	0	0	0	0	0	0
k__Bacteria|p__Thermodesulfobacteriota|c__Desulfovibrionia|o__Desulfovibrionales|f__Desulfovibrionaceae	0	0	0	0	0	0	0	0	0	0	0	0	0	0	0	0	0	0	0	0	0	0	0	0	0	0	0	6.87899841783036e-05	0	0	0	0	0	0	0	0
k__Bacteria|p__Bacillota|c__Bacilli|o__RF39|f__unclassified_RF39|g__unclassified_RF39|s__unclassified_RF39	0	0	0	0	0	0	0	0	0	0	0	0	0	0	0	0	0	0	0	0	0	0	0	0	0	4.58599894522024e-05	0	0	0	0	0	0	0	0	0	0
k__Bacteria|p__Pseudomonadota|c__Gammaproteobacteria|o__Burkholderiales|f__Neisseriaceae|g__Eikenella	0	0	0	0	0	0	0	0	0	0	0	0	0	0	0	0	0	0	0	0	0	0	0	0	0	4.58599894522024e-05	0	0	0	0	0	0	0	0	0	0
k__Bacteria|p__Bacillota|c__Bacilli|o__RF39|f__unclassified_RF39|g__unclassified_RF39|s__unclassified_RF39	0	0	4.58599894522024e-05	0	0	0	0	0	0	0	0	0	0	0	0	0	0	0	0	0	0	0	0	0	2.29299947261012e-05	0	0	0	0	0	0	0	0	0	0	0
k__Bacteria|p__Bacillota|c__Bacilli|o__RF39|f__unclassified_RF39|g__unclassified_RF39|s__unclassified_RF39	0	0	0	0	0	0	0	0	0	0	0	0	0	0	0	0	0	0	0	4.58599894522024e-05	0	0	2.29299947261012e-05	0	0	0	0	0	0	0	0	0	0	0	0	0
k__Bacteria|p__Bacillota|c__Clostridia	0	0	0	6.87899841783036e-05	0	0	0	0	0	0	0	0	0	0	0	0	0	0	0	0	0	0	0	0	0	0	0	0	0	0	0	0	0	0	0	0
k__Bacteria|p__Bacillota|c__Clostridia|o__Clostridia_UCG-014|f__unclassified_Clostridia_UCG-014|g__unclassified_Clostridia_UCG-014|s__unclassified_Clostridia_UCG-014	0	0	4.58599894522024e-05	0	0	0	0	0	0	0	0	0	0	0	0	0	0	0	0	0	0	0	0	0	0	0	0	0	0	0	0	0	0	0	0	0
k__Bacteria|p__Bacillota|c__Clostridia|o__Clostridia_vadinBB60_group|f__unclassified_Clostridia_vadinBB60_group|g__unclassified_Clostridia_vadinBB60_group|s__unclassified_Clostridia_vadinBB60_group	0	0	0	0	0	0	0	0	0	0	0	0	0	0	0	0	0	0	0	0	0	0	0	0	0	0	0	0	0	0	0	0	0	0	0	0
k__Bacteria|p__Bacillota|c__Clostridia|o__Lachnospirales|f__Lachnospiraceae	0	0	0	9.17199789044048e-05	0	0	0	0	0	0	0	0	0	0	0	0	0	0	0	0	0	0	0	0	0	0	0	0	0	0	0	0	0	0	0	0
k__Bacteria|p__Bacillota|c__Clostridia|o__Lachnospirales|f__Lachnospiraceae	0	0	6.87899841783036e-05	0	0	0	0	0	0	0	0	0	0	0	0	0	0	0	0	0	0	0	0	0	0	0	0	0	0	0	0	0	0	0	0	0
k__Bacteria|p__Bacillota|c__Clostridia|o__Oscillospirales|f__Ruminococcaceae|g__unclassified_Ruminococcaceae|s__Ruminococcaceae_bacterium_Marseille-P3738	0	0	4.58599894522024e-05	0	0	0	0	0	0	0	0	0	0	0	0	0	0	0	0	0	0	0	0	0	0	0	0	0	0	0	0	0	0	0	0	0
k__Bacteria|p__Bacillota|c__Bacilli|o__Lactobacillales|f__Lactobacillaceae	0	0	6.87899841783036e-05	0	0	0	0	0	0	0	0	0	0	0	0	0	0	0	0	0	0	0	0	0	0	0	0	0	0	0	0	0	0	0	0	0
k__Bacteria|p__Bacillota|c__Clostridia|o__Oscillospirales|f__Oscillospiraceae	4.58599894522024e-05	0	0	0	0	0	0	0	0	0	0	0	0	0	0	0	0	0	0	0	0	0	0	0	0	0	0	0	0	0	0	0	0	0	0	0
k__Bacteria|p__Bacillota|c__Clostridia|o__Oscillospirales|f__Butyricicoccaceae|g__UCG-009	0	4.58599894522024e-05	0	0	0	0	0	0	0	0	0	0	0	0	0	0	0	0	0	0	0	0	0	0	0	0	0	0	0	0	0	0	0	0	0	0
k__Bacteria|p__Bacillota|c__Clostridia	0	2.29299947261012e-05	0	0	0	0	0	0	0	0	0	0	0	0	0	0	0	0	0	0	0	0	0	0	0	0	0	0	0	0	0	0	0	0	0	0
k__Bacteria|p__Bacillota|c__Clostridia|o__Oscillospirales|f__UCG-010|g__unclassified_UCG-010|s__unclassified_UCG-010	4.58599894522024e-05	0	0	2.29299947261012e-05	0	0	0	0	0	0	0	0	0	0	0	0	0	0	0	0	0	0	0	0	0	0	0	0	0	0	0	0	0	0	0	0
k__Bacteria|p__Bacillota|c__Clostridia|o__Oscillospirales|f__Butyricicoccaceae|g__UCG-009|s__unclassified_UCG-009	0	0	0	0	0	0	0	0	0	0	4.58599894522024e-05	0	0	0	0	0	0	0	0	0	0	0	0	0	0	0	0	0	0	0	0	0	0	0	0	0
k__Bacteria|p__Bacillota|c__Bacilli|o__RF39|f__unclassified_RF39|g__unclassified_RF39|s__unclassified_RF39	0	0	0	0	0	0	0	0	0	0	0	2.29299947261012e-05	0	0	0	0	0	0	0	0	0	0	0	0	0	0	0	0	0	0	0	0	0	0	0	0
k__Bacteria|p__Bacillota|c__Clostridia|o__Lachnospirales|f__Lachnospiraceae	0	0	0	2.29299947261012e-05	0	0	0	0	0	0	0	0	0	0	0	0	0	0	0	0	0	0	0	0	0	0	0	0	0	0	0	0	0	0	0	0
k__Bacteria|p__Bacillota|c__Bacilli|o__RF39|f__unclassified_RF39|g__unclassified_RF39|s__unclassified_RF39	0	0	0	2.29299947261012e-05	0	0	0	0	0	0	0	0	0	0	0	0	0	0	0	0	0	0	0	0	0	0	0	0	0	0	0	0	0	0	0	0
k__Bacteria|p__Bacillota|c__Clostridia|o__Lachnospirales|f__Lachnospiraceae|g__Lachnospiraceae_NK4A136_group	0	0	0	0	0	0	0	0	0	0	0	0	0	0	0	0	0	0	0	0	6.87899841783036e-05	0	0	0	0	0	0	0	0	0	0	0	0	0	0	0
k__Bacteria|p__Bacillota|c__Clostridia|o__Lachnospirales|f__Lachnospiraceae	0	0	0	0	4.58599894522024e-05	0	0	0	0	0	0	0	0	0	0	0	0	0	0	0	0	0	0	0	0	0	0	0	0	0	0	0	0	0	0	0
k__Bacteria|p__Bacteroidota|c__Bacteroidia|o__Bacteroidales|f__Muribaculaceae|g__unclassified_Muribaculaceae|s__unclassified_Muribaculaceae	0	0	0	0	0	0	0	0	0	0	0	0	0	2.29299947261012e-05	0	0	0	0	0	0	0	0	0	0	0	0	0	0	0	0	0	0	0	0	0	0
k__Bacteria|p__Actinomycetota|c__Coriobacteriia|o__Coriobacteriales|f__Eggerthellaceae|g__Adlercreutzia|s__unclassified_Adlercreutzia	0	0	0	0	0	0	0	0	0	0	0	0	0	4.58599894522024e-05	0	0	0	0	0	0	0	0	0	0	0	0	0	0	0	0	0	0	0	0	0	0
k__Bacteria|p__Bacillota|c__Clostridia|o__Oscillospirales|f__Ruminococcaceae|g__Candidatus_Soleaferrea|s__unclassified_Candidatus_Soleaferrea	0	0	0	0	0	4.58599894522024e-05	0	0	0	0	0	0	0	0	0	0	0	0	0	0	0	0	0	0	0	0	0	0	0	0	0	0	0	0	0	0
k__Bacteria|p__Bacillota|c__Clostridia|o__Oscillospirales|f__Ruminococcaceae|g__Anaerotruncus	0	0	0	0	0	4.58599894522024e-05	0	0	0	0	0	0	0	0	0	0	0	0	0	0	0	0	0	0	0	0	0	0	0	0	0	0	0	0	0	0
k__Bacteria|p__Bacillota|c__Clostridia|o__Oscillospirales|f__Ruminococcaceae|g__Ruthenibacterium|s__unclassified_Ruthenibacterium	0	0	0	0	0	2.29299947261012e-05	0	0	0	0	0	0	0	0	0	0	0	0	0	0	0	0	0	0	0	0	0	0	0	0	0	0	0	0	0	0
k__Bacteria|p__Thermodesulfobacteriota|c__Desulfovibrionia|o__Desulfovibrionales|f__Desulfovibrionaceae|g__Desulfovibrio	0	0	0	0	0	0	0	0	0	0	0	0	0	0	0	4.58599894522024e-05	0	0	0	0	0	0	0	0	0	0	0	0	0	0	0	0	0	0	0	0
k__Bacteria|p__Bacteroidota|c__Bacteroidia|o__Bacteroidales|f__Muribaculaceae|g__unclassified_Muribaculaceae|s__unclassified_Muribaculaceae	0	0	0	0	0	0	0	0	0	0	0	0	0	0	0	9.17199789044048e-05	0	0	0	0	0	0	0	0	0	0	0	0	0	0	0	0	0	0	0	0
k__Bacteria|p__Pseudomonadota|c__Alphaproteobacteria|o__Rhodobacterales|f__Paracoccaceae|g__Paracoccus	0	0	0	0	0	0	0	0	0	0	0	0	0	0	0	0	2.29299947261012e-05	0	0	0	0	0	0	0	0	0	0	0	0	0	0	0	0	0	0	0
k__Bacteria|p__Bacteroidota|c__Bacteroidia|o__Bacteroidales|f__Muribaculaceae|g__unclassified_Muribaculaceae|s__unclassified_Muribaculaceae	0	0	0	0	0	0	0	0	0	0	0	0	0	0	0	0	4.58599894522024e-05	0	0	0	0	0	0	0	0	0	0	0	0	0	0	0	0	0	0	0
k__Bacteria|p__Bacillota|c__Bacilli|o__Lactobacillales|f__Lactobacillaceae|g__Lactobacillus	0	0	0	0	0	0	0	0	0	0	0	0	0	0	0	0	0	0	4.58599894522024e-05	0	0	0	0	0	0	0	0	0	0	0	0	0	0	0	0	0
k__Bacteria|p__Bacillota|c__Clostridia|o__Lachnospirales|f__Lachnospiraceae|g__Lachnoclostridium	0	0	0	0	0	0	0	0	0	0	0	0	0	0	0	0	0	0	0	0	2.29299947261012e-05	0	0	0	0	0	0	0	0	0	0	0	0	0	0	0
k__Bacteria|p__Bacillota|c__Clostridia|o__Oscillospirales|f__Ruminococcaceae	0	0	0	0	0	0	0	0	0	0	0	0	0	0	0	0	0	4.58599894522024e-05	0	0	0	0	0	0	0	0	0	0	0	0	0	0	0	0	0	0
k__Bacteria|p__Bacillota|c__Clostridia|o__Clostridia_vadinBB60_group|f__unclassified_Clostridia_vadinBB60_group|g__unclassified_Clostridia_vadinBB60_group|s__unclassified_Clostridia_vadinBB60_group	0	0	0	0	0	0	0	0	0	0	0	0	0	0	0	0	0	4.58599894522024e-05	0	0	0	0	0	0	0	0	0	0	0	0	0	0	0	0	0	0
k__Bacteria|p__Actinomycetota|c__Coriobacteriia|o__Coriobacteriales	0	0	0	0	0	0	0	0	0	0	0	2.29299947261012e-05	0	0	0	0	0	0	0	0	0	0	0	0	0	0	0	0	0	0	0	0	0	0	0	0
k__Bacteria|p__Bacillota|c__Clostridia|o__Lachnospirales|f__Lachnospiraceae	2.29299947261012e-05	0	0	0	0	0	0	0	0	0	0	0	0	0	0	0	0	0	0	0	0	0	0	0	0	0	0	0	0	0	0	0	0	0	0	0
k__Bacteria|p__Pseudomonadota|c__Gammaproteobacteria|o__Burkholderiales|f__Sutterellaceae|g__Turicimonas|s__unclassified_Turicimonas	0	0	0	0	0	0	0	0	0	6.87899841783036e-05	0	0	0	0	0	0	0	0	0	0	0	0	0	0	0	0	0	0	0	0	0	0	0	0	0	0
k__Bacteria|p__Bacillota|c__Clostridia|o__Oscillospirales|f__Ruminococcaceae	0	2.29299947261012e-05	0	0	0	0	0	0	0	0	0	0	0	0	0	0	0	0	0	0	0	0	0	0	0	0	0	0	0	0	0	0	0	0	0	0
k__Bacteria|p__Bacillota|c__Clostridia|o__Lachnospirales|f__Lachnospiraceae|g__Tyzzerella|s__Anaerotignum_lactatifermentans	0	0	0	0	0	0	0	0	9.17199789044048e-05	0	0	0	0	0	0	0	0	0	0	0	0	0	0	0	0	0	0	0	0	0	0	0	0	0	0	0
k__Bacteria|p__Pseudomonadota|c__Gammaproteobacteria|o__Pseudomonadales|f__Moraxellaceae|g__Acinetobacter	0	0	0	0	0	0	0	0	0	0	0	0	0	0	0	0	0	0	0	0	0	0	0	0	0	0	0	0	0	0	2.29299947261012e-05	0	0	0	0	0
k__Bacteria|p__Bacillota|c__Clostridia|o__Oscillospirales|f__[Eubacterium]_coprostanoligenes_group|g__unclassified_[Eubacterium]_coprostanoligenes_group|s__unclassified_[Eubacterium]_coprostanoligenes_group	0	0	0	0	0	0	0	0	0	0	0	0	0	0	0	0	0	0	0	0	0	0	0	0	0	0	0	0	0	0	4.58599894522024e-05	0	0	0	0	0
k__Bacteria|p__Bacillota|c__Clostridia|o__Clostridia_UCG-014|f__unclassified_Clostridia_UCG-014|g__unclassified_Clostridia_UCG-014|s__unclassified_Clostridia_UCG-014	0	0	0	0	0	0	0	0	0	0	0	0	0	0	0	0	0	0	0	0	0	0	0	0	0	0	0	0	0	0	2.29299947261012e-05	0	0	0	0	0
k__Bacteria|p__Bacillota|c__Clostridia|o__Oscillospirales|f__Oscillospiraceae	0	0	0	0	0	0	0	0	0	0	0	0	0	0	0	0	0	0	0	0	0	0	0	0	0	0	0	0	0	0	2.29299947261012e-05	0	0	0	0	0
k__Bacteria|p__Bacillota|c__Clostridia|o__Clostridia_UCG-014|f__unclassified_Clostridia_UCG-014|g__unclassified_Clostridia_UCG-014|s__unclassified_Clostridia_UCG-014	0	0	0	0	0	0	0	0	0	0	0	0	0	0	0	0	0	0	0	0	0	0	0	0	0	0	0	0	0	0	6.87899841783036e-05	0	0	0	0	0
k__Bacteria|p__Bacteroidota|c__Bacteroidia|o__Bacteroidales|f__Bacteroidaceae|g__Bacteroides	0	0	0	0	0	0	0	0	0	0	0	0	0	0	0	0	0	0	0	0	0	0	0	0	0	0	0	0	0	0	0	0	9.17199789044048e-05	0	0	0
k__Bacteria|p__Bacillota|c__Clostridia|o__Lachnospirales|f__Lachnospiraceae	0	0	0	0	0	0	0	0	0	0	0	0	0	0	0	0	0	0	0	0	0	0	0	0	0	0	0	0	0	0	0	0	6.87899841783036e-05	0	0	0
k__Bacteria|p__Actinomycetota|c__Actinobacteria|o__Micrococcales|f__Micrococcaceae	0	0	0	0	0	0	0	0	0	0	0	0	0	0	0	0	0	0	0	0	0	0	0	0	0	0	0	0	0	0	0	0	0	2.29299947261012e-05	0	0
k__Bacteria|p__Bacillota|c__Bacilli|o__RF39|f__unclassified_RF39|g__unclassified_RF39|s__unclassified_RF39	0	0	0	0	0	0	0	0	0	0	0	0	0	0	0	0	0	0	0	0	0	0	0	0	0	0	0	0	0	0	0	0	0	2.29299947261012e-05	0	0
k__Bacteria|p__Actinomycetota|c__Coriobacteriia|o__Coriobacteriales|f__Eggerthellaceae|g__Adlercreutzia|s__unclassified_Adlercreutzia	0	0	0	0	0	0	0	0	0	0	0	0	0	0	0	0	0	0	0	0	0	0	0	0	0	0	0	0	0	0	0	0	0	2.29299947261012e-05	0	0
k__Bacteria|p__Bacillota|c__Clostridia|o__Lachnospirales|f__Lachnospiraceae|g__Roseburia|s__Roseburia_intestinalis	0	0	0	0	0	0	0	0	0	0	0	0	0	0	0	0	0	0	0	0	0	4.58599894522024e-05	0	0	0	0	0	0	0	0	0	0	0	0	0	0
k__Bacteria|p__Bacillota|c__Clostridia|o__Lachnospirales|f__Lachnospiraceae|g__Roseburia|s__Roseburia_intestinalis	0	0	0	0	0	0	0	0	0	0	0	0	0	0	0	0	0	0	0	0	0	0	2.29299947261012e-05	0	0	0	0	0	0	0	0	0	0	0	0	0
k__Bacteria|p__Bacillota|c__Clostridia|o__Oscillospirales|f__Butyricicoccaceae|g__Agathobaculum	0	0	0	0	0	0	0	0	0	0	0	0	0	0	0	0	0	0	0	0	0	0	4.58599894522024e-05	0	0	0	0	0	0	0	0	0	0	0	0	0
k__Bacteria|p__Bacteroidota|c__Bacteroidia|o__Bacteroidales|f__Muribaculaceae|g__unclassified_Muribaculaceae|s__unclassified_Muribaculaceae	0	0	0	0	0	0	0	0	0	0	0	0	0	0	0	0	0	0	0	0	0	0	0	0	0	0	0	0	0	0	0	9.17199789044048e-05	0	0	0	0
k__Bacteria|p__Bacillota|c__Clostridia|o__Lachnospirales|f__Lachnospiraceae|g__A2|s__unclassified_A2	0	0	0	0	0	0	0	0	0	0	0	0	0	0	0	0	0	0	0	0	0	0	6.87899841783036e-05	0	0	0	0	0	0	0	0	0	0	0	0	0
k__Bacteria|p__Thermodesulfobacteriota|c__Desulfovibrionia|o__Desulfovibrionales|f__Desulfovibrionaceae	0	0	0	0	0	0	0	0	0	0	0	0	0	0	0	0	0	0	0	0	0	0	0	0	0	0	0	0	4.58599894522024e-05	0	0	0	0	0	0	0
k__Bacteria|p__Bacillota|c__Clostridia|o__Clostridia_vadinBB60_group|f__unclassified_Clostridia_vadinBB60_group|g__unclassified_Clostridia_vadinBB60_group|s__unclassified_Clostridia_vadinBB60_group	0	0	0	0	0	0	0	0	0	0	0	0	0	0	0	0	0	0	0	0	0	0	0	0	4.58599894522024e-05	0	0	0	0	0	0	0	0	0	0	0
k__Bacteria|p__Bacillota|c__Clostridia|o__Oscillospirales|f__Ruminococcaceae	0	0	0	0	0	0	0	0	6.87899841783036e-05	0	0	0	0	0	0	0	0	0	0	0	0	0	0	0	0	0	0	0	0	0	0	0	0	0	0	0
k__Bacteria|p__Bacillota|c__Clostridia|o__Oscillospirales|f__Ruminococcaceae|g__Anaerotruncus|s__unclassified_Anaerotruncus	0	0	0	0	0	0	0	4.58599894522024e-05	0	0	0	0	0	0	0	0	0	0	0	0	0	0	0	0	0	0	0	0	0	0	0	0	0	0	0	0
k__Bacteria|p__Bacillota|c__Clostridia|o__Lachnospirales|f__Lachnospiraceae	0	0	0	0	0	0	0	2.29299947261012e-05	0	0	0	0	0	0	0	0	0	0	0	0	0	0	0	0	0	0	0	0	0	0	0	0	0	0	0	0
k__Bacteria|p__Bacillota|c__Clostridia|o__Clostridia_UCG-014|f__unclassified_Clostridia_UCG-014|g__unclassified_Clostridia_UCG-014|s__unclassified_Clostridia_UCG-014	0	0	0	0	0	0	2.29299947261012e-05	0	0	0	0	0	0	0	0	0	0	0	0	0	0	0	0	0	0	0	0	0	0	0	0	0	0	0	0	0
k__Bacteria|p__Bacillota|c__Clostridia|o__Lachnospirales|f__Lachnospiraceae|g__Lachnoclostridium	0	0	0	0	0	0	0	0	0	0	0	0	0	0	0	0	0	0	0	0	0	0	0	0	0	0	0	0	6.87899841783036e-05	0	0	0	0	0	0	0
k__Bacteria|p__Bacteroidota|c__Bacteroidia|o__Bacteroidales|f__Muribaculaceae|g__unclassified_Muribaculaceae|s__unclassified_Muribaculaceae	0	0	0	0	0	0	2.29299947261012e-05	0	0	0	0	0	0	0	0	0	0	0	0	0	0	0	0	0	0	0	0	0	0	0	0	0	0	0	0	0
k__Bacteria|p__Bacillota|c__Clostridia|o__Lachnospirales|f__Lachnospiraceae	0	0	0	0	0	0	0	0	0	0	0	0	0	0	0	0	0	0	0	0	0	0	0	0	0	0	0	4.58599894522024e-05	0	0	0	0	0	0	0	0
k__Bacteria|p__Bacteroidota|c__Bacteroidia|o__Bacteroidales|f__Muribaculaceae	0	0	0	0	0	0	0	0	0	0	0	0	0	0	0	0	0	0	0	0	0	0	0	0	0	0	6.87899841783036e-05	0	0	0	0	0	0	0	0	0
k__Bacteria|p__Bacillota|c__Clostridia|o__Christensenellales|f__Christensenellaceae|g__unclassified_Christensenellaceae|s__unclassified_Christensenellaceae	0	0	0	0	0	0	0	0	0	0	0	0	0	0	0	0	0	0	0	0	0	0	0	0	0	0	6.87899841783036e-05	0	0	0	0	0	0	0	0	0
k__Bacteria|p__Bacteroidota|c__Bacteroidia|o__Bacteroidales|f__Muribaculaceae	0	0	0	0	0	0	0	0	0	0	0	0	0	0	0	0	0	0	0	0	0	0	0	0	0	4.58599894522024e-05	0	0	0	0	0	0	0	0	0	0
k__Bacteria|p__Bacteroidota|c__Bacteroidia|o__Bacteroidales|f__Muribaculaceae|g__unclassified_Muribaculaceae|s__unclassified_Muribaculaceae	0	0	0	0	0	0	0	0	0	0	0	0	0	0	0	0	0	0	0	0	0	0	0	0	0	9.17199789044048e-05	0	0	0	0	0	0	0	0	0	0
k__Bacteria|p__Bacillota|c__Bacilli|o__Erysipelotrichales|f__Erysipelotrichaceae|g__unclassified_Erysipelotrichaceae|s__unclassified_Erysipelotrichaceae	0	0	0	0	0	0	0	0	0	0	0	0	0	0	0	0	0	0	0	0	0	0	0	0	2.29299947261012e-05	0	9.17199789044048e-05	0	0	0	0	0	0	0	0	0
k__Bacteria|p__Bacillota|c__Clostridia|o__Lachnospirales|f__Lachnospiraceae	0	0	0	0	4.58599894522024e-05	0	0	0	0	0	0	0	0	0	0	0	0	0	0	0	0	0	0	0	0	0	0	0	0	0	0	0	0	0	0	0
k__Bacteria|p__Bacteroidota|c__Bacteroidia|o__Bacteroidales|f__Muribaculaceae|g__unclassified_Muribaculaceae|s__unclassified_Muribaculaceae	0	2.29299947261012e-05	0	0	0	0	0	0	0	0	0	0	0	0	0	0	0	0	0	0	0	0	0	0	0	0	0	0	0	0	0	0	0	0	0	0
k__Bacteria|p__Bacillota|c__Clostridia|o__Lachnospirales	0	0	0	2.29299947261012e-05	0	0	0	0	0	0	0	0	0	0	0	0	0	0	0	0	0	0	0	0	0	0	0	0	0	0	0	0	0	0	0	0
k__Bacteria|p__Bacillota|c__Bacilli|o__RF39|f__unclassified_RF39|g__unclassified_RF39|s__unclassified_RF39	0	0	0	2.29299947261012e-05	0	0	0	0	0	0	0	0	0	0	0	0	0	0	0	0	0	0	0	0	0	0	0	0	0	0	0	0	0	0	0	0
k__Bacteria|p__Pseudomonadota|c__Gammaproteobacteria|o__Pseudomonadales|f__Moraxellaceae|g__Psychrobacter	0	0	0	4.58599894522024e-05	0	0	0	0	0	0	0	0	0	0	0	0	0	0	0	0	0	0	0	0	0	0	0	0	0	0	0	0	0	0	0	0
k__Bacteria|p__Bacillota|c__Clostridia	0	0	4.58599894522024e-05	0	0	0	0	0	0	0	0	0	0	0	0	0	0	0	0	0	0	0	0	0	0	0	0	0	0	0	0	0	0	0	0	0
k__Bacteria|p__Bacillota|c__Clostridia|o__Oscillospirales|f__Ruminococcaceae|g__Anaerotruncus	0	0	2.29299947261012e-05	0	0	0	0	0	0	0	0	0	0	0	0	0	0	0	0	0	0	0	0	0	0	0	0	0	0	0	0	0	0	0	0	0
k__Bacteria|p__Pseudomonadota|c__Alphaproteobacteria|o__Hyphomicrobiales|f__Xanthobacteraceae	0	0	4.58599894522024e-05	0	0	0	0	0	0	0	0	0	0	0	0	0	0	0	0	0	0	0	0	0	0	0	0	0	0	0	0	0	0	0	0	0
k__Bacteria|p__Bacillota|c__Clostridia|o__Lachnospirales|f__Lachnospiraceae	0	4.58599894522024e-05	0	0	0	0	0	0	0	0	0	0	0	0	0	0	0	0	0	0	0	0	0	0	0	0	0	0	0	0	0	0	0	0	0	0
k__Bacteria|p__Bacillota|c__Clostridia|o__Lachnospirales|f__Lachnospiraceae	0	0	0	0	0	0	0	0	0	0	0	2.29299947261012e-05	0	0	0	0	0	0	0	0	0	0	0	0	0	0	0	0	0	0	0	0	0	0	0	0
k__Bacteria|p__Bacillota|c__Clostridia|o__Lachnospirales|f__Lachnospiraceae	0	2.29299947261012e-05	0	0	0	0	0	0	0	0	0	0	0	0	0	0	0	0	0	0	0	0	0	0	0	0	0	0	0	0	0	0	0	0	0	0
k__Bacteria|p__Bacillota|c__Clostridia|o__Oscillospirales|f__Ruminococcaceae	0	2.29299947261012e-05	0	0	0	0	0	0	0	0	0	0	0	0	0	0	0	0	0	0	0	0	0	0	0	0	0	0	0	0	0	0	0	0	0	0
k__Bacteria|p__Pseudomonadota|c__Alphaproteobacteria|o__Hyphomicrobiales|f__Xanthobacteraceae	0	2.29299947261012e-05	0	0	0	0	0	0	0	0	0	0	0	0	0	0	0	0	0	0	0	0	0	0	0	0	0	0	0	0	0	0	0	0	0	0
k__Bacteria|p__Bacillota|c__Clostridia|o__Lachnospirales|f__Lachnospiraceae	2.29299947261012e-05	0	0	0	0	0	0	0	0	0	0	0	0	0	0	0	0	0	0	0	0	0	0	0	0	0	0	0	0	0	0	0	0	0	0	0
k__Bacteria|p__Bacteroidota|c__Bacteroidia|o__Bacteroidales|f__Prevotellaceae	2.29299947261012e-05	0	0	0	0	0	0	0	0	0	0	0	0	0	0	0	0	0	0	0	0	0	0	0	0	0	0	0	0	0	0	0	0	0	0	0
k__Bacteria|p__Bacillota|c__Clostridia|o__Clostridia_UCG-014|f__unclassified_Clostridia_UCG-014|g__unclassified_Clostridia_UCG-014|s__unclassified_Clostridia_UCG-014	0	0	0	0	0	0	0	0	0	0	0	2.29299947261012e-05	0	0	0	0	0	0	0	0	0	0	0	0	0	0	0	0	0	0	0	0	0	0	0	0
k__Bacteria|p__Bacillota|c__Clostridia|o__Clostridia_vadinBB60_group|f__unclassified_Clostridia_vadinBB60_group|g__unclassified_Clostridia_vadinBB60_group|s__unclassified_Clostridia_vadinBB60_group	0	0	0	0	0	0	0	0	0	0	0	2.29299947261012e-05	0	0	0	0	0	0	0	0	0	0	0	0	0	0	0	0	0	0	0	0	0	0	0	0
k__Bacteria|p__Pseudomonadota|c__Alphaproteobacteria|o__Reyranellales|f__Reyranellaceae|g__Reyranella	0	0	0	0	0	0	0	0	0	0	0	2.29299947261012e-05	0	0	0	0	0	0	0	0	0	0	0	0	0	0	0	0	0	0	0	0	0	0	0	0
k__Bacteria|p__Bacillota|c__Clostridia|o__Lachnospirales|f__Lachnospiraceae	0	0	0	0	2.29299947261012e-05	0	0	0	0	0	0	0	0	0	0	0	0	0	0	0	0	0	0	0	0	0	0	0	0	0	0	0	0	0	0	0
k__Bacteria|p__Bacillota|c__Clostridia|o__Lachnospirales|f__Lachnospiraceae	0	0	0	0	2.29299947261012e-05	0	0	0	0	0	0	0	0	0	0	0	0	0	0	0	0	0	0	0	0	0	0	0	0	0	0	0	0	0	0	0
k__Bacteria|p__Bacillota|c__Bacilli|o__RF39|f__unclassified_RF39|g__unclassified_RF39|s__unclassified_RF39	0	0	0	0	0	0	0	0	0	0	0	0	0	0	0	0	2.29299947261012e-05	0	0	0	0	0	0	0	0	0	0	0	0	0	0	0	0	0	0	0
k__Bacteria|p__Bacillota|c__Bacilli|o__Staphylococcales|f__Staphylococcaceae|g__Jeotgalicoccus	0	0	0	0	0	0	0	0	0	0	0	0	0	2.29299947261012e-05	0	0	0	0	0	0	0	0	0	0	0	0	0	0	0	0	0	0	0	0	0	0
k__Bacteria|p__Bacillota|c__Clostridia	0	0	0	0	0	0	0	0	0	0	0	0	0	4.58599894522024e-05	0	0	0	0	0	0	0	0	0	0	0	0	0	0	0	0	0	0	0	0	0	0
k__Bacteria|p__Bacteroidota|c__Bacteroidia|o__Bacteroidales|f__Prevotellaceae|g__unclassified_Prevotellaceae|s__unclassified_Prevotellaceae	0	0	0	0	0	0	0	0	0	0	0	0	0	0	0	0	0	6.87899841783036e-05	0	0	0	0	0	0	0	0	0	0	0	0	0	0	0	0	0	0
k__Bacteria|p__Bacillota|c__Bacilli|o__RF39|f__unclassified_RF39|g__unclassified_RF39|s__unclassified_RF39	0	0	0	0	0	0	0	0	0	0	0	0	0	0	0	0	0	2.29299947261012e-05	0	0	0	0	0	0	0	0	0	0	0	0	0	0	0	0	0	0
k__Bacteria|p__Bacillota|c__Clostridia|o__Peptostreptococcales-Tissierellales|f__Anaerovoracaceae|g__[Eubacterium]_brachy_group|s__unclassified_[Eubacterium]_brachy_group	0	0	0	0	0	0	0	0	0	0	0	0	0	0	0	0	0	0	0	0	4.58599894522024e-05	0	0	0	0	0	0	0	0	0	0	0	0	0	0	0
k__Bacteria|p__Bacillota|c__Clostridia|o__Oscillospirales	0	0	0	0	0	0	0	0	0	0	0	0	0	0	0	0	0	0	2.29299947261012e-05	0	0	0	0	0	0	0	0	0	0	0	0	0	0	0	0	0
k__Bacteria|p__Bacillota|c__Bacilli|o__Bacillales|f__Planococcaceae|g__Lysinibacillus	0	0	0	0	0	0	0	0	0	0	0	0	0	0	0	0	0	0	2.29299947261012e-05	0	0	0	0	0	0	0	0	0	0	0	0	0	0	0	0	0
k__Bacteria|p__Bacillota|c__Clostridia|o__Lachnospirales|f__Lachnospiraceae	0	0	0	0	0	0	0	0	0	0	2.29299947261012e-05	0	0	0	0	0	0	0	0	0	0	0	0	0	0	0	0	0	0	0	0	0	0	0	0	0
k__Bacteria|p__Thermodesulfobacteriota|c__Desulfovibrionia|o__Desulfovibrionales|f__Desulfovibrionaceae|g__Desulfovibrio	0	0	0	0	0	0	0	0	0	0	0	0	0	0	0	4.58599894522024e-05	0	0	0	0	0	0	0	0	0	0	0	0	0	0	0	0	0	0	0	0
k__Bacteria|p__Bacillota|c__Bacilli|o__Acholeplasmatales|f__Acholeplasmataceae|g__Anaeroplasma|s__unclassified_Anaeroplasma	0	0	0	0	0	0	0	0	0	0	0	0	0	0	0	2.29299947261012e-05	0	0	0	0	0	0	0	0	0	0	0	0	0	0	0	0	0	0	0	0
k__Bacteria|p__Bacillota|c__Clostridia|o__Lachnospirales|f__Lachnospiraceae	0	0	0	0	0	0	0	0	0	0	0	0	0	0	0	4.58599894522024e-05	0	0	0	0	0	0	0	0	0	0	0	0	0	0	0	0	0	0	0	0
k__Bacteria|p__Bacillota|c__Clostridia|o__Lachnospirales|f__Lachnospiraceae	0	0	0	0	0	0	0	0	0	0	0	0	0	0	0	2.29299947261012e-05	0	0	0	0	0	0	0	0	0	0	0	0	0	0	0	0	0	0	0	0
k__Bacteria|p__Bacillota|c__Clostridia|o__Lachnospirales|f__Lachnospiraceae	0	0	0	0	0	0	0	0	0	0	0	0	0	0	2.29299947261012e-05	0	0	0	0	0	0	0	0	0	0	0	0	0	0	0	0	0	0	0	0	0
k__Bacteria|p__Bacillota|c__Clostridia	0	0	0	0	0	0	0	0	0	0	0	0	0	0	4.58599894522024e-05	0	0	0	0	0	0	0	0	0	0	0	0	0	0	0	0	0	0	0	0	0
k__Bacteria|p__Bacillota|c__Bacilli|o__Bacillales|f__Bacillaceae|g__Bacillus	0	0	0	0	0	0	0	0	0	0	0	0	0	0	2.29299947261012e-05	0	0	0	0	0	0	0	0	0	0	0	0	0	0	0	0	0	0	0	0	0
k__Bacteria|p__Bacillota|c__Clostridia|o__Clostridia_UCG-014|f__unclassified_Clostridia_UCG-014|g__unclassified_Clostridia_UCG-014|s__unclassified_Clostridia_UCG-014	0	0	0	0	0	2.29299947261012e-05	0	0	0	0	0	0	0	0	0	0	0	0	0	0	0	0	0	0	0	0	0	0	0	0	0	0	0	0	0	0
k__Bacteria|p__Bacillota|c__Bacilli|o__RF39|f__unclassified_RF39|g__unclassified_RF39|s__unclassified_RF39	0	0	0	0	0	2.29299947261012e-05	0	0	0	0	0	0	0	0	0	0	0	0	0	0	0	0	0	0	0	0	0	0	0	0	0	0	0	0	0	0
k__Bacteria|p__Bacillota|c__Bacilli|o__Lactobacillales|f__Aerococcaceae|g__Facklamia|s__Facklamia_tabacinasalis	0	0	0	0	0	2.29299947261012e-05	0	0	0	0	0	0	0	0	0	0	0	0	0	0	0	0	0	0	0	0	0	0	0	0	0	0	0	0	0	0
k__Bacteria|p__Acidobacteriota|c__Vicinamibacteria|o__Vicinamibacterales|f__Vicinamibacteraceae|g__unclassified_Vicinamibacteraceae|s__unclassified_Vicinamibacteraceae	0	0	0	0	0	6.87899841783036e-05	0	0	0	0	0	0	0	0	0	0	0	0	0	0	0	0	0	0	0	0	0	0	0	0	0	0	0	0	0	0
k__Bacteria|p__Bacillota|c__Clostridia|o__Lachnospirales|f__Lachnospiraceae	0	0	0	0	0	0	0	0	0	0	0	0	0	2.29299947261012e-05	0	0	0	0	0	0	0	0	0	0	0	0	0	0	0	0	0	0	0	0	0	0
k__Bacteria|p__Bacillota|c__Clostridia|o__Lachnospirales|f__Lachnospiraceae	0	0	0	0	0	0	0	0	0	0	0	0	0	2.29299947261012e-05	0	0	0	0	0	0	0	0	0	0	0	0	0	0	0	0	0	0	0	0	0	0
k__Bacteria|p__Bacillota|c__Bacilli|o__RF39|f__unclassified_RF39|g__unclassified_RF39|s__unclassified_RF39	0	0	0	0	0	0	0	0	0	0	4.58599894522024e-05	0	0	0	0	0	0	0	0	0	0	0	0	0	0	0	0	0	0	0	0	0	0	0	0	0
k__Bacteria|p__Bacillota|c__Bacilli|o__Lactobacillales|f__Carnobacteriaceae|g__Jeotgalibaca	0	0	0	0	2.29299947261012e-05	0	0	0	0	0	0	0	0	0	0	0	0	0	0	0	0	0	0	0	0	0	0	0	0	0	0	0	0	0	0	0
k__Bacteria|p__Bacillota|c__Clostridia|o__Lachnospirales|f__Lachnospiraceae	0	0	0	0	0	0	0	0	0	4.58599894522024e-05	0	0	0	0	0	0	0	0	0	0	0	0	0	0	0	0	0	0	0	0	0	0	0	0	0	0
k__Bacteria|p__Bacillota|c__Bacilli|o__Erysipelotrichales|f__Erysipelotrichaceae|g__Dubosiella|s__unclassified_Dubosiella	0	0	0	0	0	0	0	0	0	0	0	0	0	0	0	0	0	0	0	0	0	0	0	0	0	0	0	0	0	0	0	0	0	0	4.58599894522024e-05	0
k__Bacteria|p__Actinomycetota|c__Coriobacteriia|o__Coriobacteriales|f__unclassified_Coriobacteriales|g__unclassified_Coriobacteriales|s__unclassified_Coriobacteriales	0	0	0	0	0	0	0	0	0	0	0	0	0	0	0	0	0	0	0	0	0	0	0	0	0	0	0	0	0	0	0	0	0	0	4.58599894522024e-05	0
k__Bacteria|p__Bacillota|c__Clostridia|o__Lachnospirales|f__Lachnospiraceae|g__Extibacter	0	0	0	0	0	0	0	0	0	0	0	0	0	0	0	0	0	0	0	0	0	0	0	0	0	0	0	0	0	0	0	0	0	2.29299947261012e-05	0	0
k__Bacteria|p__Bacteroidota|c__Bacteroidia|o__Bacteroidales|f__Muribaculaceae|g__unclassified_Muribaculaceae|s__unclassified_Muribaculaceae	0	0	0	0	0	0	0	0	0	0	0	0	0	0	0	0	0	0	0	0	0	0	0	0	0	0	0	0	0	0	0	0	0	2.29299947261012e-05	0	0
k__Bacteria|p__Bacillota|c__Clostridia|o__Lachnospirales|f__Lachnospiraceae|g__Lachnospiraceae_NK4A136_group	0	0	0	0	0	0	0	0	0	0	0	0	0	0	0	0	0	0	0	0	0	0	0	0	0	0	0	0	0	0	0	0	0	2.29299947261012e-05	0	0
k__Bacteria|p__Bacteroidota|c__Bacteroidia|o__Bacteroidales|f__Muribaculaceae|g__unclassified_Muribaculaceae|s__unclassified_Muribaculaceae	0	0	0	0	0	0	0	0	0	0	0	0	0	0	0	0	0	0	0	0	0	0	0	0	0	0	0	0	0	0	0	0	0	4.58599894522024e-05	0	0
k__Bacteria|p__Bacillota|c__Clostridia	0	0	0	0	0	0	0	0	0	0	0	0	0	0	0	0	0	0	0	0	0	0	0	0	0	0	0	0	0	0	0	0	0	4.58599894522024e-05	0	0
k__Bacteria|p__Cyanobacteriota|c__Vampirivibrionia|o__Gastranaerophilales|f__Gastranaerophilaceae	0	0	0	0	0	0	0	0	0	0	0	0	0	0	0	0	0	0	0	0	0	0	0	0	0	0	0	0	0	0	0	0	0	2.29299947261012e-05	0	0
k__Bacteria|p__Bacillota|c__Clostridia|o__Lachnospirales|f__Lachnospiraceae|g__Lachnospiraceae_NK4A136_group	0	0	0	0	0	0	0	0	0	0	0	0	0	0	0	0	0	0	0	0	0	0	0	0	0	0	0	0	0	0	0	0	4.58599894522024e-05	0	0	0
k__Bacteria|p__Bacillota|c__Clostridia|o__Oscillospirales|f__Oscillospiraceae|g__Flavonifractor	0	0	0	0	0	0	0	0	0	0	0	0	0	0	0	0	0	0	0	0	0	0	0	0	0	0	0	0	0	0	0	0	4.58599894522024e-05	0	0	0
k__Bacteria|p__Bacteroidota|c__Bacteroidia|o__Bacteroidales|f__Muribaculaceae|g__unclassified_Muribaculaceae|s__unclassified_Muribaculaceae	0	0	0	0	0	0	0	0	0	0	0	0	0	0	0	0	0	0	0	0	0	0	0	0	0	0	0	0	0	0	0	0	4.58599894522024e-05	0	0	0
k__Bacteria|p__Cyanobacteriota|c__Vampirivibrionia|o__Gastranaerophilales|f__Gastranaerophilaceae|g__CAG-196|s__unclassified_CAG-196	0	0	0	0	0	0	0	0	0	0	0	0	0	0	0	0	0	0	0	0	0	0	0	0	0	0	0	0	0	0	0	0	4.58599894522024e-05	0	0	0
k__Bacteria|p__Bacillota|c__Clostridia|o__Monoglobales|f__Monoglobaceae|g__Monoglobus	0	0	0	0	0	0	0	0	0	0	0	0	0	0	0	0	0	0	0	0	0	0	0	0	0	0	0	0	0	0	0	6.87899841783036e-05	0	0	0	0
k__Bacteria|p__Thermodesulfobacteriota|c__Desulfovibrionia|o__Desulfovibrionales|f__Desulfovibrionaceae|g__unclassified_Desulfovibrionaceae|s__unclassified_Desulfovibrionaceae	0	0	0	0	0	0	0	0	0	0	0	0	0	0	0	0	0	0	0	0	0	0	0	0	0	0	0	0	0	0	0	4.58599894522024e-05	0	0	0	0
k__Bacteria|p__Bacteroidota|c__Bacteroidia|o__Bacteroidales|f__Muribaculaceae|g__unclassified_Muribaculaceae|s__unclassified_Muribaculaceae	0	0	0	0	0	0	0	0	0	0	0	0	0	0	0	0	0	0	0	0	0	0	0	0	0	0	0	0	0	0	0	4.58599894522024e-05	0	0	0	0
Unassigned	0	0	0	0	0	0	0	0	0	0	0	0	0	0	0	0	0	0	0	0	0	0	0	0	0	0	0	0	0	0	0	0	0	0	0	0
k__Bacteria|p__Bacteroidota|c__Bacteroidia|o__Bacteroidales|f__Muribaculaceae|g__unclassified_Muribaculaceae|s__unclassified_Muribaculaceae	0	0	0	0	0	0	0	0	0	0	0	0	0	0	0	0	0	0	0	0	0	0	0	0	0	0	0	0	0	0	0	0	0	0	0	2.29299947261012e-05
k__Bacteria|p__Bacillota|c__Clostridia|o__Christensenellales|f__Christensenellaceae|g__Christensenella	0	0	0	0	0	0	0	0	0	0	0	0	0	0	0	0	0	0	0	0	0	0	0	0	0	0	0	0	0	0	0	0	0	0	0	2.29299947261012e-05
k__Bacteria|p__Bacillota|c__Clostridia|o__Lachnospirales|f__Defluviitaleaceae|g__Defluviitaleaceae_UCG-011|s__unclassified_Defluviitaleaceae_UCG-011	0	0	0	0	0	0	0	0	0	0	0	0	0	0	0	0	0	0	0	0	0	0	0	0	0	0	0	0	0	0	0	0	0	0	0	4.58599894522024e-05
k__Bacteria|p__Bacillota|c__Clostridia|o__Christensenellales|f__Christensenellaceae|g__unclassified_Christensenellaceae|s__unclassified_Christensenellaceae	0	0	0	0	0	0	0	0	0	4.58599894522024e-05	0	0	0	0	0	0	0	0	0	0	0	0	0	0	0	0	0	0	0	0	0	0	0	0	0	0
k__Bacteria|p__Bacteroidota|c__Bacteroidia|o__Bacteroidales|f__Muribaculaceae|g__unclassified_Muribaculaceae|s__unclassified_Muribaculaceae	0	0	0	0	0	0	0	0	0	0	0	0	0	0	0	0	0	0	0	0	0	0	0	0	0	0	0	0	0	0	0	0	0	0	2.29299947261012e-05	0
k__Bacteria	0	0	0	0	0	0	0	0	0	0	0	0	0	0	0	0	0	0	0	0	0	0	0	0	0	0	0	0	0	0	0	0	0	0	0	0
k__Bacteria|p__Bacillota|c__Clostridia|o__Clostridia_UCG-014|f__unclassified_Clostridia_UCG-014|g__unclassified_Clostridia_UCG-014|s__unclassified_Clostridia_UCG-014	0	0	0	0	0	0	0	0	0	0	0	0	0	0	0	0	0	0	0	0	0	0	0	0	0	0	0	0	0	0	0	0	0	0	2.29299947261012e-05	0
k__Bacteria|p__Bacteroidota|c__Bacteroidia|o__Bacteroidales|f__Bacteroidaceae|g__Bacteroides	0	0	0	0	0	0	0	0	0	0	0	0	0	0	0	0	0	0	0	0	0	0	0	0	0	0	0	0	2.29299947261012e-05	0	0	0	0	0	0	0
k__Bacteria|p__Bacillota|c__Clostridia|o__Lachnospirales|f__Lachnospiraceae	0	0	0	0	0	0	0	4.58599894522024e-05	0	0	0	0	0	0	0	0	0	0	0	0	0	0	0	0	0	0	0	0	0	0	0	0	0	0	0	0
k__Bacteria|p__Bacteroidota|c__Bacteroidia|o__Bacteroidales|f__Muribaculaceae	0	0	0	0	0	0	0	0	0	0	0	0	0	0	0	0	0	0	0	0	0	4.58599894522024e-05	0	0	0	0	0	0	0	0	0	0	0	0	0	0
k__Bacteria|p__Bacteroidota|c__Bacteroidia|o__Bacteroidales|f__Muribaculaceae|g__unclassified_Muribaculaceae|s__unclassified_Muribaculaceae	0	0	0	0	0	0	0	0	0	0	0	0	4.58599894522024e-05	0	0	0	0	0	0	0	0	0	0	0	0	0	0	0	0	0	0	0	0	0	0	0
k__Bacteria|p__Bacillota|c__Clostridia|o__Lachnospirales|f__Lachnospiraceae	0	0	0	0	0	0	0	0	0	0	0	0	4.58599894522024e-05	0	0	0	0	0	0	0	0	0	0	0	0	0	0	0	0	0	0	0	0	0	0	0
k__Bacteria|p__Bacillota|c__Clostridia|o__Lachnospirales|f__Lachnospiraceae|g__Anaerostipes	0	0	0	0	0	0	0	0	0	0	0	0	0	0	0	0	0	0	0	0	0	0	0	0	0	0	0	0	0	4.58599894522024e-05	0	0	0	0	0	0
k__Bacteria|p__Bacillota|c__Clostridia|o__Oscillospirales|f__Ruminococcaceae|g__Paludicola|s__unclassified_Paludicola	0	0	0	0	0	0	0	0	0	0	0	0	0	0	0	0	0	0	0	0	0	0	0	0	0	0	0	0	0	4.58599894522024e-05	0	0	0	0	0	0
k__Bacteria|p__Actinomycetota|c__Coriobacteriia|o__Coriobacteriales|f__Coriobacteriaceae|g__Collinsella	0	0	0	0	0	0	0	0	0	0	0	0	0	0	0	0	0	0	0	0	0	0	0	0	0	0	0	0	0	6.87899841783036e-05	0	0	0	0	0	0
k__Bacteria|p__Acidobacteriota|c__Acidobacteriae|o__Subgroup_2|f__unclassified_Subgroup_2|g__unclassified_Subgroup_2|s__unclassified_Subgroup_2	0	0	0	0	0	0	0	0	0	0	0	0	0	0	0	0	0	0	0	0	0	0	0	0	0	0	0	0	0	4.58599894522024e-05	0	0	0	0	0	0
k__Bacteria|p__Bacillota|c__Clostridia|o__Oscillospirales|f__Ruminococcaceae|g__Anaerotruncus	0	0	0	0	0	0	0	0	0	0	0	0	0	0	0	0	0	0	0	0	0	0	0	0	0	0	0	0	2.29299947261012e-05	0	0	0	0	0	0	0
k__Bacteria|p__Bacillota|c__Clostridia|o__Lachnospirales|f__Lachnospiraceae	0	0	0	0	0	0	4.58599894522024e-05	0	0	0	0	0	0	0	0	0	0	0	0	0	0	0	0	0	0	0	0	0	0	0	0	0	0	0	0	0
k__Bacteria|p__Bacillota|c__Clostridia|o__Clostridia_vadinBB60_group|f__unclassified_Clostridia_vadinBB60_group|g__unclassified_Clostridia_vadinBB60_group|s__unclassified_Clostridia_vadinBB60_group	0	0	0	0	0	0	0	0	0	0	0	0	0	0	0	0	0	0	0	0	0	0	0	0	0	0	0	2.29299947261012e-05	0	0	0	0	0	0	0	0
k__Bacteria|p__Bacillota|c__Clostridia|o__Oscillospirales|f__Ruminococcaceae|g__Acutalibacter	0	0	0	0	0	0	0	0	0	0	0	0	0	0	0	0	0	0	0	0	0	0	0	0	0	0	4.58599894522024e-05	0	0	0	0	0	0	0	0	0
k__Bacteria|p__Bacillota|c__Clostridia|o__Lachnospirales|f__Lachnospiraceae|g__Lachnospiraceae_UCG-010|s__unclassified_Lachnospiraceae_UCG-010	0	0	0	0	0	0	0	0	0	0	0	0	0	0	0	0	0	0	0	0	0	0	0	0	0	0	6.87899841783036e-05	0	0	0	0	0	0	0	0	0
k__Bacteria|p__Bacillota|c__Clostridia|o__Oscillospirales|f__Ruminococcaceae|g__Fournierella	0	0	0	0	0	0	0	0	0	0	0	0	0	0	0	0	0	0	0	0	0	0	0	0	0	0	4.58599894522024e-05	0	0	0	0	0	0	0	0	0
k__Bacteria|p__Bacillota|c__Bacilli|o__Acholeplasmatales|f__Acholeplasmataceae|g__Candidatus_Phytoplasma	0	0	0	0	0	0	0	0	0	0	0	0	0	0	0	0	0	0	0	0	0	0	4.58599894522024e-05	0	0	0	0	0	0	0	0	0	0	0	0	0
k__Bacteria|p__Bacillota|c__Clostridia|o__Oscillospirales|f__Ruminococcaceae|g__Anaerotruncus|s__Anaerotruncus_colihominis	0	0	0	0	0	0	0	0	0	0	0	0	0	0	0	0	0	0	0	0	0	0	0	0	0	4.58599894522024e-05	0	0	0	0	0	0	0	0	0	0
k__Bacteria|p__Bacillota|c__Clostridia|o__Clostridia_vadinBB60_group|f__unclassified_Clostridia_vadinBB60_group|g__unclassified_Clostridia_vadinBB60_group|s__unclassified_Clostridia_vadinBB60_group	0	0	0	0	0	0	0	0	0	0	0	0	0	0	0	0	0	0	0	0	0	0	0	0	0	2.29299947261012e-05	0	0	0	0	0	0	0	0	0	0
k__Bacteria|p__Bacteroidota|c__Bacteroidia	0	0	0	0	0	0	0	0	0	0	0	0	0	0	0	0	0	0	0	0	0	0	0	0	0	0	0	2.29299947261012e-05	0	0	0	0	0	0	0	0
k__Bacteria|p__Bacillota|c__Bacilli|o__Brevibacillales|f__Brevibacillaceae|g__Brevibacillus|s__Brevibacillus_levickii	0	0	0	0	0	0	0	0	0	0	0	0	0	0	0	0	0	0	0	0	0	0	0	0	0	4.58599894522024e-05	0	0	0	0	0	0	0	0	0	0
k__Bacteria|p__Chloroflexota|c__Anaerolineae|o__Anaerolineales|f__Anaerolineaceae|g__unclassified_Anaerolineaceae|s__unclassified_Anaerolineaceae	0	0	0	0	0	0	0	0	0	0	0	0	0	0	0	0	0	0	0	0	0	0	0	0	0	0	0	0	0	0	0	0	0	0	0	0
k__Bacteria|p__Bacillota|c__Bacilli|o__RF39|f__unclassified_RF39|g__unclassified_RF39|s__unclassified_RF39	0	0	2.29299947261012e-05	0	0	0	0	0	0	0	0	0	0	0	0	0	0	0	0	0	0	0	0	0	0	0	0	0	0	0	0	0	0	0	0	0
k__Bacteria|p__Pseudomonadota|c__Alphaproteobacteria|o__Hyphomicrobiales|f__Xanthobacteraceae	0	0	2.29299947261012e-05	0	0	0	0	0	0	0	0	0	0	0	0	0	0	0	0	0	0	0	0	0	0	0	0	0	0	0	0	0	0	0	0	0
k__Bacteria|p__Bacteroidota|c__Bacteroidia|o__Bacteroidales|f__Prevotellaceae	0	0	2.29299947261012e-05	0	0	0	0	0	0	0	0	0	0	0	0	0	0	0	0	0	0	0	0	0	0	0	0	0	0	0	0	0	0	0	0	0
k__Bacteria|p__Pseudomonadota|c__Gammaproteobacteria|o__Burkholderiales|f__Comamonadaceae	0	0	2.29299947261012e-05	0	0	0	0	0	0	0	0	0	0	0	0	0	0	0	0	0	0	0	0	0	0	0	0	0	0	0	0	0	0	0	0	0
k__Bacteria|p__Actinomycetota|c__Coriobacteriia|o__Coriobacteriales|f__Eggerthellaceae|g__unclassified_Eggerthellaceae|s__unclassified_Eggerthellaceae	0	0	0	0	0	0	0	0	0	0	0	0	0	0	0	0	0	0	0	0	0	0	0	0	0	0	0	0	0	0	0	0	0	0	0	0
k__Bacteria|p__Bacillota|c__Clostridia|o__Lachnospirales|f__Lachnospiraceae	0	0	0	0	0	0	0	0	0	0	0	0	0	0	0	0	0	0	0	0	0	0	0	0	0	0	0	0	0	0	0	0	0	0	0	0
k__Bacteria|p__Bacillota|c__Clostridia|o__Lachnospirales|f__Lachnospiraceae|g__Butyribacter|s__unclassified_Butyribacter	0	0	0	0	0	0	0	0	0	0	0	2.29299947261012e-05	0	0	0	0	0	0	0	0	0	0	0	0	0	0	0	0	0	0	0	0	0	0	0	0
k__Bacteria|p__Bacillota|c__Clostridia|o__Lachnospirales|f__Lachnospiraceae	0	0	0	0	0	0	0	0	0	0	0	0	0	0	0	0	0	0	0	0	0	0	0	0	0	0	0	0	0	0	0	0	0	0	0	0
k__Bacteria|p__Patescibacteria	0	0	0	0	0	0	0	0	0	0	0	0	0	0	0	0	0	0	0	0	0	0	0	0	0	0	0	0	0	0	0	0	0	0	0	0
k__Bacteria|p__Bacteroidota|c__Bacteroidia|o__Bacteroidales|f__Porphyromonadaceae|g__Porphyromonas|s__Porphyromonas_gingivalis	0	0	0	0	0	0	0	0	0	0	0	2.29299947261012e-05	0	0	0	0	0	0	0	0	0	0	0	0	0	0	0	0	0	0	0	0	0	0	0	0
k__Bacteria|p__Bacillota|c__Clostridia|o__Lachnospirales|f__Lachnospiraceae	0	0	0	0	0	0	0	0	0	0	0	0	0	0	0	0	0	0	0	0	0	0	0	0	0	0	0	0	0	0	0	0	0	0	0	0
k__Bacteria|p__Pseudomonadota|c__Gammaproteobacteria|o__Burkholderiales|f__Burkholderiaceae|g__Burkholderia-Caballeronia-Paraburkholderia	0	0	0	0	0	0	2.29299947261012e-05	0	0	0	0	0	0	0	0	0	0	0	0	0	0	0	0	0	0	0	0	0	0	0	0	0	0	0	0	0
k__Bacteria|p__Planctomycetota|c__Planctomycetes	0	0	0	0	0	0	0	0	0	0	0	0	0	0	0	0	0	0	0	0	0	0	0	0	0	0	0	0	0	0	0	0	0	0	0	0
k__Bacteria|p__Myxococcota|c__Polyangiia|o__Polyangiales|f__Polyangiaceae|g__Pajaroellobacter	0	0	0	0	0	0	4.58599894522024e-05	0	0	0	0	0	0	0	0	0	0	0	0	0	0	0	0	0	0	0	0	0	0	0	0	0	0	0	0	0
k__Bacteria|p__Bacillota|c__Clostridia|o__Clostridia_vadinBB60_group|f__unclassified_Clostridia_vadinBB60_group|g__unclassified_Clostridia_vadinBB60_group|s__unclassified_Clostridia_vadinBB60_group	0	0	2.29299947261012e-05	0	0	0	0	0	0	0	0	0	0	0	0	0	0	0	0	0	0	0	0	0	0	0	0	0	0	0	0	0	0	0	0	0
k__Bacteria|p__Actinomycetota|c__Actinobacteria|o__Frankiales|f__Geodermatophilaceae|g__Blastococcus	0	0	0	0	0	0	0	0	0	0	0	0	0	0	0	0	0	0	0	0	0	0	0	0	0	0	0	0	0	0	0	0	0	0	0	0
k__Bacteria|p__Acidobacteriota|c__Acidobacteriae|o__Subgroup_13|f__unclassified_Subgroup_13|g__unclassified_Subgroup_13|s__unclassified_Subgroup_13	0	0	0	0	0	0	0	0	0	0	0	0	0	0	0	0	0	0	0	0	0	0	0	0	0	0	0	0	0	0	0	0	0	0	0	0
k__Bacteria|p__Pseudomonadota|c__Gammaproteobacteria|o__Burkholderiales|f__Burkholderiaceae|g__Burkholderia-Caballeronia-Paraburkholderia	0	0	0	0	0	0	0	0	0	0	0	0	0	2.29299947261012e-05	0	0	0	0	0	0	0	0	0	0	0	0	0	0	0	0	0	0	0	0	0	0
k__Bacteria|p__Bacillota|c__Clostridia|o__Lachnospirales|f__Lachnospiraceae	0	0	0	0	0	0	0	0	0	0	0	0	0	0	0	0	0	0	0	0	0	0	0	0	0	0	0	0	2.29299947261012e-05	0	0	0	0	0	0	0
k__Bacteria|p__Bacillota|c__Clostridia|o__Clostridia_UCG-014|f__unclassified_Clostridia_UCG-014|g__unclassified_Clostridia_UCG-014|s__unclassified_Clostridia_UCG-014	0	0	0	0	0	0	0	0	0	0	0	0	0	0	0	0	2.29299947261012e-05	0	0	0	0	0	0	0	0	0	0	0	0	0	0	0	0	0	0	0
k__Bacteria|p__Bacillota|c__Clostridia|o__Clostridia_vadinBB60_group|f__unclassified_Clostridia_vadinBB60_group|g__unclassified_Clostridia_vadinBB60_group|s__unclassified_Clostridia_vadinBB60_group	0	0	0	0	0	0	0	0	0	0	0	0	0	0	0	0	0	0	0	0	0	0	0	0	0	0	0	0	0	0	0	0	0	0	0	0
k__Bacteria|p__Actinomycetota|c__Actinobacteria|o__Micromonosporales|f__Micromonosporaceae	0	0	0	0	0	0	0	0	0	0	0	0	0	0	0	0	0	0	0	0	0	0	0	0	0	0	0	0	0	0	0	0	0	0	0	0
k__Bacteria	0	0	0	0	0	0	0	0	0	0	0	0	0	0	0	0	0	0	0	0	0	0	0	0	0	0	0	0	0	0	0	0	0	0	0	0
k__Bacteria|p__Bacillota|c__Clostridia|o__Oscillospirales|f__Ruminococcaceae|g__Candidatus_Soleaferrea|s__Ruminococcaceae_bacterium_GD6	0	0	0	0	0	0	0	0	0	0	0	0	0	0	0	0	0	0	0	0	0	0	0	0	0	0	0	0	0	0	0	0	0	0	0	0
k__Bacteria|p__Pseudomonadota|c__Gammaproteobacteria|o__Cardiobacteriales|f__Wohlfahrtiimonadaceae	0	0	0	0	0	0	0	0	0	0	0	0	0	2.29299947261012e-05	0	0	0	0	0	0	0	0	0	0	0	0	0	0	0	0	0	0	0	0	0	0
k__Bacteria|p__Actinomycetota|c__Coriobacteriia|o__Coriobacteriales|f__Eggerthellaceae|g__Adlercreutzia|s__unclassified_Adlercreutzia	0	0	0	4.58599894522024e-05	0	0	0	0	0	0	0	0	0	0	0	0	0	0	0	0	0	0	0	0	0	0	0	0	0	0	0	0	0	0	0	0
k__Bacteria|p__Actinomycetota|c__Coriobacteriia|o__Coriobacteriales|f__Eggerthellaceae	0	0	0	0	0	0	0	0	0	0	0	0	0	0	0	0	0	0	0	0	0	0	0	0	0	0	0	0	0	0	0	0	0	0	0	0
k__Bacteria|p__Bacillota|c__Bacilli|o__Lactobacillales	0	0	0	0	2.29299947261012e-05	0	0	0	0	0	0	0	0	0	0	0	0	0	0	0	0	0	0	0	0	0	0	0	0	0	0	0	0	0	0	0
k__Bacteria|p__Bacillota|c__Clostridia|o__Lachnospirales|f__Lachnospiraceae|g__Lachnoclostridium	0	0	0	0	2.29299947261012e-05	0	0	0	0	0	0	0	0	0	0	0	0	0	0	0	0	0	0	0	0	0	0	0	0	0	0	0	0	0	0	0
k__Bacteria|p__Bacillota|c__Clostridia|o__Christensenellales|f__Christensenellaceae|g__Christensenella	0	0	0	0	0	0	0	0	0	0	0	0	0	0	0	0	0	0	0	0	0	0	0	0	0	0	0	0	0	0	0	0	0	0	0	0
k__Bacteria|p__Bacillota|c__Clostridia|o__Clostridia_vadinBB60_group|f__unclassified_Clostridia_vadinBB60_group|g__unclassified_Clostridia_vadinBB60_group|s__unclassified_Clostridia_vadinBB60_group	0	0	0	0	2.29299947261012e-05	0	0	0	0	0	0	0	0	0	0	0	0	0	0	0	0	0	0	0	0	0	0	0	0	0	0	0	0	0	0	0
k__Bacteria|p__Bacillota|c__Clostridia|o__Lachnospirales|f__Lachnospiraceae	0	0	0	0	0	0	0	0	0	0	0	0	0	0	0	0	0	0	0	0	0	0	0	0	0	0	0	0	0	0	0	0	0	0	0	0
k__Bacteria|p__Bacteroidota|c__Bacteroidia|o__Bacteroidales|f__Muribaculaceae|g__unclassified_Muribaculaceae|s__unclassified_Muribaculaceae	0	0	0	0	0	0	0	0	0	0	0	0	0	0	0	0	0	0	0	0	0	0	0	0	0	0	0	0	0	4.58599894522024e-05	0	0	0	0	0	0
k__Bacteria|p__Bacteroidota|c__Bacteroidia|o__Bacteroidales|f__Muribaculaceae|g__unclassified_Muribaculaceae|s__unclassified_Muribaculaceae	0	0	0	0	0	0	0	0	0	0	0	0	0	0	0	0	0	0	0	0	0	0	0	0	0	0	0	0	0	0	0	0	0	2.29299947261012e-05	0	0
k__Bacteria|p__Bacillota|c__Bacilli|o__Lactobacillales|f__Carnobacteriaceae|g__Atopostipes|s__unclassified_Atopostipes	0	0	0	0	0	0	0	0	0	0	0	0	0	0	0	0	0	0	0	0	0	0	0	0	0	0	0	4.58599894522024e-05	0	0	0	0	0	0	0	0
k__Bacteria|p__Bacillota|c__Clostridia|o__Lachnospirales|f__Lachnospiraceae	0	0	0	0	0	0	0	0	0	0	0	0	0	0	0	0	0	0	0	0	0	0	0	0	0	0	0	0	0	0	6.87899841783036e-05	0	0	0	0	0
k__Bacteria|p__Planctomycetota|c__Planctomycetes|o__Gemmatales|f__Gemmataceae|g__unclassified_Gemmataceae|s__unclassified_Gemmataceae	0	0	0	0	0	0	0	0	0	0	0	0	0	0	0	0	0	0	0	0	0	0	0	0	0	0	0	0	0	0	0	0	0	0	2.29299947261012e-05	0
k__Bacteria|p__Bacillota|c__Clostridia|o__Lachnospirales|f__Defluviitaleaceae|g__Defluviitaleaceae_UCG-011|s__unclassified_Defluviitaleaceae_UCG-011	0	0	0	0	0	0	0	0	0	0	0	0	0	0	0	0	0	0	0	0	0	0	0	0	0	0	0	0	0	0	0	0	0	0	0	0
k__Bacteria|p__Pseudomonadota|c__Alphaproteobacteria|o__Rhodobacterales|f__Paracoccaceae	0	0	0	0	0	0	0	0	0	0	0	0	0	0	0	0	0	0	0	0	0	0	0	0	0	0	0	0	0	0	0	0	0	4.58599894522024e-05	0	0
k__Bacteria|p__Actinomycetota|c__Coriobacteriia|o__Coriobacteriales|f__Eggerthellaceae|g__Berryella|s__unclassified_Berryella	0	0	0	0	0	0	0	0	0	0	0	0	0	0	0	0	0	0	0	0	0	0	0	0	0	0	0	0	0	0	0	2.29299947261012e-05	0	0	0	0
k__Bacteria|p__Bacillota|c__Clostridia	0	0	0	0	0	0	0	0	0	0	0	0	0	0	0	0	0	0	0	0	0	0	0	0	0	0	0	0	0	0	0	4.58599894522024e-05	0	0	0	0
k__Bacteria|p__Bacillota|c__Clostridia|o__Lachnospirales|f__Lachnospiraceae	0	0	0	0	0	0	0	0	0	0	0	0	0	0	0	0	0	0	0	0	0	0	0	0	0	0	0	0	0	0	0	0	0	0	0	0
k__Bacteria|p__Bacillota|c__Bacilli|o__Bacillales|f__Bacillaceae	0	0	0	0	0	0	0	0	0	0	0	0	0	0	0	0	0	0	0	0	0	0	0	0	0	0	0	0	0	0	2.29299947261012e-05	0	0	0	0	0
k__Bacteria|p__Bacillota|c__Clostridia|o__Clostridia_vadinBB60_group|f__unclassified_Clostridia_vadinBB60_group|g__unclassified_Clostridia_vadinBB60_group|s__unclassified_Clostridia_vadinBB60_group	0	0	0	0	0	0	0	0	0	0	0	0	0	0	0	0	0	0	0	0	0	4.58599894522024e-05	0	0	0	0	0	0	0	0	0	0	0	0	0	0
k__Bacteria|p__Pseudomonadota|c__Alphaproteobacteria|o__Rhodospirillales|f__unclassified_Rhodospirillales|g__unclassified_Rhodospirillales	0	0	0	0	0	0	0	0	0	0	0	0	0	0	0	0	0	0	0	0	0	0	0	0	0	0	0	0	0	0	0	0	0	0	0	0
k__Bacteria|p__Bacillota|c__Clostridia|o__Clostridia_UCG-014|f__unclassified_Clostridia_UCG-014|g__unclassified_Clostridia_UCG-014|s__unclassified_Clostridia_UCG-014	0	0	0	0	0	0	0	0	0	0	0	0	0	0	0	0	0	0	0	0	0	0	0	0	0	0	0	0	0	0	4.58599894522024e-05	0	0	0	0	0
k__Bacteria	0	0	0	0	0	0	0	0	0	0	0	0	0	0	0	0	0	0	0	0	0	0	0	0	0	0	0	0	0	0	2.29299947261012e-05	0	0	0	0	0
k__Bacteria|p__Pseudomonadota|c__Alphaproteobacteria|o__Caulobacterales|f__Caulobacteraceae|g__Brevundimonas	0	0	0	0	0	0	0	0	0	0	0	0	0	0	0	0	0	0	0	0	0	0	0	0	0	0	0	0	0	0	4.58599894522024e-05	0	0	0	0	0
k__Bacteria|p__Bacteroidota|c__Bacteroidia|o__Bacteroidales|f__Muribaculaceae|g__unclassified_Muribaculaceae|s__unclassified_Muribaculaceae	0	0	0	0	0	0	0	0	0	0	0	0	0	0	0	0	0	0	0	0	0	0	0	0	0	0	0	0	0	0	0	0	0	0	0	2.29299947261012e-05
k__Bacteria|p__Bacillota|c__Clostridia|o__Lachnospirales|f__Lachnospiraceae	0	0	0	0	0	0	0	0	0	0	0	0	0	0	0	0	0	0	0	0	0	0	0	0	0	0	0	0	0	0	0	0	0	0	0	2.29299947261012e-05
k__Bacteria|p__Pseudomonadota|c__Alphaproteobacteria|o__Hyphomicrobiales|f__Xanthobacteraceae|g__Bradyrhizobium	0	0	0	0	0	0	0	0	0	0	0	0	0	0	0	0	0	0	0	0	0	2.29299947261012e-05	0	0	0	0	0	0	0	0	0	0	0	0	0	0
k__Bacteria|p__Bacillota|c__Clostridia|o__Lachnospirales|f__Lachnospiraceae	0	0	0	0	0	0	0	0	0	0	0	0	0	0	0	0	0	0	0	0	0	2.29299947261012e-05	0	0	0	0	0	0	0	0	0	0	0	0	0	0
k__Bacteria|p__Bacteroidota|c__Bacteroidia|o__Bacteroidales|f__Prevotellaceae|g__Paraprevotella|s__Paraprevotella_clara	0	0	0	0	0	0	0	0	0	0	0	0	0	0	0	0	0	0	0	0	0	0	0	0	0	0	0	2.29299947261012e-05	0	0	0	0	0	0	0	0
k__Bacteria|p__Pseudomonadota|c__Alphaproteobacteria|o__Hyphomicrobiales|f__Xanthobacteraceae|g__Bradyrhizobium	0	0	0	0	0	0	0	0	0	0	0	0	0	0	0	0	0	0	0	0	0	0	0	0	0	2.29299947261012e-05	0	0	0	0	0	0	0	0	0	0
k__Bacteria|p__Bacillota|c__Clostridia|o__Oscillospirales|f__Ruminococcaceae|g__Harryflintia|s__unclassified_Harryflintia	0	0	0	0	0	0	0	0	0	0	0	0	0	0	0	0	0	0	0	0	0	0	0	0	0	0	4.58599894522024e-05	0	0	0	0	0	0	0	0	0
k__Bacteria|p__Chloroflexota|c__KD4-96|o__unclassified_KD4-96|f__unclassified_KD4-96|g__unclassified_KD4-96|s__unclassified_KD4-96	0	0	0	0	0	0	0	0	0	0	0	0	0	0	0	0	0	0	0	0	0	0	0	0	0	0	2.29299947261012e-05	0	0	0	0	0	0	0	0	0
k__Bacteria|p__Bacillota|c__Clostridia|o__Oscillospirales|f__Ruminococcaceae|g__[Eubacterium]_siraeum_group|s__unclassified_[Eubacterium]_siraeum_group	0	0	0	0	0	0	0	0	0	0	0	0	0	0	0	0	0	0	0	0	0	0	0	0	0	2.29299947261012e-05	0	0	0	0	0	0	0	0	0	0
k__Bacteria|p__Bacillota|c__Negativicutes|o__Acidaminococcales|f__Acidaminococcaceae|g__Phascolarctobacterium|s__Ruminococcus_sp._N15.MGS-57	0	0	0	0	0	0	0	0	0	0	0	0	0	0	0	0	0	0	0	0	0	0	0	0	0	2.29299947261012e-05	0	0	0	0	0	0	0	0	0	0
k__Bacteria|p__Bacillota|c__Bacilli|o__Alicyclobacillales|f__Alicyclobacillaceae|g__Alicyclobacillus	0	0	0	0	0	0	0	0	0	0	0	0	0	0	0	0	0	0	0	0	0	0	0	0	0	2.29299947261012e-05	0	0	0	0	0	0	0	0	0	0
k__Bacteria|p__Bacillota|c__Clostridia|o__Clostridia_vadinBB60_group|f__unclassified_Clostridia_vadinBB60_group|g__unclassified_Clostridia_vadinBB60_group|s__unclassified_Clostridia_vadinBB60_group	0	0	0	0	0	0	0	0	0	0	0	0	0	0	0	0	0	0	0	0	0	0	0	0	0	2.29299947261012e-05	0	0	0	0	0	0	0	0	0	0
k__Bacteria|p__Actinomycetota|c__Coriobacteriia|o__Coriobacteriales|f__Atopobiaceae|g__Coriobacteriaceae_UCG-002|s__unclassified_Coriobacteriaceae_UCG-002	0	0	0	0	0	0	0	0	0	0	0	0	0	0	0	0	0	0	0	0	0	0	0	0	2.29299947261012e-05	0	0	0	0	0	0	0	0	0	0	0
k__Bacteria|p__Bacillota|c__Clostridia|o__Oscillospirales|f__Oscillospiraceae	0	0	0	0	0	0	0	0	0	0	0	0	0	0	0	0	0	0	0	0	0	0	2.29299947261012e-05	0	0	0	0	0	0	0	0	0	0	0	0	0
k__Bacteria|p__Actinomycetota|c__Actinobacteria|o__Micromonosporales|f__Micromonosporaceae|g__Micromonospora	0	0	0	0	0	0	0	0	0	0	0	0	0	0	0	0	0	0	0	0	0	0	0	0	2.29299947261012e-05	0	0	0	0	0	0	0	0	0	0	0
k__Bacteria|p__Bacillota|c__Clostridia|o__Lachnospirales|f__Lachnospiraceae	0	0	0	0	0	0	0	0	0	0	0	0	0	0	0	0	0	0	0	0	0	0	0	0	0	0	0	0	0	0	0	0	0	0	0	0
k__Bacteria|p__Bacillota|c__Clostridia|o__Clostridia_vadinBB60_group|f__unclassified_Clostridia_vadinBB60_group|g__unclassified_Clostridia_vadinBB60_group|s__unclassified_Clostridia_vadinBB60_group	0	0	0	0	0	0	0	0	0	0	0	0	0	0	0	0	0	0	0	0	0	0	0	2.29299947261012e-05	0	0	0	0	0	0	0	0	0	0	0	0
k__Bacteria|p__Bacillota|c__Clostridia|o__Lachnospirales|f__Lachnospiraceae	0	0	0	0	0	0	0	0	0	0	0	0	0	0	0	0	0	0	0	0	0	0	0	2.29299947261012e-05	0	0	0	0	0	0	0	0	0	0	0	0
k__Bacteria|p__Actinomycetota|c__Acidimicrobiia|o__Acidimicrobiales|f__Acidimicrobiaceae|g__Acidiferrimicrobium|s__unclassified_Acidiferrimicrobium	0	0	0	0	0	0	0	0	0	0	0	0	0	0	0	0	0	0	0	0	0	0	0	2.29299947261012e-05	0	0	0	0	0	0	0	0	0	0	0	0
k__Bacteria|p__Actinomycetota|c__Actinobacteria|o__Mycobacteriales|f__Corynebacteriaceae|g__Corynebacterium	0	0	0	0	0	0	0	0	0	0	0	0	0	0	0	0	0	0	0	0	0	0	0	2.29299947261012e-05	0	0	0	0	0	0	0	0	0	0	0	0
k__Bacteria|p__Bacillota|c__Clostridia|o__Oscillospirales	0	0	0	0	0	0	0	0	0	0	0	0	0	0	0	0	0	0	0	0	4.58599894522024e-05	0	0	0	0	0	0	0	0	0	0	0	0	0	0	0
